fit_session,model,head,column,coefficient,exact_zero,nonzero_but_rounds_to_6dp_zero
2020-09-11,M1,mu5,A01,0.006651555536253522,False,False
2020-09-11,M1,mu5,A02,0.004138830922161061,False,False
2020-09-11,M1,mu5,A03,0.010679378076802032,False,False
2020-09-11,M1,mu5,A04,-0.002051347293665872,False,False
2020-09-11,M1,mu5,A05,-0.002181060385561618,False,False
2020-09-11,M1,mu5,B01,0.0017364913984890303,False,False
2020-09-11,M1,mu5,B02,-0.002000142410365673,False,False
2020-09-11,M1,mu5,B03,-0.007840663626678622,False,False
2020-09-11,M1,mu5,C01,0.001147162288899297,False,False
2020-09-11,M1,mu5,C02,-0.0003156899912257578,False,False
2020-09-11,M1,mu5,C03,0.0007379233936255537,False,False
2020-09-11,M1,mu5,D01,0.0005881644113796866,False,False
2020-09-11,M1,mu5,D02,0.00450374138036851,False,False
2020-09-11,M1,mu5,D03,0.00444379291456379,False,False
2020-09-11,M1,mu5,E01,-0.007258479119980601,False,False
2020-09-11,M1,mu5,F01,-0.0031132928055247764,False,False
2020-09-11,M1,mu5,F02,-0.0005170882060071912,False,False
2020-09-11,M1,mu5,F03,0.0023780378508006213,False,False
2020-09-11,M1,mu5,F04,0.0014800561079602594,False,False
2020-09-11,M1,q90,A01,0.0,True,False
2020-09-11,M1,q90,A02,-0.005581388442491447,False,False
2020-09-11,M1,q90,A03,0.0,True,False
2020-09-11,M1,q90,A04,0.019312932400994968,False,False
2020-09-11,M1,q90,A05,0.0,True,False
2020-09-11,M1,q90,B01,0.0,True,False
2020-09-11,M1,q90,B02,0.0,True,False
2020-09-11,M1,q90,B03,0.047345052636784055,False,False
2020-09-11,M1,q90,C01,0.0,True,False
2020-09-11,M1,q90,C02,0.0,True,False
2020-09-11,M1,q90,C03,0.0,True,False
2020-09-11,M1,q90,D01,0.004398605525770166,False,False
2020-09-11,M1,q90,D02,0.0,True,False
2020-09-11,M1,q90,D03,-0.019605050623479947,False,False
2020-09-11,M1,q90,E01,0.01530667030710488,False,False
2020-09-11,M1,q90,F01,0.015170991450415427,False,False
2020-09-11,M1,q90,F02,0.0,True,False
2020-09-11,M1,q90,F03,0.0,True,False
2020-09-11,M1,q90,F04,0.0,True,False
2020-09-11,M1,p10,A01,-0.2368075768209082,False,False
2020-09-11,M1,p10,A02,-0.17430702903310108,False,False
2020-09-11,M1,p10,A03,-0.4345374423908218,False,False
2020-09-11,M1,p10,A04,0.16602029197196164,False,False
2020-09-11,M1,p10,A05,0.01739244180864909,False,False
2020-09-11,M1,p10,B01,0.10171785982407092,False,False
2020-09-11,M1,p10,B02,0.13517728129448978,False,False
2020-09-11,M1,p10,B03,0.39636813234082613,False,False
2020-09-11,M1,p10,C01,-0.03195395936217386,False,False
2020-09-11,M1,p10,C02,0.09474147803985969,False,False
2020-09-11,M1,p10,C03,0.09117061242915077,False,False
2020-09-11,M1,p10,D01,0.005813054406604059,False,False
2020-09-11,M1,p10,D02,-0.14249851375511255,False,False
2020-09-11,M1,p10,D03,-0.26881750942482235,False,False
2020-09-11,M1,p10,E01,0.3467657721688109,False,False
2020-09-11,M1,p10,F01,0.3340889909698329,False,False
2020-09-11,M1,p10,F02,0.11669448802761123,False,False
2020-09-11,M1,p10,F03,-0.1352527683773637,False,False
2020-09-11,M1,p10,F04,-0.018964849191447468,False,False
2020-09-11,M2,mu5,A01_spline_0,-0.01886269438196679,False,False
2020-09-11,M2,mu5,A01_spline_1,0.0016276142628404234,False,False
2020-09-11,M2,mu5,A01_spline_2,-0.0014835690097986763,False,False
2020-09-11,M2,mu5,A02_spline_0,-0.0004696847093818119,False,False
2020-09-11,M2,mu5,A02_spline_1,0.0011692386155653374,False,False
2020-09-11,M2,mu5,A02_spline_2,0.00906419842735999,False,False
2020-09-11,M2,mu5,A03_spline_0,-0.010504376171723298,False,False
2020-09-11,M2,mu5,A03_spline_1,0.0011159208610402136,False,False
2020-09-11,M2,mu5,A03_spline_2,0.0052868386916477186,False,False
2020-09-11,M2,mu5,A04_spline_0,0.003283056133751277,False,False
2020-09-11,M2,mu5,A04_spline_1,0.0011538783408797054,False,False
2020-09-11,M2,mu5,A04_spline_2,-0.0003988847064003507,False,False
2020-09-11,M2,mu5,A05_spline_0,-0.00028473725857932806,False,False
2020-09-11,M2,mu5,A05_spline_1,0.0027124404823969345,False,False
2020-09-11,M2,mu5,A05_spline_2,-0.003327079347411589,False,False
2020-09-11,M2,mu5,B01_spline_0,-0.004176360490573668,False,False
2020-09-11,M2,mu5,B01_spline_1,-0.001279975478540525,False,False
2020-09-11,M2,mu5,B01_spline_2,-0.0003101189788236713,False,False
2020-09-11,M2,mu5,B02_spline_0,0.0006575535036610555,False,False
2020-09-11,M2,mu5,B02_spline_1,0.0039774590509061595,False,False
2020-09-11,M2,mu5,B02_spline_2,0.0012861071893231798,False,False
2020-09-11,M2,mu5,B03_spline_0,0.005470036231893441,False,False
2020-09-11,M2,mu5,B03_spline_1,0.0023096405394920565,False,False
2020-09-11,M2,mu5,B03_spline_2,0.0007667679282248319,False,False
2020-09-11,M2,mu5,C01_spline_0,0.0005855972397181094,False,False
2020-09-11,M2,mu5,C01_spline_1,-0.004851526726730693,False,False
2020-09-11,M2,mu5,C01_spline_2,-0.00195361953816028,False,False
2020-09-11,M2,mu5,C02_spline_0,0.004379974662434189,False,False
2020-09-11,M2,mu5,C02_spline_1,-0.00026226850945289953,False,False
2020-09-11,M2,mu5,C02_spline_2,-0.0061434327152080186,False,False
2020-09-11,M2,mu5,C03_spline_0,-0.005675618222587181,False,False
2020-09-11,M2,mu5,C03_spline_1,-0.0028254972896766713,False,False
2020-09-11,M2,mu5,C03_spline_2,0.0050506511945973805,False,False
2020-09-11,M2,mu5,D01_spline_0,-0.0045145324470726965,False,False
2020-09-11,M2,mu5,D01_spline_1,0.003900738075838785,False,False
2020-09-11,M2,mu5,D01_spline_2,-0.006991978990600743,False,False
2020-09-11,M2,mu5,D02_spline_0,0.000328255484805336,False,False
2020-09-11,M2,mu5,D02_spline_1,-0.00435792613570344,False,False
2020-09-11,M2,mu5,D02_spline_2,-0.0006483581666381437,False,False
2020-09-11,M2,mu5,D03_spline_0,-0.0010977346427917013,False,False
2020-09-11,M2,mu5,D03_spline_1,-0.002157459920664911,False,False
2020-09-11,M2,mu5,D03_spline_2,0.001320894865088157,False,False
2020-09-11,M2,mu5,E01_spline_0,0.00027803424986713255,False,False
2020-09-11,M2,mu5,E01_spline_1,0.008231721333850896,False,False
2020-09-11,M2,mu5,E01_spline_2,-0.00503697295247881,False,False
2020-09-11,M2,mu5,F01_spline_0,-3.886777382656288e-05,False,False
2020-09-11,M2,mu5,F01_spline_1,0.0045038828015445485,False,False
2020-09-11,M2,mu5,F01_spline_2,-0.0033185564785095357,False,False
2020-09-11,M2,mu5,F02_spline_0,0.00582597631418596,False,False
2020-09-11,M2,mu5,F02_spline_1,0.000149672449708381,False,False
2020-09-11,M2,mu5,F02_spline_2,0.00395828907588273,False,False
2020-09-11,M2,mu5,F03_spline_0,7.07119525674752e-05,False,False
2020-09-11,M2,mu5,F03_spline_1,-0.0020353829546470997,False,False
2020-09-11,M2,mu5,F03_spline_2,0.0018822894877301003,False,False
2020-09-11,M2,mu5,F04_spline_0,-0.003597876728120973,False,False
2020-09-11,M2,mu5,F04_spline_1,0.0026673972965093155,False,False
2020-09-11,M2,mu5,F04_spline_2,-0.005811829135400593,False,False
2020-09-11,M2,mu5,I01,-0.0020938364817966884,False,False
2020-09-11,M2,mu5,I02,0.0018298775264035086,False,False
2020-09-11,M2,mu5,I03,0.006202839173192969,False,False
2020-09-11,M2,mu5,I04,-0.003800471614791142,False,False
2020-09-11,M2,mu5,I05,-0.007240632490286567,False,False
2020-09-11,M2,mu5,I06,-0.00668799720060591,False,False
2020-09-11,M2,q90,A01_spline_0,0.03888678018540167,False,False
2020-09-11,M2,q90,A01_spline_1,0.0,True,False
2020-09-11,M2,q90,A01_spline_2,0.0,True,False
2020-09-11,M2,q90,A02_spline_0,0.0,True,False
2020-09-11,M2,q90,A02_spline_1,0.0,True,False
2020-09-11,M2,q90,A02_spline_2,-0.010244985292082742,False,False
2020-09-11,M2,q90,A03_spline_0,0.011292112495984333,False,False
2020-09-11,M2,q90,A03_spline_1,0.0,True,False
2020-09-11,M2,q90,A03_spline_2,-0.0029390682878219004,False,False
2020-09-11,M2,q90,A04_spline_0,0.0,True,False
2020-09-11,M2,q90,A04_spline_1,0.0,True,False
2020-09-11,M2,q90,A04_spline_2,0.0,True,False
2020-09-11,M2,q90,A05_spline_0,-0.001763743214874062,False,False
2020-09-11,M2,q90,A05_spline_1,0.0,True,False
2020-09-11,M2,q90,A05_spline_2,0.0027303401636928682,False,False
2020-09-11,M2,q90,B01_spline_0,0.006733469830797472,False,False
2020-09-11,M2,q90,B01_spline_1,0.0,True,False
2020-09-11,M2,q90,B01_spline_2,0.0,True,False
2020-09-11,M2,q90,B02_spline_0,-0.00028951533289720054,False,False
2020-09-11,M2,q90,B02_spline_1,-0.006021689325329588,False,False
2020-09-11,M2,q90,B02_spline_2,0.0,True,False
2020-09-11,M2,q90,B03_spline_0,-0.009995636675915767,False,False
2020-09-11,M2,q90,B03_spline_1,0.0,True,False
2020-09-11,M2,q90,B03_spline_2,0.0,True,False
2020-09-11,M2,q90,C01_spline_0,-0.00925016091270642,False,False
2020-09-11,M2,q90,C01_spline_1,0.0,True,False
2020-09-11,M2,q90,C01_spline_2,0.0,True,False
2020-09-11,M2,q90,C02_spline_0,-0.001441127300096519,False,False
2020-09-11,M2,q90,C02_spline_1,0.0,True,False
2020-09-11,M2,q90,C02_spline_2,0.008534598216901196,False,False
2020-09-11,M2,q90,C03_spline_0,0.0,True,False
2020-09-11,M2,q90,C03_spline_1,0.0,True,False
2020-09-11,M2,q90,C03_spline_2,0.0,True,False
2020-09-11,M2,q90,D01_spline_0,0.0,True,False
2020-09-11,M2,q90,D01_spline_1,0.0,True,False
2020-09-11,M2,q90,D01_spline_2,0.009544774029946572,False,False
2020-09-11,M2,q90,D02_spline_0,0.0,True,False
2020-09-11,M2,q90,D02_spline_1,0.0,True,False
2020-09-11,M2,q90,D02_spline_2,0.0,True,False
2020-09-11,M2,q90,D03_spline_0,0.003934109201013017,False,False
2020-09-11,M2,q90,D03_spline_1,0.0,True,False
2020-09-11,M2,q90,D03_spline_2,0.0,True,False
2020-09-11,M2,q90,E01_spline_0,-0.0012624869207351547,False,False
2020-09-11,M2,q90,E01_spline_1,0.0,True,False
2020-09-11,M2,q90,E01_spline_2,0.012284333188314466,False,False
2020-09-11,M2,q90,F01_spline_0,-0.003906805328406928,False,False
2020-09-11,M2,q90,F01_spline_1,-0.0031107678549451116,False,False
2020-09-11,M2,q90,F01_spline_2,0.015739935190736475,False,False
2020-09-11,M2,q90,F02_spline_0,-0.0035055617996227312,False,False
2020-09-11,M2,q90,F02_spline_1,0.0,True,False
2020-09-11,M2,q90,F02_spline_2,0.0,True,False
2020-09-11,M2,q90,F03_spline_0,0.0,True,False
2020-09-11,M2,q90,F03_spline_1,0.0,True,False
2020-09-11,M2,q90,F03_spline_2,0.0,True,False
2020-09-11,M2,q90,F04_spline_0,0.010080962582148604,False,False
2020-09-11,M2,q90,F04_spline_1,0.0,True,False
2020-09-11,M2,q90,F04_spline_2,0.0007784841422868188,False,False
2020-09-11,M2,q90,I01,0.0,True,False
2020-09-11,M2,q90,I02,0.0,True,False
2020-09-11,M2,q90,I03,0.0,True,False
2020-09-11,M2,q90,I04,0.0,True,False
2020-09-11,M2,q90,I05,0.0,True,False
2020-09-11,M2,q90,I06,0.0,True,False
2020-09-11,M2,p10,A01_spline_0,0.4774165356343136,False,False
2020-09-11,M2,p10,A01_spline_1,-0.04881231917482913,False,False
2020-09-11,M2,p10,A01_spline_2,0.19918900374469523,False,False
2020-09-11,M2,p10,A02_spline_0,-0.07485228570690453,False,False
2020-09-11,M2,p10,A02_spline_1,0.09945058070910667,False,False
2020-09-11,M2,p10,A02_spline_2,-0.2715912953579857,False,False
2020-09-11,M2,p10,A03_spline_0,0.508487049731014,False,False
2020-09-11,M2,p10,A03_spline_1,0.04584287488581768,False,False
2020-09-11,M2,p10,A03_spline_2,-0.15184615408105503,False,False
2020-09-11,M2,p10,A04_spline_0,-0.10258711425492394,False,False
2020-09-11,M2,p10,A04_spline_1,-0.0793375252288325,False,False
2020-09-11,M2,p10,A04_spline_2,0.05291251278921511,False,False
2020-09-11,M2,p10,A05_spline_0,-0.13013616728356844,False,False
2020-09-11,M2,p10,A05_spline_1,0.005521339034388412,False,False
2020-09-11,M2,p10,A05_spline_2,0.2311119007320421,False,False
2020-09-11,M2,p10,B01_spline_0,0.06391771754264049,False,False
2020-09-11,M2,p10,B01_spline_1,-0.014414638879976032,False,False
2020-09-11,M2,p10,B01_spline_2,0.0715588305269453,False,False
2020-09-11,M2,p10,B02_spline_0,-0.2348307036970237,False,False
2020-09-11,M2,p10,B02_spline_1,0.013468944707207258,False,False
2020-09-11,M2,p10,B02_spline_2,-0.15815259120703024,False,False
2020-09-11,M2,p10,B03_spline_0,-0.372104336439132,False,False
2020-09-11,M2,p10,B03_spline_1,-0.1084903354105828,False,False
2020-09-11,M2,p10,B03_spline_2,0.09282209129328126,False,False
2020-09-11,M2,p10,C01_spline_0,-0.2820823375884151,False,False
2020-09-11,M2,p10,C01_spline_1,0.2202506733023485,False,False
2020-09-11,M2,p10,C01_spline_2,0.07900516155469331,False,False
2020-09-11,M2,p10,C02_spline_0,-0.4278722011689818,False,False
2020-09-11,M2,p10,C02_spline_1,-0.07203362315093513,False,False
2020-09-11,M2,p10,C02_spline_2,0.3588507076149497,False,False
2020-09-11,M2,p10,C03_spline_0,0.0799143715632915,False,False
2020-09-11,M2,p10,C03_spline_1,-0.00716026172289053,False,False
2020-09-11,M2,p10,C03_spline_2,-0.0918782572376195,False,False
2020-09-11,M2,p10,D01_spline_0,0.0002627260852404562,False,False
2020-09-11,M2,p10,D01_spline_1,-0.022407533288161214,False,False
2020-09-11,M2,p10,D01_spline_2,0.10887861654105968,False,False
2020-09-11,M2,p10,D02_spline_0,-0.048087264133652496,False,False
2020-09-11,M2,p10,D02_spline_1,0.11518127049753825,False,False
2020-09-11,M2,p10,D02_spline_2,0.020307186519039604,False,False
2020-09-11,M2,p10,D03_spline_0,0.04223688147421384,False,False
2020-09-11,M2,p10,D03_spline_1,0.14034137152516013,False,False
2020-09-11,M2,p10,D03_spline_2,-0.0660881922385173,False,False
2020-09-11,M2,p10,E01_spline_0,0.012240807549996192,False,False
2020-09-11,M2,p10,E01_spline_1,-0.20537763820306026,False,False
2020-09-11,M2,p10,E01_spline_2,0.15031129281625025,False,False
2020-09-11,M2,p10,F01_spline_0,0.01805496299493518,False,False
2020-09-11,M2,p10,F01_spline_1,-0.4613834351608133,False,False
2020-09-11,M2,p10,F01_spline_2,0.29945043871079746,False,False
2020-09-11,M2,p10,F02_spline_0,-0.2142079739837053,False,False
2020-09-11,M2,p10,F02_spline_1,-0.10930305323709168,False,False
2020-09-11,M2,p10,F02_spline_2,-0.13886355844649437,False,False
2020-09-11,M2,p10,F03_spline_0,0.07371275961219372,False,False
2020-09-11,M2,p10,F03_spline_1,0.04930786781037759,False,False
2020-09-11,M2,p10,F03_spline_2,-0.051112774824545765,False,False
2020-09-11,M2,p10,F04_spline_0,0.13785453864848127,False,False
2020-09-11,M2,p10,F04_spline_1,-0.16896004749967597,False,False
2020-09-11,M2,p10,F04_spline_2,0.2356867392813946,False,False
2020-09-11,M2,p10,I01,0.014107471929649605,False,False
2020-09-11,M2,p10,I02,0.12449972784966144,False,False
2020-09-11,M2,p10,I03,-0.23575142848054506,False,False
2020-09-11,M2,p10,I04,0.09258834624585931,False,False
2020-09-11,M2,p10,I05,0.14092417431461163,False,False
2020-09-11,M2,p10,I06,0.06907892191512033,False,False
2020-10-01,M1,mu5,A01,0.006858360468341297,False,False
2020-10-01,M1,mu5,A02,0.0011098568095025154,False,False
2020-10-01,M1,mu5,A03,0.010146458979191312,False,False
2020-10-01,M1,mu5,A04,-0.0012544137532453543,False,False
2020-10-01,M1,mu5,A05,-0.0020330420043172173,False,False
2020-10-01,M1,mu5,B01,0.002427926916309594,False,False
2020-10-01,M1,mu5,B02,-0.0023384198170897904,False,False
2020-10-01,M1,mu5,B03,-0.0069527654010841265,False,False
2020-10-01,M1,mu5,C01,0.0015429662679937938,False,False
2020-10-01,M1,mu5,C02,0.0005262404058631715,False,False
2020-10-01,M1,mu5,C03,0.0013997261152826263,False,False
2020-10-01,M1,mu5,D01,0.0007672899769684494,False,False
2020-10-01,M1,mu5,D02,0.004494584936296083,False,False
2020-10-01,M1,mu5,D03,0.004649836242453337,False,False
2020-10-01,M1,mu5,E01,-0.007562312912669494,False,False
2020-10-01,M1,mu5,F01,-0.0024866529991812007,False,False
2020-10-01,M1,mu5,F02,0.0005703612330252045,False,False
2020-10-01,M1,mu5,F03,0.0021104102826228852,False,False
2020-10-01,M1,mu5,F04,0.0012617746186206463,False,False
2020-10-01,M1,q90,A01,-0.004181196688318035,False,False
2020-10-01,M1,q90,A02,-0.0024216544340012877,False,False
2020-10-01,M1,q90,A03,0.0,True,False
2020-10-01,M1,q90,A04,0.01918086683100962,False,False
2020-10-01,M1,q90,A05,0.0,True,False
2020-10-01,M1,q90,B01,0.0,True,False
2020-10-01,M1,q90,B02,0.0,True,False
2020-10-01,M1,q90,B03,0.03694960951467256,False,False
2020-10-01,M1,q90,C01,0.0,True,False
2020-10-01,M1,q90,C02,0.0,True,False
2020-10-01,M1,q90,C03,0.0,True,False
2020-10-01,M1,q90,D01,0.0034754920914172103,False,False
2020-10-01,M1,q90,D02,0.0,True,False
2020-10-01,M1,q90,D03,-0.01657277203309528,False,False
2020-10-01,M1,q90,E01,0.01644815805522376,False,False
2020-10-01,M1,q90,F01,0.01568738903771969,False,False
2020-10-01,M1,q90,F02,-0.0017583229838528966,False,False
2020-10-01,M1,q90,F03,0.0,True,False
2020-10-01,M1,q90,F04,0.0,True,False
2020-10-01,M1,p10,A01,-0.23784793378182645,False,False
2020-10-01,M1,p10,A02,-0.09333941865182475,False,False
2020-10-01,M1,p10,A03,-0.4232275631693007,False,False
2020-10-01,M1,p10,A04,0.15862899971496275,False,False
2020-10-01,M1,p10,A05,0.010250316029631374,False,False
2020-10-01,M1,p10,B01,0.06940603015925068,False,False
2020-10-01,M1,p10,B02,0.1309225722578768,False,False
2020-10-01,M1,p10,B03,0.3927799268897979,False,False
2020-10-01,M1,p10,C01,-0.038493245769439695,False,False
2020-10-01,M1,p10,C02,0.10882589267937592,False,False
2020-10-01,M1,p10,C03,0.08158891925971172,False,False
2020-10-01,M1,p10,D01,0.003941852041457931,False,False
2020-10-01,M1,p10,D02,-0.1425096291242368,False,False
2020-10-01,M1,p10,D03,-0.3037927972242931,False,False
2020-10-01,M1,p10,E01,0.3406335602208302,False,False
2020-10-01,M1,p10,F01,0.33567683212514426,False,False
2020-10-01,M1,p10,F02,0.11767105953700943,False,False
2020-10-01,M1,p10,F03,-0.14072085804592227,False,False
2020-10-01,M1,p10,F04,0.00867620552000304,False,False
2020-10-01,M2,mu5,A01_spline_0,-0.018979488665805237,False,False
2020-10-01,M2,mu5,A01_spline_1,0.00025719085547798925,False,False
2020-10-01,M2,mu5,A01_spline_2,-3.680038071183795e-05,False,False
2020-10-01,M2,mu5,A02_spline_0,0.006166716402704815,False,False
2020-10-01,M2,mu5,A02_spline_1,-0.0009992088011020962,False,False
2020-10-01,M2,mu5,A02_spline_2,0.009142474903549308,False,False
2020-10-01,M2,mu5,A03_spline_0,-0.010883646273737347,False,False
2020-10-01,M2,mu5,A03_spline_1,0.00147034738657998,False,False
2020-10-01,M2,mu5,A03_spline_2,0.005304526912998634,False,False
2020-10-01,M2,mu5,A04_spline_0,0.0026781565194138987,False,False
2020-10-01,M2,mu5,A04_spline_1,0.001014715196329931,False,False
2020-10-01,M2,mu5,A04_spline_2,3.407830242725023e-05,False,False
2020-10-01,M2,mu5,A05_spline_0,-0.0013691474141498418,False,False
2020-10-01,M2,mu5,A05_spline_1,0.003851059892278045,False,False
2020-10-01,M2,mu5,A05_spline_2,-0.002958403975335751,False,False
2020-10-01,M2,mu5,B01_spline_0,-0.003648533223389563,False,False
2020-10-01,M2,mu5,B01_spline_1,-0.0013401672278068562,False,False
2020-10-01,M2,mu5,B01_spline_2,-0.0008444509022109015,False,False
2020-10-01,M2,mu5,B02_spline_0,0.0002988226377134292,False,False
2020-10-01,M2,mu5,B02_spline_1,0.004224060284147756,False,False
2020-10-01,M2,mu5,B02_spline_2,0.001286920730803875,False,False
2020-10-01,M2,mu5,B03_spline_0,0.004761457093248616,False,False
2020-10-01,M2,mu5,B03_spline_1,0.0022502180021614715,False,False
2020-10-01,M2,mu5,B03_spline_2,0.0013052378727459147,False,False
2020-10-01,M2,mu5,C01_spline_0,0.0016269836498236682,False,False
2020-10-01,M2,mu5,C01_spline_1,-0.006357026196175779,False,False
2020-10-01,M2,mu5,C01_spline_2,-0.001525364987068749,False,False
2020-10-01,M2,mu5,C02_spline_0,0.0019617518685674787,False,False
2020-10-01,M2,mu5,C02_spline_1,1.240969976607669e-05,False,False
2020-10-01,M2,mu5,C02_spline_2,-0.005917842815093895,False,False
2020-10-01,M2,mu5,C03_spline_0,-0.004493062381901861,False,False
2020-10-01,M2,mu5,C03_spline_1,-0.0035549515292039556,False,False
2020-10-01,M2,mu5,C03_spline_2,0.005368611005156554,False,False
2020-10-01,M2,mu5,D01_spline_0,-0.004843852264112984,False,False
2020-10-01,M2,mu5,D01_spline_1,0.002870975219908779,False,False
2020-10-01,M2,mu5,D01_spline_2,-0.005954016171827717,False,False
2020-10-01,M2,mu5,D02_spline_0,-0.00012431658356834227,False,False
2020-10-01,M2,mu5,D02_spline_1,-0.004280045855728451,False,False
2020-10-01,M2,mu5,D02_spline_2,-0.0007967628224364366,False,False
2020-10-01,M2,mu5,D03_spline_0,-0.0011064719368671064,False,False
2020-10-01,M2,mu5,D03_spline_1,-0.0022959848032415194,False,False
2020-10-01,M2,mu5,D03_spline_2,0.0016738256099771303,False,False
2020-10-01,M2,mu5,E01_spline_0,0.0003106874364577798,False,False
2020-10-01,M2,mu5,E01_spline_1,0.008055908791816528,False,False
2020-10-01,M2,mu5,E01_spline_2,-0.005348475003967262,False,False
2020-10-01,M2,mu5,F01_spline_0,0.00014800221212869996,False,False
2020-10-01,M2,mu5,F01_spline_1,0.0045200097510059815,False,False
2020-10-01,M2,mu5,F01_spline_2,-0.0032724079502593614,False,False
2020-10-01,M2,mu5,F02_spline_0,0.006638965234295968,False,False
2020-10-01,M2,mu5,F02_spline_1,-0.0009025975324894403,False,False
2020-10-01,M2,mu5,F02_spline_2,0.003744608104610616,False,False
2020-10-01,M2,mu5,F03_spline_0,-2.0059579508371417e-05,False,False
2020-10-01,M2,mu5,F03_spline_1,-0.0018195491014823717,False,False
2020-10-01,M2,mu5,F03_spline_2,0.0019249393020177453,False,False
2020-10-01,M2,mu5,F04_spline_0,-0.0037121426175864888,False,False
2020-10-01,M2,mu5,F04_spline_1,0.00234361843873832,False,False
2020-10-01,M2,mu5,F04_spline_2,-0.005720639764044629,False,False
2020-10-01,M2,mu5,I01,-4.488279314787029e-05,False,False
2020-10-01,M2,mu5,I02,0.003307439144112129,False,False
2020-10-01,M2,mu5,I03,0.006155795586501274,False,False
2020-10-01,M2,mu5,I04,-0.003674234289235928,False,False
2020-10-01,M2,mu5,I05,-0.006654872119320113,False,False
2020-10-01,M2,mu5,I06,-0.005744854014840982,False,False
2020-10-01,M2,q90,A01_spline_0,0.03808393641114649,False,False
2020-10-01,M2,q90,A01_spline_1,0.0,True,False
2020-10-01,M2,q90,A01_spline_2,0.0,True,False
2020-10-01,M2,q90,A02_spline_0,0.0,True,False
2020-10-01,M2,q90,A02_spline_1,0.0,True,False
2020-10-01,M2,q90,A02_spline_2,-0.0032506915526992267,False,False
2020-10-01,M2,q90,A03_spline_0,0.01256028715480468,False,False
2020-10-01,M2,q90,A03_spline_1,0.0,True,False
2020-10-01,M2,q90,A03_spline_2,0.0,True,False
2020-10-01,M2,q90,A04_spline_0,0.0,True,False
2020-10-01,M2,q90,A04_spline_1,0.0,True,False
2020-10-01,M2,q90,A04_spline_2,0.0,True,False
2020-10-01,M2,q90,A05_spline_0,-0.0011024291060346642,False,False
2020-10-01,M2,q90,A05_spline_1,0.0,True,False
2020-10-01,M2,q90,A05_spline_2,0.0,True,False
2020-10-01,M2,q90,B01_spline_0,0.003915243624765008,False,False
2020-10-01,M2,q90,B01_spline_1,0.0,True,False
2020-10-01,M2,q90,B01_spline_2,0.0,True,False
2020-10-01,M2,q90,B02_spline_0,-0.0015934603435257164,False,False
2020-10-01,M2,q90,B02_spline_1,-0.006327186955230925,False,False
2020-10-01,M2,q90,B02_spline_2,0.0,True,False
2020-10-01,M2,q90,B03_spline_0,-0.0046934680090499345,False,False
2020-10-01,M2,q90,B03_spline_1,0.0,True,False
2020-10-01,M2,q90,B03_spline_2,0.0,True,False
2020-10-01,M2,q90,C01_spline_0,-0.00920499618540256,False,False
2020-10-01,M2,q90,C01_spline_1,0.0,True,False
2020-10-01,M2,q90,C01_spline_2,0.0,True,False
2020-10-01,M2,q90,C02_spline_0,0.0,True,False
2020-10-01,M2,q90,C02_spline_1,0.0,True,False
2020-10-01,M2,q90,C02_spline_2,0.006675343544734549,False,False
2020-10-01,M2,q90,C03_spline_0,0.0,True,False
2020-10-01,M2,q90,C03_spline_1,0.0,True,False
2020-10-01,M2,q90,C03_spline_2,0.0,True,False
2020-10-01,M2,q90,D01_spline_0,-0.0008675709672566061,False,False
2020-10-01,M2,q90,D01_spline_1,0.0,True,False
2020-10-01,M2,q90,D01_spline_2,0.008831766717860776,False,False
2020-10-01,M2,q90,D02_spline_0,0.0,True,False
2020-10-01,M2,q90,D02_spline_1,0.0,True,False
2020-10-01,M2,q90,D02_spline_2,0.0,True,False
2020-10-01,M2,q90,D03_spline_0,0.002313951281847444,False,False
2020-10-01,M2,q90,D03_spline_1,0.0,True,False
2020-10-01,M2,q90,D03_spline_2,-0.0004225502593191566,False,False
2020-10-01,M2,q90,E01_spline_0,-0.00190000291488,False,False
2020-10-01,M2,q90,E01_spline_1,0.0,True,False
2020-10-01,M2,q90,E01_spline_2,0.013845552177151459,False,False
2020-10-01,M2,q90,F01_spline_0,-0.00043459432912952225,False,False
2020-10-01,M2,q90,F01_spline_1,-0.0030552361895827647,False,False
2020-10-01,M2,q90,F01_spline_2,0.01712076810541259,False,False
2020-10-01,M2,q90,F02_spline_0,-0.002814217044522956,False,False
2020-10-01,M2,q90,F02_spline_1,0.0,True,False
2020-10-01,M2,q90,F02_spline_2,0.0,True,False
2020-10-01,M2,q90,F03_spline_0,0.0,True,False
2020-10-01,M2,q90,F03_spline_1,0.0005473860923698673,False,False
2020-10-01,M2,q90,F03_spline_2,0.0,True,False
2020-10-01,M2,q90,F04_spline_0,0.012113225801952026,False,False
2020-10-01,M2,q90,F04_spline_1,0.0,True,False
2020-10-01,M2,q90,F04_spline_2,0.0,True,False
2020-10-01,M2,q90,I01,0.0,True,False
2020-10-01,M2,q90,I02,0.0,True,False
2020-10-01,M2,q90,I03,0.0,True,False
2020-10-01,M2,q90,I04,0.0,True,False
2020-10-01,M2,q90,I05,0.0,True,False
2020-10-01,M2,q90,I06,0.0,True,False
2020-10-01,M2,p10,A01_spline_0,0.47326359251459615,False,False
2020-10-01,M2,p10,A01_spline_1,-0.037132509954515246,False,False
2020-10-01,M2,p10,A01_spline_2,0.20850086846363042,False,False
2020-10-01,M2,p10,A02_spline_0,-0.19086332119438218,False,False
2020-10-01,M2,p10,A02_spline_1,0.11845824380905977,False,False
2020-10-01,M2,p10,A02_spline_2,-0.24371741130164098,False,False
2020-10-01,M2,p10,A03_spline_0,0.5155703978498297,False,False
2020-10-01,M2,p10,A03_spline_1,0.04656441011252393,False,False
2020-10-01,M2,p10,A03_spline_2,-0.15062552715584626,False,False
2020-10-01,M2,p10,A04_spline_0,-0.10203625358672516,False,False
2020-10-01,M2,p10,A04_spline_1,-0.076614263822619,False,False
2020-10-01,M2,p10,A04_spline_2,0.04825880873758828,False,False
2020-10-01,M2,p10,A05_spline_0,-0.11459154721876612,False,False
2020-10-01,M2,p10,A05_spline_1,0.0025061336119482987,False,False
2020-10-01,M2,p10,A05_spline_2,0.2322063093895238,False,False
2020-10-01,M2,p10,B01_spline_0,0.07175831112070816,False,False
2020-10-01,M2,p10,B01_spline_1,-0.00972427088355262,False,False
2020-10-01,M2,p10,B01_spline_2,0.06772849179345325,False,False
2020-10-01,M2,p10,B02_spline_0,-0.22588207666831278,False,False
2020-10-01,M2,p10,B02_spline_1,0.004777522961980438,False,False
2020-10-01,M2,p10,B02_spline_2,-0.15397468416339666,False,False
2020-10-01,M2,p10,B03_spline_0,-0.361812599075671,False,False
2020-10-01,M2,p10,B03_spline_1,-0.12206839984901416,False,False
2020-10-01,M2,p10,B03_spline_2,0.09907655314016772,False,False
2020-10-01,M2,p10,C01_spline_0,-0.30079768745582336,False,False
2020-10-01,M2,p10,C01_spline_1,0.24186426401803598,False,False
2020-10-01,M2,p10,C01_spline_2,0.07273591102568482,False,False
2020-10-01,M2,p10,C02_spline_0,-0.41468369695889634,False,False
2020-10-01,M2,p10,C02_spline_1,-0.07514532063752563,False,False
2020-10-01,M2,p10,C02_spline_2,0.3649270273039219,False,False
2020-10-01,M2,p10,C03_spline_0,0.07151517838196968,False,False
2020-10-01,M2,p10,C03_spline_1,0.00011267616301321373,False,False
2020-10-01,M2,p10,C03_spline_2,-0.09453774193148964,False,False
2020-10-01,M2,p10,D01_spline_0,0.017322823946409775,False,False
2020-10-01,M2,p10,D01_spline_1,-0.016774455331645774,False,False
2020-10-01,M2,p10,D01_spline_2,0.09562080445292431,False,False
2020-10-01,M2,p10,D02_spline_0,-0.04739859691068391,False,False
2020-10-01,M2,p10,D02_spline_1,0.12428544934398379,False,False
2020-10-01,M2,p10,D02_spline_2,0.014530541434821416,False,False
2020-10-01,M2,p10,D03_spline_0,0.04120935207156201,False,False
2020-10-01,M2,p10,D03_spline_1,0.1630145799901639,False,False
2020-10-01,M2,p10,D03_spline_2,-0.0859109297345158,False,False
2020-10-01,M2,p10,E01_spline_0,0.007451713031635243,False,False
2020-10-01,M2,p10,E01_spline_1,-0.20183588245693115,False,False
2020-10-01,M2,p10,E01_spline_2,0.1571982298356729,False,False
2020-10-01,M2,p10,F01_spline_0,0.01136187975983212,False,False
2020-10-01,M2,p10,F01_spline_1,-0.46140624088552873,False,False
2020-10-01,M2,p10,F01_spline_2,0.303576889037763,False,False
2020-10-01,M2,p10,F02_spline_0,-0.2228943219901723,False,False
2020-10-01,M2,p10,F02_spline_1,-0.12071848379727528,False,False
2020-10-01,M2,p10,F02_spline_2,-0.1437319394908421,False,False
2020-10-01,M2,p10,F03_spline_0,0.07533089287421323,False,False
2020-10-01,M2,p10,F03_spline_1,0.048203267616365716,False,False
2020-10-01,M2,p10,F03_spline_2,-0.049155882630436874,False,False
2020-10-01,M2,p10,F04_spline_0,0.1331190623797677,False,False
2020-10-01,M2,p10,F04_spline_1,-0.18196962012575374,False,False
2020-10-01,M2,p10,F04_spline_2,0.2525295961371668,False,False
2020-10-01,M2,p10,I01,-0.009507340009483473,False,False
2020-10-01,M2,p10,I02,0.1096454410074587,False,False
2020-10-01,M2,p10,I03,-0.23622262201520186,False,False
2020-10-01,M2,p10,I04,0.07353292553071766,False,False
2020-10-01,M2,p10,I05,0.1328919308740385,False,False
2020-10-01,M2,p10,I06,0.057690728597448906,False,False
2020-11-02,M1,mu5,A01,0.00723542106512183,False,False
2020-11-02,M1,mu5,A02,0.0009971654453403017,False,False
2020-11-02,M1,mu5,A03,0.010482842988732989,False,False
2020-11-02,M1,mu5,A04,-0.0009318457884099294,False,False
2020-11-02,M1,mu5,A05,-0.002027545188237529,False,False
2020-11-02,M1,mu5,B01,0.0021677799861063995,False,False
2020-11-02,M1,mu5,B02,-0.0010670996634850128,False,False
2020-11-02,M1,mu5,B03,-0.007908494208322948,False,False
2020-11-02,M1,mu5,C01,0.00031343099639808076,False,False
2020-11-02,M1,mu5,C02,0.0005715566949624555,False,False
2020-11-02,M1,mu5,C03,0.00175170765917369,False,False
2020-11-02,M1,mu5,D01,0.0011940182136598193,False,False
2020-11-02,M1,mu5,D02,0.004857721017251009,False,False
2020-11-02,M1,mu5,D03,0.0051822240139030445,False,False
2020-11-02,M1,mu5,E01,-0.007583933674178765,False,False
2020-11-02,M1,mu5,F01,-0.001679423199665858,False,False
2020-11-02,M1,mu5,F02,0.0009670857972912414,False,False
2020-11-02,M1,mu5,F03,0.00180259506819507,False,False
2020-11-02,M1,mu5,F04,0.0023032332832118134,False,False
2020-11-02,M1,q90,A01,-0.004718832512604459,False,False
2020-11-02,M1,q90,A02,0.0,True,False
2020-11-02,M1,q90,A03,0.0,True,False
2020-11-02,M1,q90,A04,0.009154660668348113,False,False
2020-11-02,M1,q90,A05,0.0,True,False
2020-11-02,M1,q90,B01,0.0,True,False
2020-11-02,M1,q90,B02,0.003955780927677166,False,False
2020-11-02,M1,q90,B03,0.03837414849948883,False,False
2020-11-02,M1,q90,C01,0.0,True,False
2020-11-02,M1,q90,C02,0.0,True,False
2020-11-02,M1,q90,C03,0.0,True,False
2020-11-02,M1,q90,D01,0.006584127421685513,False,False
2020-11-02,M1,q90,D02,0.0,True,False
2020-11-02,M1,q90,D03,-0.021797972633781488,False,False
2020-11-02,M1,q90,E01,0.018339303967998162,False,False
2020-11-02,M1,q90,F01,0.01180244901096928,False,False
2020-11-02,M1,q90,F02,0.0,True,False
2020-11-02,M1,q90,F03,0.0,True,False
2020-11-02,M1,q90,F04,0.0,True,False
2020-11-02,M1,p10,A01,-0.2741745499333398,False,False
2020-11-02,M1,p10,A02,-0.03229905897230421,False,False
2020-11-02,M1,p10,A03,-0.4292071612557516,False,False
2020-11-02,M1,p10,A04,0.14928075331548857,False,False
2020-11-02,M1,p10,A05,0.03767407096360092,False,False
2020-11-02,M1,p10,B01,0.10719079061640266,False,False
2020-11-02,M1,p10,B02,0.003463422603115512,False,False
2020-11-02,M1,p10,B03,0.44758761450915135,False,False
2020-11-02,M1,p10,C01,0.06657696558568023,False,False
2020-11-02,M1,p10,C02,0.08892731926161739,False,False
2020-11-02,M1,p10,C03,0.07786258295647737,False,False
2020-11-02,M1,p10,D01,-0.0587692510201125,False,False
2020-11-02,M1,p10,D02,-0.17519417239103388,False,False
2020-11-02,M1,p10,D03,-0.3487878315468016,False,False
2020-11-02,M1,p10,E01,0.3514038289233985,False,False
2020-11-02,M1,p10,F01,0.27846574522122775,False,False
2020-11-02,M1,p10,F02,0.08367052229377149,False,False
2020-11-02,M1,p10,F03,-0.12397206979504562,False,False
2020-11-02,M1,p10,F04,-0.06994854899003707,False,False
2020-11-02,M2,mu5,A01_spline_0,-0.019162761870455337,False,False
2020-11-02,M2,mu5,A01_spline_1,0.0002467470011343997,False,False
2020-11-02,M2,mu5,A01_spline_2,-0.0001294078356937178,False,False
2020-11-02,M2,mu5,A02_spline_0,0.005953317727061742,False,False
2020-11-02,M2,mu5,A02_spline_1,-0.00038510999075592285,False,False
2020-11-02,M2,mu5,A02_spline_2,0.008092383742752781,False,False
2020-11-02,M2,mu5,A03_spline_0,-0.010366798375051254,False,False
2020-11-02,M2,mu5,A03_spline_1,0.0005868687836353454,False,False
2020-11-02,M2,mu5,A03_spline_2,0.005507977947301744,False,False
2020-11-02,M2,mu5,A04_spline_0,0.0025174946961111725,False,False
2020-11-02,M2,mu5,A04_spline_1,0.00125244296236314,False,False
2020-11-02,M2,mu5,A04_spline_2,-0.00015348631407570857,False,False
2020-11-02,M2,mu5,A05_spline_0,-0.0029422980998821072,False,False
2020-11-02,M2,mu5,A05_spline_1,0.005046392902498037,False,False
2020-11-02,M2,mu5,A05_spline_2,-0.0026341135068092,False,False
2020-11-02,M2,mu5,B01_spline_0,-0.0045694162007334435,False,False
2020-11-02,M2,mu5,B01_spline_1,-0.0013038314032203808,False,False
2020-11-02,M2,mu5,B01_spline_2,-0.0005186010411951788,False,False
2020-11-02,M2,mu5,B02_spline_0,-0.00011835018351996282,False,False
2020-11-02,M2,mu5,B02_spline_1,0.003006810075123447,False,False
2020-11-02,M2,mu5,B02_spline_2,0.0024063170057630773,False,False
2020-11-02,M2,mu5,B03_spline_0,0.005777709588181944,False,False
2020-11-02,M2,mu5,B03_spline_1,0.0032460944547720396,False,False
2020-11-02,M2,mu5,B03_spline_2,-0.0002709281329647457,False,False
2020-11-02,M2,mu5,C01_spline_0,0.0027596222812068,False,False
2020-11-02,M2,mu5,C01_spline_1,-0.005196714296157966,False,False
2020-11-02,M2,mu5,C01_spline_2,-0.003063756636761129,False,False
2020-11-02,M2,mu5,C02_spline_0,0.0017179966629834408,False,False
2020-11-02,M2,mu5,C02_spline_1,-0.0008814945195613488,False,False
2020-11-02,M2,mu5,C02_spline_2,-0.005256055208093285,False,False
2020-11-02,M2,mu5,C03_spline_0,-0.004847044058084814,False,False
2020-11-02,M2,mu5,C03_spline_1,-0.003800907242732402,False,False
2020-11-02,M2,mu5,C03_spline_2,0.005542700121376627,False,False
2020-11-02,M2,mu5,D01_spline_0,-0.00476781125023226,False,False
2020-11-02,M2,mu5,D01_spline_1,0.002095735267141223,False,False
2020-11-02,M2,mu5,D01_spline_2,-0.004993385759530768,False,False
2020-11-02,M2,mu5,D02_spline_0,0.0004784924772791763,False,False
2020-11-02,M2,mu5,D02_spline_1,-0.005457537181127987,False,False
2020-11-02,M2,mu5,D02_spline_2,-1.3418541852458152e-05,False,False
2020-11-02,M2,mu5,D03_spline_0,-0.0006172561333366387,False,False
2020-11-02,M2,mu5,D03_spline_1,-0.003874687118717976,False,False
2020-11-02,M2,mu5,D03_spline_2,0.002362367886681346,False,False
2020-11-02,M2,mu5,E01_spline_0,0.0004963679448270028,False,False
2020-11-02,M2,mu5,E01_spline_1,0.008718863380185102,False,False
2020-11-02,M2,mu5,E01_spline_2,-0.005417313799401525,False,False
2020-11-02,M2,mu5,F01_spline_0,-0.0004517798900487936,False,False
2020-11-02,M2,mu5,F01_spline_1,0.003209564680024822,False,False
2020-11-02,M2,mu5,F01_spline_2,-0.0016475181613092396,False,False
2020-11-02,M2,mu5,F02_spline_0,0.006537569765511583,False,False
2020-11-02,M2,mu5,F02_spline_1,-0.0005774263496135579,False,False
2020-11-02,M2,mu5,F02_spline_2,0.00412610546432243,False,False
2020-11-02,M2,mu5,F03_spline_0,1.9743351192778435e-05,False,False
2020-11-02,M2,mu5,F03_spline_1,-0.0016985278701031833,False,False
2020-11-02,M2,mu5,F03_spline_2,0.0020732553910110447,False,False
2020-11-02,M2,mu5,F04_spline_0,-0.004963160346949001,False,False
2020-11-02,M2,mu5,F04_spline_1,0.0025190270811654447,False,False
2020-11-02,M2,mu5,F04_spline_2,-0.005059178670591897,False,False
2020-11-02,M2,mu5,I01,-0.0001081129164768272,False,False
2020-11-02,M2,mu5,I02,0.002733857561355385,False,False
2020-11-02,M2,mu5,I03,0.004532906810101829,False,False
2020-11-02,M2,mu5,I04,-0.002507869482703147,False,False
2020-11-02,M2,mu5,I05,-0.006442164826561065,False,False
2020-11-02,M2,mu5,I06,-0.00589033365538367,False,False
2020-11-02,M2,q90,A01_spline_0,0.03997597859880027,False,False
2020-11-02,M2,q90,A01_spline_1,0.0,True,False
2020-11-02,M2,q90,A01_spline_2,0.0,True,False
2020-11-02,M2,q90,A02_spline_0,-0.0003415395499094602,False,False
2020-11-02,M2,q90,A02_spline_1,0.0,True,False
2020-11-02,M2,q90,A02_spline_2,0.0,True,False
2020-11-02,M2,q90,A03_spline_0,0.011771440553265757,False,False
2020-11-02,M2,q90,A03_spline_1,0.0,True,False
2020-11-02,M2,q90,A03_spline_2,0.0,True,False
2020-11-02,M2,q90,A04_spline_0,0.0,True,False
2020-11-02,M2,q90,A04_spline_1,0.0,True,False
2020-11-02,M2,q90,A04_spline_2,0.0,True,False
2020-11-02,M2,q90,A05_spline_0,0.0,True,False
2020-11-02,M2,q90,A05_spline_1,0.0,True,False
2020-11-02,M2,q90,A05_spline_2,0.0,True,False
2020-11-02,M2,q90,B01_spline_0,0.0,True,False
2020-11-02,M2,q90,B01_spline_1,0.0,True,False
2020-11-02,M2,q90,B01_spline_2,0.0,True,False
2020-11-02,M2,q90,B02_spline_0,0.0,True,False
2020-11-02,M2,q90,B02_spline_1,-0.0017084815331975447,False,False
2020-11-02,M2,q90,B02_spline_2,0.0,True,False
2020-11-02,M2,q90,B03_spline_0,-0.0041630300902248665,False,False
2020-11-02,M2,q90,B03_spline_1,0.0,True,False
2020-11-02,M2,q90,B03_spline_2,0.003766037228699634,False,False
2020-11-02,M2,q90,C01_spline_0,-0.011410832672803572,False,False
2020-11-02,M2,q90,C01_spline_1,0.0,True,False
2020-11-02,M2,q90,C01_spline_2,0.0,True,False
2020-11-02,M2,q90,C02_spline_0,-0.0008169767319809421,False,False
2020-11-02,M2,q90,C02_spline_1,0.0,True,False
2020-11-02,M2,q90,C02_spline_2,0.001112575641827265,False,False
2020-11-02,M2,q90,C03_spline_0,0.0,True,False
2020-11-02,M2,q90,C03_spline_1,0.0,True,False
2020-11-02,M2,q90,C03_spline_2,0.0,True,False
2020-11-02,M2,q90,D01_spline_0,0.0,True,False
2020-11-02,M2,q90,D01_spline_1,0.0,True,False
2020-11-02,M2,q90,D01_spline_2,0.0,True,False
2020-11-02,M2,q90,D02_spline_0,0.0,True,False
2020-11-02,M2,q90,D02_spline_1,0.0,True,False
2020-11-02,M2,q90,D02_spline_2,0.0,True,False
2020-11-02,M2,q90,D03_spline_0,0.0,True,False
2020-11-02,M2,q90,D03_spline_1,0.005512731868215936,False,False
2020-11-02,M2,q90,D03_spline_2,0.0,True,False
2020-11-02,M2,q90,E01_spline_0,0.0,True,False
2020-11-02,M2,q90,E01_spline_1,0.0,True,False
2020-11-02,M2,q90,E01_spline_2,0.017006505937451743,False,False
2020-11-02,M2,q90,F01_spline_0,-0.002584951547061763,False,False
2020-11-02,M2,q90,F01_spline_1,-0.008788228588692406,False,False
2020-11-02,M2,q90,F01_spline_2,0.0,True,False
2020-11-02,M2,q90,F02_spline_0,-0.00156533189662516,False,False
2020-11-02,M2,q90,F02_spline_1,0.0,True,False
2020-11-02,M2,q90,F02_spline_2,0.0,True,False
2020-11-02,M2,q90,F03_spline_0,0.0,True,False
2020-11-02,M2,q90,F03_spline_1,0.0,True,False
2020-11-02,M2,q90,F03_spline_2,0.0,True,False
2020-11-02,M2,q90,F04_spline_0,0.01639468744743226,False,False
2020-11-02,M2,q90,F04_spline_1,0.0,True,False
2020-11-02,M2,q90,F04_spline_2,0.0,True,False
2020-11-02,M2,q90,I01,0.0,True,False
2020-11-02,M2,q90,I02,0.0,True,False
2020-11-02,M2,q90,I03,0.0,True,False
2020-11-02,M2,q90,I04,0.0,True,False
2020-11-02,M2,q90,I05,0.0,True,False
2020-11-02,M2,q90,I06,0.0,True,False
2020-11-02,M2,p10,A01_spline_0,0.48640900579753926,False,False
2020-11-02,M2,p10,A01_spline_1,-0.004627265705184431,False,False
2020-11-02,M2,p10,A01_spline_2,0.14391107347521379,False,False
2020-11-02,M2,p10,A02_spline_0,-0.19479382749919397,False,False
2020-11-02,M2,p10,A02_spline_1,0.035942204206191604,False,False
2020-11-02,M2,p10,A02_spline_2,-0.14211178939163172,False,False
2020-11-02,M2,p10,A03_spline_0,0.46825874284773605,False,False
2020-11-02,M2,p10,A03_spline_1,0.09386150922864878,False,False
2020-11-02,M2,p10,A03_spline_2,-0.14182344071261166,False,False
2020-11-02,M2,p10,A04_spline_0,-0.11066580050507718,False,False
2020-11-02,M2,p10,A04_spline_1,-0.09252776842790729,False,False
2020-11-02,M2,p10,A04_spline_2,0.07215123879443767,False,False
2020-11-02,M2,p10,A05_spline_0,0.02215507765194945,False,False
2020-11-02,M2,p10,A05_spline_1,-0.11436197535718871,False,False
2020-11-02,M2,p10,A05_spline_2,0.2405643326727273,False,False
2020-11-02,M2,p10,B01_spline_0,0.11815339423392945,False,False
2020-11-02,M2,p10,B01_spline_1,-0.05136169777857219,False,False
2020-11-02,M2,p10,B01_spline_2,0.08467325315790006,False,False
2020-11-02,M2,p10,B02_spline_0,-0.2553921103548702,False,False
2020-11-02,M2,p10,B02_spline_1,0.10893438492736279,False,False
2020-11-02,M2,p10,B02_spline_2,-0.23047526828595682,False,False
2020-11-02,M2,p10,B03_spline_0,-0.3947991948858975,False,False
2020-11-02,M2,p10,B03_spline_1,-0.1703325982871984,False,False
2020-11-02,M2,p10,B03_spline_2,0.16932001156539075,False,False
2020-11-02,M2,p10,C01_spline_0,-0.368566699824951,False,False
2020-11-02,M2,p10,C01_spline_1,0.18423152053554992,False,False
2020-11-02,M2,p10,C01_spline_2,0.15262067311536984,False,False
2020-11-02,M2,p10,C02_spline_0,-0.439748095701363,False,False
2020-11-02,M2,p10,C02_spline_1,0.007619171430392657,False,False
2020-11-02,M2,p10,C02_spline_2,0.31292430789940545,False,False
2020-11-02,M2,p10,C03_spline_0,0.11282385223780306,False,False
2020-11-02,M2,p10,C03_spline_1,0.0029071531791793944,False,False
2020-11-02,M2,p10,C03_spline_2,-0.09359570632284905,False,False
2020-11-02,M2,p10,D01_spline_0,0.015931753751590925,False,False
2020-11-02,M2,p10,D01_spline_1,0.07928458102534933,False,False
2020-11-02,M2,p10,D01_spline_2,-0.01728225781480442,False,False
2020-11-02,M2,p10,D02_spline_0,-0.07811995355429562,False,False
2020-11-02,M2,p10,D02_spline_1,0.18880791393522037,False,False
2020-11-02,M2,p10,D02_spline_2,-0.03609950752402987,False,False
2020-11-02,M2,p10,D03_spline_0,0.037933922218579434,False,False
2020-11-02,M2,p10,D03_spline_1,0.2604045664244872,False,False
2020-11-02,M2,p10,D03_spline_2,-0.14933383946504025,False,False
2020-11-02,M2,p10,E01_spline_0,0.01820230483828221,False,False
2020-11-02,M2,p10,E01_spline_1,-0.2749833764914743,False,False
2020-11-02,M2,p10,E01_spline_2,0.1757595180663696,False,False
2020-11-02,M2,p10,F01_spline_0,0.03392013425536917,False,False
2020-11-02,M2,p10,F01_spline_1,-0.3626275765898811,False,False
2020-11-02,M2,p10,F01_spline_2,0.20668094931215386,False,False
2020-11-02,M2,p10,F02_spline_0,-0.2054802622447075,False,False
2020-11-02,M2,p10,F02_spline_1,-0.0992537260597079,False,False
2020-11-02,M2,p10,F02_spline_2,-0.1642797324248258,False,False
2020-11-02,M2,p10,F03_spline_0,0.0752905309026501,False,False
2020-11-02,M2,p10,F03_spline_1,0.06125203626965175,False,False
2020-11-02,M2,p10,F03_spline_2,-0.04991233876748362,False,False
2020-11-02,M2,p10,F04_spline_0,0.1962247194902172,False,False
2020-11-02,M2,p10,F04_spline_1,-0.18225116900567728,False,False
2020-11-02,M2,p10,F04_spline_2,0.2045336508036388,False,False
2020-11-02,M2,p10,I01,-0.0005920061645289049,False,False
2020-11-02,M2,p10,I02,0.16411346851374906,False,False
2020-11-02,M2,p10,I03,-0.08448506761705823,False,False
2020-11-02,M2,p10,I04,-0.04297593064334317,False,False
2020-11-02,M2,p10,I05,0.08451033528153923,False,False
2020-11-02,M2,p10,I06,0.09448392640374226,False,False
2020-12-01,M1,mu5,A01,0.007272863380995059,False,False
2020-12-01,M1,mu5,A02,0.0001645009292674644,False,False
2020-12-01,M1,mu5,A03,0.009163846146960109,False,False
2020-12-01,M1,mu5,A04,-0.002361308563112651,False,False
2020-12-01,M1,mu5,A05,-0.0007465722823859017,False,False
2020-12-01,M1,mu5,B01,0.003461653486486625,False,False
2020-12-01,M1,mu5,B02,0.0016459278686898266,False,False
2020-12-01,M1,mu5,B03,-0.005641421988478523,False,False
2020-12-01,M1,mu5,C01,0.004400899286849606,False,False
2020-12-01,M1,mu5,C02,0.002233972241327638,False,False
2020-12-01,M1,mu5,C03,0.0004074043156489959,False,False
2020-12-01,M1,mu5,D01,0.00013761842731140062,False,False
2020-12-01,M1,mu5,D02,0.0034241120643795702,False,False
2020-12-01,M1,mu5,D03,0.0053809015333955,False,False
2020-12-01,M1,mu5,E01,-0.005422786210746995,False,False
2020-12-01,M1,mu5,F01,-0.0017114749594792332,False,False
2020-12-01,M1,mu5,F02,0.0013919108850414046,False,False
2020-12-01,M1,mu5,F03,0.003077185266945304,False,False
2020-12-01,M1,mu5,F04,-5.5636302889908874e-05,False,False
2020-12-01,M1,q90,A01,0.0,True,False
2020-12-01,M1,q90,A02,0.0,True,False
2020-12-01,M1,q90,A03,0.0,True,False
2020-12-01,M1,q90,A04,0.01344585824573518,False,False
2020-12-01,M1,q90,A05,0.0,True,False
2020-12-01,M1,q90,B01,0.0,True,False
2020-12-01,M1,q90,B02,0.0014828270419489568,False,False
2020-12-01,M1,q90,B03,0.035204920598038335,False,False
2020-12-01,M1,q90,C01,0.0,True,False
2020-12-01,M1,q90,C02,0.0,True,False
2020-12-01,M1,q90,C03,0.0,True,False
2020-12-01,M1,q90,D01,0.005776331664138551,False,False
2020-12-01,M1,q90,D02,0.0,True,False
2020-12-01,M1,q90,D03,-0.01788156914428636,False,False
2020-12-01,M1,q90,E01,0.014859988574964324,False,False
2020-12-01,M1,q90,F01,0.00995311110160338,False,False
2020-12-01,M1,q90,F02,0.0,True,False
2020-12-01,M1,q90,F03,-0.006802646159040229,False,False
2020-12-01,M1,q90,F04,0.0,True,False
2020-12-01,M1,p10,A01,-0.2777392008090915,False,False
2020-12-01,M1,p10,A02,-0.011309322444201913,False,False
2020-12-01,M1,p10,A03,-0.4056652499085049,False,False
2020-12-01,M1,p10,A04,0.20620519717136399,False,False
2020-12-01,M1,p10,A05,0.0025201638720310114,False,False
2020-12-01,M1,p10,B01,0.055348808330851304,False,False
2020-12-01,M1,p10,B02,-0.07005192522820376,False,False
2020-12-01,M1,p10,B03,0.4112928486077591,False,False
2020-12-01,M1,p10,C01,-0.04845887698620467,False,False
2020-12-01,M1,p10,C02,0.04451955047663992,False,False
2020-12-01,M1,p10,C03,0.12639972459889592,False,False
2020-12-01,M1,p10,D01,-0.02726176054269305,False,False
2020-12-01,M1,p10,D02,-0.13734329433371514,False,False
2020-12-01,M1,p10,D03,-0.3604508315266389,False,False
2020-12-01,M1,p10,E01,0.2761558489986747,False,False
2020-12-01,M1,p10,F01,0.2856437175695429,False,False
2020-12-01,M1,p10,F02,0.08628000818510041,False,False
2020-12-01,M1,p10,F03,-0.17187415380055895,False,False
2020-12-01,M1,p10,F04,-0.00024522531716052696,False,False
2020-12-01,M2,mu5,A01_spline_0,-0.021785707035484256,False,False
2020-12-01,M2,mu5,A01_spline_1,0.00039259085222072276,False,False
2020-12-01,M2,mu5,A01_spline_2,0.0006076195174503276,False,False
2020-12-01,M2,mu5,A02_spline_0,0.003866599910402495,False,False
2020-12-01,M2,mu5,A02_spline_1,0.002220108792670377,False,False
2020-12-01,M2,mu5,A02_spline_2,0.007685689907050334,False,False
2020-12-01,M2,mu5,A03_spline_0,-0.011312449485225803,False,False
2020-12-01,M2,mu5,A03_spline_1,0.0026282362698254796,False,False
2020-12-01,M2,mu5,A03_spline_2,0.0038413639366439013,False,False
2020-12-01,M2,mu5,A04_spline_0,0.001978823173720111,False,False
2020-12-01,M2,mu5,A04_spline_1,0.0025732803342812913,False,False
2020-12-01,M2,mu5,A04_spline_2,-5.866062283759008e-05,False,False
2020-12-01,M2,mu5,A05_spline_0,-0.0042670162664216185,False,False
2020-12-01,M2,mu5,A05_spline_1,0.005199500292159875,False,False
2020-12-01,M2,mu5,A05_spline_2,-0.0009991464718552036,False,False
2020-12-01,M2,mu5,B01_spline_0,-0.00413817237901737,False,False
2020-12-01,M2,mu5,B01_spline_1,-0.0021023910704809257,False,False
2020-12-01,M2,mu5,B01_spline_2,-0.0006297323507481812,False,False
2020-12-01,M2,mu5,B02_spline_0,0.00034673822281715066,False,False
2020-12-01,M2,mu5,B02_spline_1,0.0012492113436489939,False,False
2020-12-01,M2,mu5,B02_spline_2,0.0024580031504301252,False,False
2020-12-01,M2,mu5,B03_spline_0,0.005419152757778691,False,False
2020-12-01,M2,mu5,B03_spline_1,0.0018555230623924692,False,False
2020-12-01,M2,mu5,B03_spline_2,0.0014948881415493141,False,False
2020-12-01,M2,mu5,C01_spline_0,0.003871374047354099,False,False
2020-12-01,M2,mu5,C01_spline_1,-0.009242456907482465,False,False
2020-12-01,M2,mu5,C01_spline_2,-0.001299229788435468,False,False
2020-12-01,M2,mu5,C02_spline_0,0.00290441776426609,False,False
2020-12-01,M2,mu5,C02_spline_1,-0.002224636490884427,False,False
2020-12-01,M2,mu5,C02_spline_2,-0.0046171487061377105,False,False
2020-12-01,M2,mu5,C03_spline_0,-0.0034289597523469322,False,False
2020-12-01,M2,mu5,C03_spline_1,-0.003271731537642483,False,False
2020-12-01,M2,mu5,C03_spline_2,0.006016037469239329,False,False
2020-12-01,M2,mu5,D01_spline_0,-0.004347536856740909,False,False
2020-12-01,M2,mu5,D01_spline_1,0.0019312098862386716,False,False
2020-12-01,M2,mu5,D01_spline_2,-0.004979090788236039,False,False
2020-12-01,M2,mu5,D02_spline_0,0.0010717470063995992,False,False
2020-12-01,M2,mu5,D02_spline_1,-0.004852517989147509,False,False
2020-12-01,M2,mu5,D02_spline_2,-0.001070600968495173,False,False
2020-12-01,M2,mu5,D03_spline_0,-7.338687103920858e-05,False,False
2020-12-01,M2,mu5,D03_spline_1,-0.004122127637454364,False,False
2020-12-01,M2,mu5,D03_spline_2,0.00378577169401167,False,False
2020-12-01,M2,mu5,E01_spline_0,0.0011010798178085084,False,False
2020-12-01,M2,mu5,E01_spline_1,0.005434478591410176,False,False
2020-12-01,M2,mu5,E01_spline_2,-0.006874858989517929,False,False
2020-12-01,M2,mu5,F01_spline_0,-0.00116076063437622,False,False
2020-12-01,M2,mu5,F01_spline_1,0.002939406840262822,False,False
2020-12-01,M2,mu5,F01_spline_2,-0.0015978500980957885,False,False
2020-12-01,M2,mu5,F02_spline_0,0.005878596134716705,False,False
2020-12-01,M2,mu5,F02_spline_1,-0.0004732733781643546,False,False
2020-12-01,M2,mu5,F02_spline_2,0.0034887472325011194,False,False
2020-12-01,M2,mu5,F03_spline_0,-0.0022799324681202727,False,False
2020-12-01,M2,mu5,F03_spline_1,-0.0018750006362329933,False,False
2020-12-01,M2,mu5,F03_spline_2,0.002703054130304535,False,False
2020-12-01,M2,mu5,F04_spline_0,-0.005183754434751808,False,False
2020-12-01,M2,mu5,F04_spline_1,0.004483306191570114,False,False
2020-12-01,M2,mu5,F04_spline_2,-0.00641119514090566,False,False
2020-12-01,M2,mu5,I01,-0.00040462654306328135,False,False
2020-12-01,M2,mu5,I02,0.005028343110301158,False,False
2020-12-01,M2,mu5,I03,0.003859670340538716,False,False
2020-12-01,M2,mu5,I04,-0.0003510240094448183,False,False
2020-12-01,M2,mu5,I05,-0.008530231210702673,False,False
2020-12-01,M2,mu5,I06,-0.004945619211464058,False,False
2020-12-01,M2,q90,A01_spline_0,0.03828516026804543,False,False
2020-12-01,M2,q90,A01_spline_1,0.0,True,False
2020-12-01,M2,q90,A01_spline_2,0.0,True,False
2020-12-01,M2,q90,A02_spline_0,0.0,True,False
2020-12-01,M2,q90,A02_spline_1,0.0,True,False
2020-12-01,M2,q90,A02_spline_2,0.0,True,False
2020-12-01,M2,q90,A03_spline_0,0.01263518697664123,False,False
2020-12-01,M2,q90,A03_spline_1,0.0,True,False
2020-12-01,M2,q90,A03_spline_2,0.0,True,False
2020-12-01,M2,q90,A04_spline_0,0.0,True,False
2020-12-01,M2,q90,A04_spline_1,0.0,True,False
2020-12-01,M2,q90,A04_spline_2,0.0,True,False
2020-12-01,M2,q90,A05_spline_0,0.0,True,False
2020-12-01,M2,q90,A05_spline_1,0.0,True,False
2020-12-01,M2,q90,A05_spline_2,0.0,True,False
2020-12-01,M2,q90,B01_spline_0,0.0,True,False
2020-12-01,M2,q90,B01_spline_1,0.0,True,False
2020-12-01,M2,q90,B01_spline_2,0.0,True,False
2020-12-01,M2,q90,B02_spline_0,0.0,True,False
2020-12-01,M2,q90,B02_spline_1,-0.0008722835856824186,False,False
2020-12-01,M2,q90,B02_spline_2,0.0,True,False
2020-12-01,M2,q90,B03_spline_0,-0.004786021620282638,False,False
2020-12-01,M2,q90,B03_spline_1,0.0,True,False
2020-12-01,M2,q90,B03_spline_2,0.0,True,False
2020-12-01,M2,q90,C01_spline_0,-0.010590582599255969,False,False
2020-12-01,M2,q90,C01_spline_1,0.0,True,False
2020-12-01,M2,q90,C01_spline_2,0.0,True,False
2020-12-01,M2,q90,C02_spline_0,-0.00262023210783003,False,False
2020-12-01,M2,q90,C02_spline_1,0.0,True,False
2020-12-01,M2,q90,C02_spline_2,0.0004833385736890137,False,False
2020-12-01,M2,q90,C03_spline_0,0.0,True,False
2020-12-01,M2,q90,C03_spline_1,0.0,True,False
2020-12-01,M2,q90,C03_spline_2,0.0,True,False
2020-12-01,M2,q90,D01_spline_0,-0.0015078733599145427,False,False
2020-12-01,M2,q90,D01_spline_1,0.0,True,False
2020-12-01,M2,q90,D01_spline_2,0.0,True,False
2020-12-01,M2,q90,D02_spline_0,0.0,True,False
2020-12-01,M2,q90,D02_spline_1,0.0,True,False
2020-12-01,M2,q90,D02_spline_2,0.0,True,False
2020-12-01,M2,q90,D03_spline_0,0.0,True,False
2020-12-01,M2,q90,D03_spline_1,0.003107281768229814,False,False
2020-12-01,M2,q90,D03_spline_2,0.0,True,False
2020-12-01,M2,q90,E01_spline_0,0.0,True,False
2020-12-01,M2,q90,E01_spline_1,0.0,True,False
2020-12-01,M2,q90,E01_spline_2,0.010575631818348783,False,False
2020-12-01,M2,q90,F01_spline_0,-0.0012781118909093818,False,False
2020-12-01,M2,q90,F01_spline_1,0.0,True,False
2020-12-01,M2,q90,F01_spline_2,0.004566779488276922,False,False
2020-12-01,M2,q90,F02_spline_0,-0.0041760317889133185,False,False
2020-12-01,M2,q90,F02_spline_1,0.0,True,False
2020-12-01,M2,q90,F02_spline_2,0.0,True,False
2020-12-01,M2,q90,F03_spline_0,0.0,True,False
2020-12-01,M2,q90,F03_spline_1,0.0,True,False
2020-12-01,M2,q90,F03_spline_2,0.0,True,False
2020-12-01,M2,q90,F04_spline_0,0.017186870135499643,False,False
2020-12-01,M2,q90,F04_spline_1,0.0,True,False
2020-12-01,M2,q90,F04_spline_2,0.0,True,False
2020-12-01,M2,q90,I01,0.0,True,False
2020-12-01,M2,q90,I02,0.0,True,False
2020-12-01,M2,q90,I03,0.0,True,False
2020-12-01,M2,q90,I04,0.0,True,False
2020-12-01,M2,q90,I05,0.0,True,False
2020-12-01,M2,q90,I06,0.0,True,False
2020-12-01,M2,p10,A01_spline_0,0.5239398104474834,False,False
2020-12-01,M2,p10,A01_spline_1,-0.015481358628406485,False,False
2020-12-01,M2,p10,A01_spline_2,0.14404486948624298,False,False
2020-12-01,M2,p10,A02_spline_0,-0.17345608243634406,False,False
2020-12-01,M2,p10,A02_spline_1,0.010639465856070309,False,False
2020-12-01,M2,p10,A02_spline_2,-0.14619124286022253,False,False
2020-12-01,M2,p10,A03_spline_0,0.485090927011371,False,False
2020-12-01,M2,p10,A03_spline_1,0.06680551415916955,False,False
2020-12-01,M2,p10,A03_spline_2,-0.12598170612816637,False,False
2020-12-01,M2,p10,A04_spline_0,-0.09261844059462823,False,False
2020-12-01,M2,p10,A04_spline_1,-0.12708326639527429,False,False
2020-12-01,M2,p10,A04_spline_2,0.08270620941384377,False,False
2020-12-01,M2,p10,A05_spline_0,0.02681177740837811,False,False
2020-12-01,M2,p10,A05_spline_1,-0.09603960267219681,False,False
2020-12-01,M2,p10,A05_spline_2,0.201708992517232,False,False
2020-12-01,M2,p10,B01_spline_0,0.11490333189048907,False,False
2020-12-01,M2,p10,B01_spline_1,-0.03838094760416482,False,False
2020-12-01,M2,p10,B01_spline_2,0.08091865741111932,False,False
2020-12-01,M2,p10,B02_spline_0,-0.2514152552804105,False,False
2020-12-01,M2,p10,B02_spline_1,0.13238087043533758,False,False
2020-12-01,M2,p10,B02_spline_2,-0.2380918648152269,False,False
2020-12-01,M2,p10,B03_spline_0,-0.37361980033092984,False,False
2020-12-01,M2,p10,B03_spline_1,-0.1586497369818754,False,False
2020-12-01,M2,p10,B03_spline_2,0.1417016094611545,False,False
2020-12-01,M2,p10,C01_spline_0,-0.3816938045235661,False,False
2020-12-01,M2,p10,C01_spline_1,0.28425753259499453,False,False
2020-12-01,M2,p10,C01_spline_2,0.08682171466067234,False,False
2020-12-01,M2,p10,C02_spline_0,-0.38313244836117183,False,False
2020-12-01,M2,p10,C02_spline_1,-0.012882624005046006,False,False
2020-12-01,M2,p10,C02_spline_2,0.3172715748269461,False,False
2020-12-01,M2,p10,C03_spline_0,0.08036714242083463,False,False
2020-12-01,M2,p10,C03_spline_1,-0.018537434174538993,False,False
2020-12-01,M2,p10,C03_spline_2,-0.08558259356138763,False,False
2020-12-01,M2,p10,D01_spline_0,0.0282306203248037,False,False
2020-12-01,M2,p10,D01_spline_1,0.061097471892651876,False,False
2020-12-01,M2,p10,D01_spline_2,-0.007880318554355482,False,False
2020-12-01,M2,p10,D02_spline_0,-0.09564196006485116,False,False
2020-12-01,M2,p10,D02_spline_1,0.1769970816500044,False,False
2020-12-01,M2,p10,D02_spline_2,-0.015044754740373152,False,False
2020-12-01,M2,p10,D03_spline_0,0.04253760360121618,False,False
2020-12-01,M2,p10,D03_spline_1,0.2710157526806524,False,False
2020-12-01,M2,p10,D03_spline_2,-0.18838437986588039,False,False
2020-12-01,M2,p10,E01_spline_0,0.01594803827064246,False,False
2020-12-01,M2,p10,E01_spline_1,-0.20471751871895877,False,False
2020-12-01,M2,p10,E01_spline_2,0.18928863531293544,False,False
2020-12-01,M2,p10,F01_spline_0,0.04245897968903158,False,False
2020-12-01,M2,p10,F01_spline_1,-0.37153058834181923,False,False
2020-12-01,M2,p10,F01_spline_2,0.21653329931870044,False,False
2020-12-01,M2,p10,F02_spline_0,-0.20088717544747164,False,False
2020-12-01,M2,p10,F02_spline_1,-0.10895524848501024,False,False
2020-12-01,M2,p10,F02_spline_2,-0.146657456548591,False,False
2020-12-01,M2,p10,F03_spline_0,0.11406587424657569,False,False
2020-12-01,M2,p10,F03_spline_1,0.06935444026681295,False,False
2020-12-01,M2,p10,F03_spline_2,-0.07150721700253002,False,False
2020-12-01,M2,p10,F04_spline_0,0.1796925539538448,False,False
2020-12-01,M2,p10,F04_spline_1,-0.21886379210378598,False,False
2020-12-01,M2,p10,F04_spline_2,0.2391514979004261,False,False
2020-12-01,M2,p10,I01,0.00935701989844625,False,False
2020-12-01,M2,p10,I02,0.11739254501653576,False,False
2020-12-01,M2,p10,I03,-0.0735904773049726,False,False
2020-12-01,M2,p10,I04,-0.05594428721619566,False,False
2020-12-01,M2,p10,I05,0.1301934690098544,False,False
2020-12-01,M2,p10,I06,0.06586056807615083,False,False
2021-01-04,M1,mu5,A01,0.007313495385810445,False,False
2021-01-04,M1,mu5,A02,0.00012116087932601212,False,False
2021-01-04,M1,mu5,A03,0.008911200546470495,False,False
2021-01-04,M1,mu5,A04,-0.0025059091776099456,False,False
2021-01-04,M1,mu5,A05,-0.0002771314602860489,False,False
2021-01-04,M1,mu5,B01,0.0034358544301013884,False,False
2021-01-04,M1,mu5,B02,0.0012969081849149894,False,False
2021-01-04,M1,mu5,B03,-0.005241672676899352,False,False
2021-01-04,M1,mu5,C01,0.004633028000174563,False,False
2021-01-04,M1,mu5,C02,0.00207203575799599,False,False
2021-01-04,M1,mu5,C03,0.0003977675943768324,False,False
2021-01-04,M1,mu5,D01,0.00019822035068075357,False,False
2021-01-04,M1,mu5,D02,0.003192053583676872,False,False
2021-01-04,M1,mu5,D03,0.0054550399045525215,False,False
2021-01-04,M1,mu5,E01,-0.005375568396715345,False,False
2021-01-04,M1,mu5,F01,-0.0019228585499041048,False,False
2021-01-04,M1,mu5,F02,0.0014087028355095706,False,False
2021-01-04,M1,mu5,F03,0.0030140861757537466,False,False
2021-01-04,M1,mu5,F04,-0.00017231118647627168,False,False
2021-01-04,M1,q90,A01,0.0,True,False
2021-01-04,M1,q90,A02,0.0,True,False
2021-01-04,M1,q90,A03,0.0,True,False
2021-01-04,M1,q90,A04,0.010940990125940528,False,False
2021-01-04,M1,q90,A05,0.0,True,False
2021-01-04,M1,q90,B01,0.0,True,False
2021-01-04,M1,q90,B02,0.0006669153613447096,False,False
2021-01-04,M1,q90,B03,0.03700785186426637,False,False
2021-01-04,M1,q90,C01,0.0,True,False
2021-01-04,M1,q90,C02,0.0,True,False
2021-01-04,M1,q90,C03,0.0,True,False
2021-01-04,M1,q90,D01,0.004767321396640547,False,False
2021-01-04,M1,q90,D02,0.0,True,False
2021-01-04,M1,q90,D03,-0.01601976273746423,False,False
2021-01-04,M1,q90,E01,0.015470519832927269,False,False
2021-01-04,M1,q90,F01,0.006730512353599498,False,False
2021-01-04,M1,q90,F02,0.0,True,False
2021-01-04,M1,q90,F03,-0.005615557661380181,False,False
2021-01-04,M1,q90,F04,0.0,True,False
2021-01-04,M1,p10,A01,-0.28186857160623713,False,False
2021-01-04,M1,p10,A02,-0.03326118989179115,False,False
2021-01-04,M1,p10,A03,-0.39934514601939286,False,False
2021-01-04,M1,p10,A04,0.19828967974570721,False,False
2021-01-04,M1,p10,A05,0.00927865662235522,False,False
2021-01-04,M1,p10,B01,0.037316977305879837,False,False
2021-01-04,M1,p10,B02,-0.05094769894631708,False,False
2021-01-04,M1,p10,B03,0.42673987502807753,False,False
2021-01-04,M1,p10,C01,-0.09478772569998292,False,False
2021-01-04,M1,p10,C02,0.0514429923175454,False,False
2021-01-04,M1,p10,C03,0.1200317283895205,False,False
2021-01-04,M1,p10,D01,-0.01268276900399596,False,False
2021-01-04,M1,p10,D02,-0.12184791347558097,False,False
2021-01-04,M1,p10,D03,-0.33086042098615637,False,False
2021-01-04,M1,p10,E01,0.2730139167216581,False,False
2021-01-04,M1,p10,F01,0.2929261761015993,False,False
2021-01-04,M1,p10,F02,0.09021556387194091,False,False
2021-01-04,M1,p10,F03,-0.1716396892269788,False,False
2021-01-04,M1,p10,F04,0.014415158327524182,False,False
2021-01-04,M2,mu5,A01_spline_0,-0.021666313086638092,False,False
2021-01-04,M2,mu5,A01_spline_1,0.0004277489114555195,False,False
2021-01-04,M2,mu5,A01_spline_2,0.0003249068697382643,False,False
2021-01-04,M2,mu5,A02_spline_0,0.003804590852092907,False,False
2021-01-04,M2,mu5,A02_spline_1,0.002444246952026253,False,False
2021-01-04,M2,mu5,A02_spline_2,0.007501151283081692,False,False
2021-01-04,M2,mu5,A03_spline_0,-0.011264342189069097,False,False
2021-01-04,M2,mu5,A03_spline_1,0.002927589729674629,False,False
2021-01-04,M2,mu5,A03_spline_2,0.003833697099780798,False,False
2021-01-04,M2,mu5,A04_spline_0,0.0019567074283994837,False,False
2021-01-04,M2,mu5,A04_spline_1,0.00276258684669046,False,False
2021-01-04,M2,mu5,A04_spline_2,-0.00028931891354407524,False,False
2021-01-04,M2,mu5,A05_spline_0,-0.004342060920515213,False,False
2021-01-04,M2,mu5,A05_spline_1,0.004494075933032175,False,False
2021-01-04,M2,mu5,A05_spline_2,-0.000914214315785117,False,False
2021-01-04,M2,mu5,B01_spline_0,-0.00434619725744816,False,False
2021-01-04,M2,mu5,B01_spline_1,-0.0018360542898423393,False,False
2021-01-04,M2,mu5,B01_spline_2,-0.0007407041498429454,False,False
2021-01-04,M2,mu5,B02_spline_0,0.0006893159891619141,False,False
2021-01-04,M2,mu5,B02_spline_1,0.0013051607565388258,False,False
2021-01-04,M2,mu5,B02_spline_2,0.002281753033041157,False,False
2021-01-04,M2,mu5,B03_spline_0,0.005207101436298704,False,False
2021-01-04,M2,mu5,B03_spline_1,0.0016369861330944124,False,False
2021-01-04,M2,mu5,B03_spline_2,0.001789735088032863,False,False
2021-01-04,M2,mu5,C01_spline_0,0.003953193246871729,False,False
2021-01-04,M2,mu5,C01_spline_1,-0.009640739609882237,False,False
2021-01-04,M2,mu5,C01_spline_2,-0.0009846025622575333,False,False
2021-01-04,M2,mu5,C02_spline_0,0.0028728257904062707,False,False
2021-01-04,M2,mu5,C02_spline_1,-0.001876073647382076,False,False
2021-01-04,M2,mu5,C02_spline_2,-0.004800454409591228,False,False
2021-01-04,M2,mu5,C03_spline_0,-0.0034672473056265095,False,False
2021-01-04,M2,mu5,C03_spline_1,-0.003195995692086418,False,False
2021-01-04,M2,mu5,C03_spline_2,0.005853098704708593,False,False
2021-01-04,M2,mu5,D01_spline_0,-0.004413800469307115,False,False
2021-01-04,M2,mu5,D01_spline_1,0.0017529740770854676,False,False
2021-01-04,M2,mu5,D01_spline_2,-0.0047341323047101,False,False
2021-01-04,M2,mu5,D02_spline_0,0.0013799229544572897,False,False
2021-01-04,M2,mu5,D02_spline_1,-0.00463266611294416,False,False
2021-01-04,M2,mu5,D02_spline_2,-0.0014631112692403882,False,False
2021-01-04,M2,mu5,D03_spline_0,-0.0003017073201374296,False,False
2021-01-04,M2,mu5,D03_spline_1,-0.004297151581114983,False,False
2021-01-04,M2,mu5,D03_spline_2,0.00386956900183299,False,False
2021-01-04,M2,mu5,E01_spline_0,0.0010491268057962154,False,False
2021-01-04,M2,mu5,E01_spline_1,0.005267104175775552,False,False
2021-01-04,M2,mu5,E01_spline_2,-0.00679605793169775,False,False
2021-01-04,M2,mu5,F01_spline_0,-0.0012057074593618683,False,False
2021-01-04,M2,mu5,F01_spline_1,0.0030364754259477166,False,False
2021-01-04,M2,mu5,F01_spline_2,-0.0016509728902470825,False,False
2021-01-04,M2,mu5,F02_spline_0,0.005628003981375529,False,False
2021-01-04,M2,mu5,F02_spline_1,-0.000424995856991235,False,False
2021-01-04,M2,mu5,F02_spline_2,0.003835689116990721,False,False
2021-01-04,M2,mu5,F03_spline_0,-0.0022666525745554758,False,False
2021-01-04,M2,mu5,F03_spline_1,-0.0017410110791609824,False,False
2021-01-04,M2,mu5,F03_spline_2,0.0026293371484367783,False,False
2021-01-04,M2,mu5,F04_spline_0,-0.004846567427698485,False,False
2021-01-04,M2,mu5,F04_spline_1,0.004370242924038736,False,False
2021-01-04,M2,mu5,F04_spline_2,-0.006321806678054384,False,False
2021-01-04,M2,mu5,I01,-0.0004968995798027725,False,False
2021-01-04,M2,mu5,I02,0.00513972045020975,False,False
2021-01-04,M2,mu5,I03,0.0037783943339946263,False,False
2021-01-04,M2,mu5,I04,-0.0003390233131953166,False,False
2021-01-04,M2,mu5,I05,-0.00844160300009807,False,False
2021-01-04,M2,mu5,I06,-0.004935855057086589,False,False
2021-01-04,M2,q90,A01_spline_0,0.04087289328731082,False,False
2021-01-04,M2,q90,A01_spline_1,0.0,True,False
2021-01-04,M2,q90,A01_spline_2,0.0,True,False
2021-01-04,M2,q90,A02_spline_0,0.0,True,False
2021-01-04,M2,q90,A02_spline_1,0.0,True,False
2021-01-04,M2,q90,A02_spline_2,-0.0026557537986308223,False,False
2021-01-04,M2,q90,A03_spline_0,0.009786106288774193,False,False
2021-01-04,M2,q90,A03_spline_1,0.0,True,False
2021-01-04,M2,q90,A03_spline_2,0.0,True,False
2021-01-04,M2,q90,A04_spline_0,0.0,True,False
2021-01-04,M2,q90,A04_spline_1,0.0,True,False
2021-01-04,M2,q90,A04_spline_2,0.0,True,False
2021-01-04,M2,q90,A05_spline_0,0.0,True,False
2021-01-04,M2,q90,A05_spline_1,0.0,True,False
2021-01-04,M2,q90,A05_spline_2,0.0,True,False
2021-01-04,M2,q90,B01_spline_0,0.0,True,False
2021-01-04,M2,q90,B01_spline_1,0.0,True,False
2021-01-04,M2,q90,B01_spline_2,0.0,True,False
2021-01-04,M2,q90,B02_spline_0,0.0,True,False
2021-01-04,M2,q90,B02_spline_1,-0.001999632973980175,False,False
2021-01-04,M2,q90,B02_spline_2,0.0,True,False
2021-01-04,M2,q90,B03_spline_0,-0.0026526307317998464,False,False
2021-01-04,M2,q90,B03_spline_1,0.0,True,False
2021-01-04,M2,q90,B03_spline_2,0.0,True,False
2021-01-04,M2,q90,C01_spline_0,-0.008219896594190257,False,False
2021-01-04,M2,q90,C01_spline_1,0.0016346829229302222,False,False
2021-01-04,M2,q90,C01_spline_2,0.0,True,False
2021-01-04,M2,q90,C02_spline_0,0.0,True,False
2021-01-04,M2,q90,C02_spline_1,0.0,True,False
2021-01-04,M2,q90,C02_spline_2,0.004523483390669317,False,False
2021-01-04,M2,q90,C03_spline_0,0.0,True,False
2021-01-04,M2,q90,C03_spline_1,0.0,True,False
2021-01-04,M2,q90,C03_spline_2,0.0,True,False
2021-01-04,M2,q90,D01_spline_0,-0.0018383089558812714,False,False
2021-01-04,M2,q90,D01_spline_1,0.0,True,False
2021-01-04,M2,q90,D01_spline_2,0.0,True,False
2021-01-04,M2,q90,D02_spline_0,0.0,True,False
2021-01-04,M2,q90,D02_spline_1,0.0,True,False
2021-01-04,M2,q90,D02_spline_2,0.0,True,False
2021-01-04,M2,q90,D03_spline_0,0.0,True,False
2021-01-04,M2,q90,D03_spline_1,0.0,True,False
2021-01-04,M2,q90,D03_spline_2,0.0,True,False
2021-01-04,M2,q90,E01_spline_0,-0.003100410147776344,False,False
2021-01-04,M2,q90,E01_spline_1,0.0,True,False
2021-01-04,M2,q90,E01_spline_2,0.002851576397135074,False,False
2021-01-04,M2,q90,F01_spline_0,-0.0015650222097631286,False,False
2021-01-04,M2,q90,F01_spline_1,0.0,True,False
2021-01-04,M2,q90,F01_spline_2,0.004832410247118945,False,False
2021-01-04,M2,q90,F02_spline_0,-0.00713097443470315,False,False
2021-01-04,M2,q90,F02_spline_1,0.0,True,False
2021-01-04,M2,q90,F02_spline_2,0.0,True,False
2021-01-04,M2,q90,F03_spline_0,0.0,True,False
2021-01-04,M2,q90,F03_spline_1,0.0,True,False
2021-01-04,M2,q90,F03_spline_2,0.0,True,False
2021-01-04,M2,q90,F04_spline_0,0.0165347108300305,False,False
2021-01-04,M2,q90,F04_spline_1,0.0,True,False
2021-01-04,M2,q90,F04_spline_2,0.0,True,False
2021-01-04,M2,q90,I01,0.0,True,False
2021-01-04,M2,q90,I02,0.0,True,False
2021-01-04,M2,q90,I03,0.0,True,False
2021-01-04,M2,q90,I04,0.0,True,False
2021-01-04,M2,q90,I05,0.0,True,False
2021-01-04,M2,q90,I06,0.0,True,False
2021-01-04,M2,p10,A01_spline_0,0.5006664170187873,False,False
2021-01-04,M2,p10,A01_spline_1,-0.0014610978884681848,False,False
2021-01-04,M2,p10,A01_spline_2,0.12073479671896435,False,False
2021-01-04,M2,p10,A02_spline_0,-0.12623632983789976,False,False
2021-01-04,M2,p10,A02_spline_1,0.02166390737560895,False,False
2021-01-04,M2,p10,A02_spline_2,-0.1681887449138257,False,False
2021-01-04,M2,p10,A03_spline_0,0.46432156901174737,False,False
2021-01-04,M2,p10,A03_spline_1,0.05284498848433795,False,False
2021-01-04,M2,p10,A03_spline_2,-0.10859117620808457,False,False
2021-01-04,M2,p10,A04_spline_0,-0.08589436334952405,False,False
2021-01-04,M2,p10,A04_spline_1,-0.10766056754843607,False,False
2021-01-04,M2,p10,A04_spline_2,0.06186922627269754,False,False
2021-01-04,M2,p10,A05_spline_0,0.01585954893468108,False,False
2021-01-04,M2,p10,A05_spline_1,-0.07646096372772136,False,False
2021-01-04,M2,p10,A05_spline_2,0.23021201908048827,False,False
2021-01-04,M2,p10,B01_spline_0,0.15859308060381497,False,False
2021-01-04,M2,p10,B01_spline_1,-0.0591843070517959,False,False
2021-01-04,M2,p10,B01_spline_2,0.070942307979318,False,False
2021-01-04,M2,p10,B02_spline_0,-0.24801465865565347,False,False
2021-01-04,M2,p10,B02_spline_1,0.11701421769748829,False,False
2021-01-04,M2,p10,B02_spline_2,-0.21568987532371986,False,False
2021-01-04,M2,p10,B03_spline_0,-0.3238068626915472,False,False
2021-01-04,M2,p10,B03_spline_1,-0.2113857687365132,False,False
2021-01-04,M2,p10,B03_spline_2,0.17601927748194182,False,False
2021-01-04,M2,p10,C01_spline_0,-0.33598945951828174,False,False
2021-01-04,M2,p10,C01_spline_1,0.3290327213930362,False,False
2021-01-04,M2,p10,C01_spline_2,0.030882560014077718,False,False
2021-01-04,M2,p10,C02_spline_0,-0.39199569372817056,False,False
2021-01-04,M2,p10,C02_spline_1,-0.029182801352002234,False,False
2021-01-04,M2,p10,C02_spline_2,0.3385409113364064,False,False
2021-01-04,M2,p10,C03_spline_0,0.08319708952812307,False,False
2021-01-04,M2,p10,C03_spline_1,-0.020034140207101963,False,False
2021-01-04,M2,p10,C03_spline_2,-0.08532017152958982,False,False
2021-01-04,M2,p10,D01_spline_0,0.01816030199041258,False,False
2021-01-04,M2,p10,D01_spline_1,0.0564389136471705,False,False
2021-01-04,M2,p10,D01_spline_2,0.005522658696837787,False,False
2021-01-04,M2,p10,D02_spline_0,-0.05707871468978679,False,False
2021-01-04,M2,p10,D02_spline_1,0.13354751079525812,False,False
2021-01-04,M2,p10,D02_spline_2,0.013646300258895083,False,False
2021-01-04,M2,p10,D03_spline_0,0.005453900372443006,False,False
2021-01-04,M2,p10,D03_spline_1,0.25113607478261135,False,False
2021-01-04,M2,p10,D03_spline_2,-0.1429051611106208,False,False
2021-01-04,M2,p10,E01_spline_0,0.008098305257270517,False,False
2021-01-04,M2,p10,E01_spline_1,-0.21267672898682585,False,False
2021-01-04,M2,p10,E01_spline_2,0.19645601734891643,False,False
2021-01-04,M2,p10,F01_spline_0,0.04512691249725529,False,False
2021-01-04,M2,p10,F01_spline_1,-0.38713922430126385,False,False
2021-01-04,M2,p10,F01_spline_2,0.22660032676697933,False,False
2021-01-04,M2,p10,F02_spline_0,-0.20891016950277394,False,False
2021-01-04,M2,p10,F02_spline_1,-0.1165958714193874,False,False
2021-01-04,M2,p10,F02_spline_2,-0.1297954658501311,False,False
2021-01-04,M2,p10,F03_spline_0,0.11108178578012354,False,False
2021-01-04,M2,p10,F03_spline_1,0.058529002279450994,False,False
2021-01-04,M2,p10,F03_spline_2,-0.06416637974572242,False,False
2021-01-04,M2,p10,F04_spline_0,0.17867439341178923,False,False
2021-01-04,M2,p10,F04_spline_1,-0.2352959166888598,False,False
2021-01-04,M2,p10,F04_spline_2,0.26100301785078417,False,False
2021-01-04,M2,p10,I01,0.005284038015067353,False,False
2021-01-04,M2,p10,I02,0.11229921184746725,False,False
2021-01-04,M2,p10,I03,-0.07563994526578109,False,False
2021-01-04,M2,p10,I04,-0.030686388681472998,False,False
2021-01-04,M2,p10,I05,0.13715045988639288,False,False
2021-01-04,M2,p10,I06,0.061648545685076675,False,False
2021-02-01,M1,mu5,A01,0.007430984206002139,False,False
2021-02-01,M1,mu5,A02,-0.00019820036844526653,False,False
2021-02-01,M1,mu5,A03,0.008478091245742623,False,False
2021-02-01,M1,mu5,A04,-0.0025764296380405265,False,False
2021-02-01,M1,mu5,A05,-0.000518111138647484,False,False
2021-02-01,M1,mu5,B01,0.0032021016322232045,False,False
2021-02-01,M1,mu5,B02,0.0015516558475000028,False,False
2021-02-01,M1,mu5,B03,-0.004550952349215271,False,False
2021-02-01,M1,mu5,C01,0.0034073425877822355,False,False
2021-02-01,M1,mu5,C02,0.0020642092387141366,False,False
2021-02-01,M1,mu5,C03,0.000975441935807405,False,False
2021-02-01,M1,mu5,D01,0.0003029640440989287,False,False
2021-02-01,M1,mu5,D02,0.003917700497357847,False,False
2021-02-01,M1,mu5,D03,0.005729171325847413,False,False
2021-02-01,M1,mu5,E01,-0.005256567503813575,False,False
2021-02-01,M1,mu5,F01,-0.0015917219303428177,False,False
2021-02-01,M1,mu5,F02,0.0012655139333910318,False,False
2021-02-01,M1,mu5,F03,0.0032465954000069153,False,False
2021-02-01,M1,mu5,F04,-0.000263847862534492,False,False
2021-02-01,M1,q90,A01,-0.008187368575711144,False,False
2021-02-01,M1,q90,A02,0.0,True,False
2021-02-01,M1,q90,A03,0.0,True,False
2021-02-01,M1,q90,A04,0.007310200282528207,False,False
2021-02-01,M1,q90,A05,0.0,True,False
2021-02-01,M1,q90,B01,0.0,True,False
2021-02-01,M1,q90,B02,0.0035295709713926335,False,False
2021-02-01,M1,q90,B03,0.02517195774619295,False,False
2021-02-01,M1,q90,C01,0.0,True,False
2021-02-01,M1,q90,C02,0.0,True,False
2021-02-01,M1,q90,C03,0.0,True,False
2021-02-01,M1,q90,D01,0.0030218935687656673,False,False
2021-02-01,M1,q90,D02,0.0,True,False
2021-02-01,M1,q90,D03,-0.015911607902981045,False,False
2021-02-01,M1,q90,E01,0.015485522068811985,False,False
2021-02-01,M1,q90,F01,0.005018694409628051,False,False
2021-02-01,M1,q90,F02,0.0,True,False
2021-02-01,M1,q90,F03,-0.01045105536093678,False,False
2021-02-01,M1,q90,F04,0.0,True,False
2021-02-01,M1,p10,A01,-0.2803052878613197,False,False
2021-02-01,M1,p10,A02,0.010656153677917703,False,False
2021-02-01,M1,p10,A03,-0.34499548864476837,False,False
2021-02-01,M1,p10,A04,0.20170351898880753,False,False
2021-02-01,M1,p10,A05,0.024611333173021926,False,False
2021-02-01,M1,p10,B01,0.04892467815022338,False,False
2021-02-01,M1,p10,B02,-0.04277001478131543,False,False
2021-02-01,M1,p10,B03,0.3508475620022026,False,False
2021-02-01,M1,p10,C01,-0.03374463877715622,False,False
2021-02-01,M1,p10,C02,0.021078200622066442,False,False
2021-02-01,M1,p10,C03,0.09984645728032746,False,False
2021-02-01,M1,p10,D01,-0.0010352774642125014,False,False
2021-02-01,M1,p10,D02,-0.15433837512305557,False,False
2021-02-01,M1,p10,D03,-0.32257812677346925,False,False
2021-02-01,M1,p10,E01,0.2787235767551092,False,False
2021-02-01,M1,p10,F01,0.2748367579732078,False,False
2021-02-01,M1,p10,F02,0.0925722580864593,False,False
2021-02-01,M1,p10,F03,-0.1843373414078366,False,False
2021-02-01,M1,p10,F04,0.018890681369550615,False,False
2021-02-01,M2,mu5,A01_spline_0,-0.02211848510365381,False,False
2021-02-01,M2,mu5,A01_spline_1,0.000340120756179754,False,False
2021-02-01,M2,mu5,A01_spline_2,-6.022672029292039e-05,False,False
2021-02-01,M2,mu5,A02_spline_0,0.00426789942168358,False,False
2021-02-01,M2,mu5,A02_spline_1,0.0023325435530192314,False,False
2021-02-01,M2,mu5,A02_spline_2,0.007377712876540267,False,False
2021-02-01,M2,mu5,A03_spline_0,-0.011127835018193855,False,False
2021-02-01,M2,mu5,A03_spline_1,0.003457365677114548,False,False
2021-02-01,M2,mu5,A03_spline_2,0.004561120107025579,False,False
2021-02-01,M2,mu5,A04_spline_0,0.0020438106883543454,False,False
2021-02-01,M2,mu5,A04_spline_1,0.0030217317842429845,False,False
2021-02-01,M2,mu5,A04_spline_2,-0.0005823720642921899,False,False
2021-02-01,M2,mu5,A05_spline_0,-0.005161830121341806,False,False
2021-02-01,M2,mu5,A05_spline_1,0.0051613460469916,False,False
2021-02-01,M2,mu5,A05_spline_2,-0.001136124985062621,False,False
2021-02-01,M2,mu5,B01_spline_0,-0.0036585747566443847,False,False
2021-02-01,M2,mu5,B01_spline_1,-0.002042995539267828,False,False
2021-02-01,M2,mu5,B01_spline_2,-0.0009729011745229371,False,False
2021-02-01,M2,mu5,B02_spline_0,0.0007840861109001795,False,False
2021-02-01,M2,mu5,B02_spline_1,0.0009936380635937186,False,False
2021-02-01,M2,mu5,B02_spline_2,0.0025402354096477546,False,False
2021-02-01,M2,mu5,B03_spline_0,0.0052704619884489995,False,False
2021-02-01,M2,mu5,B03_spline_1,0.001130579525656134,False,False
2021-02-01,M2,mu5,B03_spline_2,0.002336841011009361,False,False
2021-02-01,M2,mu5,C01_spline_0,0.0041291248943275995,False,False
2021-02-01,M2,mu5,C01_spline_1,-0.008911656332028228,False,False
2021-02-01,M2,mu5,C01_spline_2,-0.0016956927561744333,False,False
2021-02-01,M2,mu5,C02_spline_0,0.0029541238390760984,False,False
2021-02-01,M2,mu5,C02_spline_1,-0.001958419657500339,False,False
2021-02-01,M2,mu5,C02_spline_2,-0.0048941731255507746,False,False
2021-02-01,M2,mu5,C03_spline_0,-0.0034968543101618578,False,False
2021-02-01,M2,mu5,C03_spline_1,-0.0038850565380493013,False,False
2021-02-01,M2,mu5,C03_spline_2,0.006406584220274885,False,False
2021-02-01,M2,mu5,D01_spline_0,-0.004204696860892762,False,False
2021-02-01,M2,mu5,D01_spline_1,0.0018172093078203634,False,False
2021-02-01,M2,mu5,D01_spline_2,-0.004807789330068965,False,False
2021-02-01,M2,mu5,D02_spline_0,0.0008284786785135892,False,False
2021-02-01,M2,mu5,D02_spline_1,-0.005124911481171708,False,False
2021-02-01,M2,mu5,D02_spline_2,-0.0002605885278651641,False,False
2021-02-01,M2,mu5,D03_spline_0,-2.607840836517123e-06,False,False
2021-02-01,M2,mu5,D03_spline_1,-0.004774392876789051,False,False
2021-02-01,M2,mu5,D03_spline_2,0.004093856880167348,False,False
2021-02-01,M2,mu5,E01_spline_0,0.0007442255255188882,False,False
2021-02-01,M2,mu5,E01_spline_1,0.005362842449320535,False,False
2021-02-01,M2,mu5,E01_spline_2,-0.0067299104575558625,False,False
2021-02-01,M2,mu5,F01_spline_0,-0.0012852911891989807,False,False
2021-02-01,M2,mu5,F01_spline_1,0.002849553490684945,False,False
2021-02-01,M2,mu5,F01_spline_2,-0.0013856147015387566,False,False
2021-02-01,M2,mu5,F02_spline_0,0.00546710590511581,False,False
2021-02-01,M2,mu5,F02_spline_1,-8.133890962487653e-05,False,False
2021-02-01,M2,mu5,F02_spline_2,0.004070931848167378,False,False
2021-02-01,M2,mu5,F03_spline_0,-0.0022977518275296943,False,False
2021-02-01,M2,mu5,F03_spline_1,-0.0019970766312116606,False,False
2021-02-01,M2,mu5,F03_spline_2,0.0029126582893434436,False,False
2021-02-01,M2,mu5,F04_spline_0,-0.004230238189126818,False,False
2021-02-01,M2,mu5,F04_spline_1,0.004213352013320855,False,False
2021-02-01,M2,mu5,F04_spline_2,-0.006514540136959058,False,False
2021-02-01,M2,mu5,I01,-0.0006050986210512112,False,False
2021-02-01,M2,mu5,I02,0.005147861265419173,False,False
2021-02-01,M2,mu5,I03,0.0035230640902799517,False,False
2021-02-01,M2,mu5,I04,-0.00022147891280501148,False,False
2021-02-01,M2,mu5,I05,-0.00848181959374691,False,False
2021-02-01,M2,mu5,I06,-0.004914223489672584,False,False
2021-02-01,M2,q90,A01_spline_0,0.03929040560989916,False,False
2021-02-01,M2,q90,A01_spline_1,0.0,True,False
2021-02-01,M2,q90,A01_spline_2,0.0,True,False
2021-02-01,M2,q90,A02_spline_0,0.0,True,False
2021-02-01,M2,q90,A02_spline_1,0.0,True,False
2021-02-01,M2,q90,A02_spline_2,-0.00010368508668391426,False,False
2021-02-01,M2,q90,A03_spline_0,0.0108576499379049,False,False
2021-02-01,M2,q90,A03_spline_1,0.0,True,False
2021-02-01,M2,q90,A03_spline_2,0.0,True,False
2021-02-01,M2,q90,A04_spline_0,0.0,True,False
2021-02-01,M2,q90,A04_spline_1,0.0,True,False
2021-02-01,M2,q90,A04_spline_2,0.0,True,False
2021-02-01,M2,q90,A05_spline_0,0.0,True,False
2021-02-01,M2,q90,A05_spline_1,0.0,True,False
2021-02-01,M2,q90,A05_spline_2,0.0,True,False
2021-02-01,M2,q90,B01_spline_0,0.0,True,False
2021-02-01,M2,q90,B01_spline_1,0.0,True,False
2021-02-01,M2,q90,B01_spline_2,0.0,True,False
2021-02-01,M2,q90,B02_spline_0,0.0,True,False
2021-02-01,M2,q90,B02_spline_1,0.0,True,False
2021-02-01,M2,q90,B02_spline_2,0.0,True,False
2021-02-01,M2,q90,B03_spline_0,-0.001424821393050492,False,False
2021-02-01,M2,q90,B03_spline_1,0.0,True,False
2021-02-01,M2,q90,B03_spline_2,0.0,True,False
2021-02-01,M2,q90,C01_spline_0,-0.009234183843350736,False,False
2021-02-01,M2,q90,C01_spline_1,0.002403165701855792,False,False
2021-02-01,M2,q90,C01_spline_2,0.0,True,False
2021-02-01,M2,q90,C02_spline_0,-0.0023528305278485524,False,False
2021-02-01,M2,q90,C02_spline_1,0.0,True,False
2021-02-01,M2,q90,C02_spline_2,0.002568349129505495,False,False
2021-02-01,M2,q90,C03_spline_0,0.0,True,False
2021-02-01,M2,q90,C03_spline_1,0.0,True,False
2021-02-01,M2,q90,C03_spline_2,0.0,True,False
2021-02-01,M2,q90,D01_spline_0,-0.002088589467481279,False,False
2021-02-01,M2,q90,D01_spline_1,0.0,True,False
2021-02-01,M2,q90,D01_spline_2,0.0,True,False
2021-02-01,M2,q90,D02_spline_0,0.0,True,False
2021-02-01,M2,q90,D02_spline_1,0.0,True,False
2021-02-01,M2,q90,D02_spline_2,0.0,True,False
2021-02-01,M2,q90,D03_spline_0,0.0,True,False
2021-02-01,M2,q90,D03_spline_1,0.0005667292662864992,False,False
2021-02-01,M2,q90,D03_spline_2,0.0,True,False
2021-02-01,M2,q90,E01_spline_0,-0.0007748785415598557,False,False
2021-02-01,M2,q90,E01_spline_1,0.0,True,False
2021-02-01,M2,q90,E01_spline_2,0.005005276463931327,False,False
2021-02-01,M2,q90,F01_spline_0,-0.002138063670925813,False,False
2021-02-01,M2,q90,F01_spline_1,0.0,True,False
2021-02-01,M2,q90,F01_spline_2,0.0046710488590807646,False,False
2021-02-01,M2,q90,F02_spline_0,-0.004890148947817339,False,False
2021-02-01,M2,q90,F02_spline_1,0.0,True,False
2021-02-01,M2,q90,F02_spline_2,0.0,True,False
2021-02-01,M2,q90,F03_spline_0,0.0,True,False
2021-02-01,M2,q90,F03_spline_1,0.0,True,False
2021-02-01,M2,q90,F03_spline_2,0.0,True,False
2021-02-01,M2,q90,F04_spline_0,0.01448841638307327,False,False
2021-02-01,M2,q90,F04_spline_1,0.0,True,False
2021-02-01,M2,q90,F04_spline_2,0.0,True,False
2021-02-01,M2,q90,I01,0.0,True,False
2021-02-01,M2,q90,I02,0.0,True,False
2021-02-01,M2,q90,I03,0.0,True,False
2021-02-01,M2,q90,I04,0.0,True,False
2021-02-01,M2,q90,I05,0.0,True,False
2021-02-01,M2,q90,I06,0.0,True,False
2021-02-01,M2,p10,A01_spline_0,0.5184602174415598,False,False
2021-02-01,M2,p10,A01_spline_1,0.007586606677656616,False,False
2021-02-01,M2,p10,A01_spline_2,0.1316106215043849,False,False
2021-02-01,M2,p10,A02_spline_0,-0.13538120566508388,False,False
2021-02-01,M2,p10,A02_spline_1,-0.009793758972217657,False,False
2021-02-01,M2,p10,A02_spline_2,-0.13191023341904445,False,False
2021-02-01,M2,p10,A03_spline_0,0.4867215201840573,False,False
2021-02-01,M2,p10,A03_spline_1,-0.02042543240305962,False,False
2021-02-01,M2,p10,A03_spline_2,-0.1418442836699786,False,False
2021-02-01,M2,p10,A04_spline_0,-0.10070167744647135,False,False
2021-02-01,M2,p10,A04_spline_1,-0.11669100615203892,False,False
2021-02-01,M2,p10,A04_spline_2,0.0686922849953677,False,False
2021-02-01,M2,p10,A05_spline_0,0.12864700280929525,False,False
2021-02-01,M2,p10,A05_spline_1,-0.16033866443295391,False,False
2021-02-01,M2,p10,A05_spline_2,0.245503028796345,False,False
2021-02-01,M2,p10,B01_spline_0,0.1237827942601088,False,False
2021-02-01,M2,p10,B01_spline_1,-0.04754296189051882,False,False
2021-02-01,M2,p10,B01_spline_2,0.07781079796900792,False,False
2021-02-01,M2,p10,B02_spline_0,-0.25888938340124423,False,False
2021-02-01,M2,p10,B02_spline_1,0.10586685487477784,False,False
2021-02-01,M2,p10,B02_spline_2,-0.20945029394273645,False,False
2021-02-01,M2,p10,B03_spline_0,-0.26555640152263543,False,False
2021-02-01,M2,p10,B03_spline_1,-0.1740506725005749,False,False
2021-02-01,M2,p10,B03_spline_2,0.10027456076182961,False,False
2021-02-01,M2,p10,C01_spline_0,-0.35104935334847326,False,False
2021-02-01,M2,p10,C01_spline_1,0.31109798634365476,False,False
2021-02-01,M2,p10,C01_spline_2,0.056976181663833954,False,False
2021-02-01,M2,p10,C02_spline_0,-0.42107130122655917,False,False
2021-02-01,M2,p10,C02_spline_1,-0.01139249880212492,False,False
2021-02-01,M2,p10,C02_spline_2,0.3337229977206059,False,False
2021-02-01,M2,p10,C03_spline_0,0.06096644863817022,False,False
2021-02-01,M2,p10,C03_spline_1,0.025035751685407164,False,False
2021-02-01,M2,p10,C03_spline_2,-0.12483476571547984,False,False
2021-02-01,M2,p10,D01_spline_0,-0.03832449443081858,False,False
2021-02-01,M2,p10,D01_spline_1,0.0677485529594286,False,False
2021-02-01,M2,p10,D01_spline_2,0.026094420460128498,False,False
2021-02-01,M2,p10,D02_spline_0,-0.04801906122467398,False,False
2021-02-01,M2,p10,D02_spline_1,0.15645514303748667,False,False
2021-02-01,M2,p10,D02_spline_2,-0.026289631817412947,False,False
2021-02-01,M2,p10,D03_spline_0,-0.031214934758752456,False,False
2021-02-01,M2,p10,D03_spline_1,0.27419155700535036,False,False
2021-02-01,M2,p10,D03_spline_2,-0.14840999804591257,False,False
2021-02-01,M2,p10,E01_spline_0,0.020110054142107026,False,False
2021-02-01,M2,p10,E01_spline_1,-0.21508811380389384,False,False
2021-02-01,M2,p10,E01_spline_2,0.1956795528459106,False,False
2021-02-01,M2,p10,F01_spline_0,0.045474259626704545,False,False
2021-02-01,M2,p10,F01_spline_1,-0.3715012513380157,False,False
2021-02-01,M2,p10,F01_spline_2,0.20729764514268514,False,False
2021-02-01,M2,p10,F02_spline_0,-0.2066121002026121,False,False
2021-02-01,M2,p10,F02_spline_1,-0.11632995344800659,False,False
2021-02-01,M2,p10,F02_spline_2,-0.16153253610239401,False,False
2021-02-01,M2,p10,F03_spline_0,0.11748918875147693,False,False
2021-02-01,M2,p10,F03_spline_1,0.07255974196825297,False,False
2021-02-01,M2,p10,F03_spline_2,-0.07560692006793826,False,False
2021-02-01,M2,p10,F04_spline_0,0.15270260437653596,False,False
2021-02-01,M2,p10,F04_spline_1,-0.22073628207666632,False,False
2021-02-01,M2,p10,F04_spline_2,0.26282070849481026,False,False
2021-02-01,M2,p10,I01,0.001897186445958606,False,False
2021-02-01,M2,p10,I02,0.09338011590091616,False,False
2021-02-01,M2,p10,I03,-0.08171209042382446,False,False
2021-02-01,M2,p10,I04,-0.02585258967875093,False,False
2021-02-01,M2,p10,I05,0.14271683732020735,False,False
2021-02-01,M2,p10,I06,0.06613775817681732,False,False
2021-03-01,M1,mu5,A01,0.007755785510271214,False,False
2021-03-01,M1,mu5,A02,-7.665433417130151e-05,False,False
2021-03-01,M1,mu5,A03,0.007752693225946997,False,False
2021-03-01,M1,mu5,A04,-0.0026518759860201446,False,False
2021-03-01,M1,mu5,A05,-0.0004669955456310999,False,False
2021-03-01,M1,mu5,B01,0.0035112168104332784,False,False
2021-03-01,M1,mu5,B02,0.0015551750505252337,False,False
2021-03-01,M1,mu5,B03,-0.004171523510352335,False,False
2021-03-01,M1,mu5,C01,0.0038286766606499528,False,False
2021-03-01,M1,mu5,C02,0.0025842493701947818,False,False
2021-03-01,M1,mu5,C03,0.0018887629228732238,False,False
2021-03-01,M1,mu5,D01,-0.00011599284143182573,False,False
2021-03-01,M1,mu5,D02,0.003453570127373243,False,False
2021-03-01,M1,mu5,D03,0.005859371472035666,False,False
2021-03-01,M1,mu5,E01,-0.005090242828364153,False,False
2021-03-01,M1,mu5,F01,-0.0007984735046297811,False,False
2021-03-01,M1,mu5,F02,0.0019489322406329103,False,False
2021-03-01,M1,mu5,F03,0.0022543494357254563,False,False
2021-03-01,M1,mu5,F04,-7.291566007907009e-05,False,False
2021-03-01,M1,q90,A01,-0.008981158772594304,False,False
2021-03-01,M1,q90,A02,0.0,True,False
2021-03-01,M1,q90,A03,0.0,True,False
2021-03-01,M1,q90,A04,0.01194601764790607,False,False
2021-03-01,M1,q90,A05,0.0,True,False
2021-03-01,M1,q90,B01,0.0,True,False
2021-03-01,M1,q90,B02,0.0025401267219593033,False,False
2021-03-01,M1,q90,B03,0.017582479002322494,False,False
2021-03-01,M1,q90,C01,0.0,True,False
2021-03-01,M1,q90,C02,0.0,True,False
2021-03-01,M1,q90,C03,0.0,True,False
2021-03-01,M1,q90,D01,0.004871341822729739,False,False
2021-03-01,M1,q90,D02,0.0,True,False
2021-03-01,M1,q90,D03,-0.01631328779175662,False,False
2021-03-01,M1,q90,E01,0.01313559002282406,False,False
2021-03-01,M1,q90,F01,0.005010871108718325,False,False
2021-03-01,M1,q90,F02,0.0,True,False
2021-03-01,M1,q90,F03,-0.0030518951055970712,False,False
2021-03-01,M1,q90,F04,0.0,True,False
2021-03-01,M1,p10,A01,-0.2987192708270535,False,False
2021-03-01,M1,p10,A02,0.010765694749229861,False,False
2021-03-01,M1,p10,A03,-0.2896943166869705,False,False
2021-03-01,M1,p10,A04,0.23595487904010198,False,False
2021-03-01,M1,p10,A05,0.03626223683385681,False,False
2021-03-01,M1,p10,B01,0.051706683848207674,False,False
2021-03-01,M1,p10,B02,-0.03688651718845528,False,False
2021-03-01,M1,p10,B03,0.3467698703833957,False,False
2021-03-01,M1,p10,C01,-0.00821430127428222,False,False
2021-03-01,M1,p10,C02,-0.07366977253542394,False,False
2021-03-01,M1,p10,C03,0.07860138346084469,False,False
2021-03-01,M1,p10,D01,0.027949303005389822,False,False
2021-03-01,M1,p10,D02,-0.17978799848770763,False,False
2021-03-01,M1,p10,D03,-0.341146702535764,False,False
2021-03-01,M1,p10,E01,0.27297626890356513,False,False
2021-03-01,M1,p10,F01,0.26049376375590866,False,False
2021-03-01,M1,p10,F02,0.0641783778441261,False,False
2021-03-01,M1,p10,F03,-0.19747925035235722,False,False
2021-03-01,M1,p10,F04,-0.02264252554644224,False,False
2021-03-01,M2,mu5,A01_spline_0,-0.02241653156343655,False,False
2021-03-01,M2,mu5,A01_spline_1,0.0001917920899229767,False,False
2021-03-01,M2,mu5,A01_spline_2,0.0009040725048081588,False,False
2021-03-01,M2,mu5,A02_spline_0,0.003969495644005597,False,False
2021-03-01,M2,mu5,A02_spline_1,0.0023869521929392452,False,False
2021-03-01,M2,mu5,A02_spline_2,0.007416747297652838,False,False
2021-03-01,M2,mu5,A03_spline_0,-0.011141882618764316,False,False
2021-03-01,M2,mu5,A03_spline_1,0.004309581177363941,False,False
2021-03-01,M2,mu5,A03_spline_2,0.0048862078473005085,False,False
2021-03-01,M2,mu5,A04_spline_0,0.0023789964484382305,False,False
2021-03-01,M2,mu5,A04_spline_1,0.0030798801665805602,False,False
2021-03-01,M2,mu5,A04_spline_2,-0.00090799289990765,False,False
2021-03-01,M2,mu5,A05_spline_0,-0.005345452874105471,False,False
2021-03-01,M2,mu5,A05_spline_1,0.00548571252793425,False,False
2021-03-01,M2,mu5,A05_spline_2,-0.0009689847936748533,False,False
2021-03-01,M2,mu5,B01_spline_0,-0.0033521398473903424,False,False
2021-03-01,M2,mu5,B01_spline_1,-0.0028329333824511993,False,False
2021-03-01,M2,mu5,B01_spline_2,-0.0005910361167709825,False,False
2021-03-01,M2,mu5,B02_spline_0,0.0011319274232266298,False,False
2021-03-01,M2,mu5,B02_spline_1,0.000878457066562908,False,False
2021-03-01,M2,mu5,B02_spline_2,0.0029624993842368354,False,False
2021-03-01,M2,mu5,B03_spline_0,0.005903172107840542,False,False
2021-03-01,M2,mu5,B03_spline_1,0.0013282340505970571,False,False
2021-03-01,M2,mu5,B03_spline_2,0.0026949531969214712,False,False
2021-03-01,M2,mu5,C01_spline_0,0.00461973621794752,False,False
2021-03-01,M2,mu5,C01_spline_1,-0.00983437054639812,False,False
2021-03-01,M2,mu5,C01_spline_2,-0.0014254394558248003,False,False
2021-03-01,M2,mu5,C02_spline_0,0.002499383531645619,False,False
2021-03-01,M2,mu5,C02_spline_1,-0.002007881556736199,False,False
2021-03-01,M2,mu5,C02_spline_2,-0.005683476937950294,False,False
2021-03-01,M2,mu5,C03_spline_0,-0.003037957200977537,False,False
2021-03-01,M2,mu5,C03_spline_1,-0.004957312000662889,False,False
2021-03-01,M2,mu5,C03_spline_2,0.006723901834648471,False,False
2021-03-01,M2,mu5,D01_spline_0,-0.004187286064989143,False,False
2021-03-01,M2,mu5,D01_spline_1,0.0025418753321613747,False,False
2021-03-01,M2,mu5,D01_spline_2,-0.005356391771260972,False,False
2021-03-01,M2,mu5,D02_spline_0,0.0007106656168225246,False,False
2021-03-01,M2,mu5,D02_spline_1,-0.004600044562957326,False,False
2021-03-01,M2,mu5,D02_spline_2,-0.0009160812422378223,False,False
2021-03-01,M2,mu5,D03_spline_0,-5.517637594104163e-05,False,False
2021-03-01,M2,mu5,D03_spline_1,-0.0050361652406348545,False,False
2021-03-01,M2,mu5,D03_spline_2,0.004658189037702696,False,False
2021-03-01,M2,mu5,E01_spline_0,0.0010041133990242868,False,False
2021-03-01,M2,mu5,E01_spline_1,0.005092075673376561,False,False
2021-03-01,M2,mu5,E01_spline_2,-0.007457702652083138,False,False
2021-03-01,M2,mu5,F01_spline_0,-0.0018555548094620648,False,False
2021-03-01,M2,mu5,F01_spline_1,0.0027323357666208343,False,False
2021-03-01,M2,mu5,F01_spline_2,-0.0010503875735455638,False,False
2021-03-01,M2,mu5,F02_spline_0,0.005772227191848677,False,False
2021-03-01,M2,mu5,F02_spline_1,-0.0008141704813743496,False,False
2021-03-01,M2,mu5,F02_spline_2,0.003826708861072207,False,False
2021-03-01,M2,mu5,F03_spline_0,-0.001956025545059536,False,False
2021-03-01,M2,mu5,F03_spline_1,-0.0012005107956969538,False,False
2021-03-01,M2,mu5,F03_spline_2,0.0018097148301598584,False,False
2021-03-01,M2,mu5,F04_spline_0,-0.0041304704923056865,False,False
2021-03-01,M2,mu5,F04_spline_1,0.0037898140091104397,False,False
2021-03-01,M2,mu5,F04_spline_2,-0.005953670356588838,False,False
2021-03-01,M2,mu5,I01,-0.0001501941313916304,False,False
2021-03-01,M2,mu5,I02,0.006279705439927646,False,False
2021-03-01,M2,mu5,I03,0.003909913660621169,False,False
2021-03-01,M2,mu5,I04,0.00019000153316714192,False,False
2021-03-01,M2,mu5,I05,-0.008597896965492891,False,False
2021-03-01,M2,mu5,I06,-0.004433613839770029,False,False
2021-03-01,M2,q90,A01_spline_0,0.03707061253975878,False,False
2021-03-01,M2,q90,A01_spline_1,0.0,True,False
2021-03-01,M2,q90,A01_spline_2,0.0,True,False
2021-03-01,M2,q90,A02_spline_0,0.0,True,False
2021-03-01,M2,q90,A02_spline_1,0.0,True,False
2021-03-01,M2,q90,A02_spline_2,0.0,True,False
2021-03-01,M2,q90,A03_spline_0,0.009854805213334395,False,False
2021-03-01,M2,q90,A03_spline_1,0.0,True,False
2021-03-01,M2,q90,A03_spline_2,0.0,True,False
2021-03-01,M2,q90,A04_spline_0,0.0,True,False
2021-03-01,M2,q90,A04_spline_1,0.0,True,False
2021-03-01,M2,q90,A04_spline_2,0.0,True,False
2021-03-01,M2,q90,A05_spline_0,0.0011856912650706497,False,False
2021-03-01,M2,q90,A05_spline_1,-0.0018310099552236066,False,False
2021-03-01,M2,q90,A05_spline_2,0.0,True,False
2021-03-01,M2,q90,B01_spline_0,0.0,True,False
2021-03-01,M2,q90,B01_spline_1,0.0,True,False
2021-03-01,M2,q90,B01_spline_2,0.0,True,False
2021-03-01,M2,q90,B02_spline_0,-0.00016736061038633707,False,False
2021-03-01,M2,q90,B02_spline_1,0.0,True,False
2021-03-01,M2,q90,B02_spline_2,0.0,True,False
2021-03-01,M2,q90,B03_spline_0,-0.0028846100336162904,False,False
2021-03-01,M2,q90,B03_spline_1,0.0,True,False
2021-03-01,M2,q90,B03_spline_2,0.0,True,False
2021-03-01,M2,q90,C01_spline_0,-0.011411345438489628,False,False
2021-03-01,M2,q90,C01_spline_1,0.00021139606137478859,False,False
2021-03-01,M2,q90,C01_spline_2,0.0,True,False
2021-03-01,M2,q90,C02_spline_0,-0.0037625744741430944,False,False
2021-03-01,M2,q90,C02_spline_1,0.0,True,False
2021-03-01,M2,q90,C02_spline_2,0.0,True,False
2021-03-01,M2,q90,C03_spline_0,0.0,True,False
2021-03-01,M2,q90,C03_spline_1,0.0,True,False
2021-03-01,M2,q90,C03_spline_2,0.0,True,False
2021-03-01,M2,q90,D01_spline_0,-0.0011614868706042642,False,False
2021-03-01,M2,q90,D01_spline_1,0.0,True,False
2021-03-01,M2,q90,D01_spline_2,0.0,True,False
2021-03-01,M2,q90,D02_spline_0,0.0,True,False
2021-03-01,M2,q90,D02_spline_1,0.0,True,False
2021-03-01,M2,q90,D02_spline_2,0.0,True,False
2021-03-01,M2,q90,D03_spline_0,0.0,True,False
2021-03-01,M2,q90,D03_spline_1,0.006318318880599413,False,False
2021-03-01,M2,q90,D03_spline_2,-0.0004979281541351817,False,False
2021-03-01,M2,q90,E01_spline_0,0.0,True,False
2021-03-01,M2,q90,E01_spline_1,0.0,True,False
2021-03-01,M2,q90,E01_spline_2,0.0138142655820903,False,False
2021-03-01,M2,q90,F01_spline_0,-0.003256745890344091,False,False
2021-03-01,M2,q90,F01_spline_1,0.0,True,False
2021-03-01,M2,q90,F01_spline_2,0.0023189500420221143,False,False
2021-03-01,M2,q90,F02_spline_0,-0.0013164969412922398,False,False
2021-03-01,M2,q90,F02_spline_1,0.0,True,False
2021-03-01,M2,q90,F02_spline_2,0.0,True,False
2021-03-01,M2,q90,F03_spline_0,0.0,True,False
2021-03-01,M2,q90,F03_spline_1,0.0,True,False
2021-03-01,M2,q90,F03_spline_2,0.0,True,False
2021-03-01,M2,q90,F04_spline_0,0.011291209115104102,False,False
2021-03-01,M2,q90,F04_spline_1,0.0,True,False
2021-03-01,M2,q90,F04_spline_2,0.0,True,False
2021-03-01,M2,q90,I01,0.0,True,False
2021-03-01,M2,q90,I02,0.0,True,False
2021-03-01,M2,q90,I03,0.0,True,False
2021-03-01,M2,q90,I04,0.0,True,False
2021-03-01,M2,q90,I05,0.0,True,False
2021-03-01,M2,q90,I06,0.0,True,False
2021-03-01,M2,p10,A01_spline_0,0.5322773478848404,False,False
2021-03-01,M2,p10,A01_spline_1,0.02356423523753933,False,False
2021-03-01,M2,p10,A01_spline_2,0.033144300014340676,False,False
2021-03-01,M2,p10,A02_spline_0,-0.15905362466071,False,False
2021-03-01,M2,p10,A02_spline_1,0.010301323168304122,False,False
2021-03-01,M2,p10,A02_spline_2,-0.13830065605495726,False,False
2021-03-01,M2,p10,A03_spline_0,0.4991354061259148,False,False
2021-03-01,M2,p10,A03_spline_1,-0.077131076843535,False,False
2021-03-01,M2,p10,A03_spline_2,-0.13747139027940375,False,False
2021-03-01,M2,p10,A04_spline_0,-0.11061237927237821,False,False
2021-03-01,M2,p10,A04_spline_1,-0.14270666730541928,False,False
2021-03-01,M2,p10,A04_spline_2,0.09817965685658155,False,False
2021-03-01,M2,p10,A05_spline_0,0.16424348868685826,False,False
2021-03-01,M2,p10,A05_spline_1,-0.1794028177891702,False,False
2021-03-01,M2,p10,A05_spline_2,0.2560064023705874,False,False
2021-03-01,M2,p10,B01_spline_0,0.10445036706497575,False,False
2021-03-01,M2,p10,B01_spline_1,-0.020432341464589134,False,False
2021-03-01,M2,p10,B01_spline_2,0.07117818813648923,False,False
2021-03-01,M2,p10,B02_spline_0,-0.266820417722171,False,False
2021-03-01,M2,p10,B02_spline_1,0.1027494351280061,False,False
2021-03-01,M2,p10,B02_spline_2,-0.21984263473910973,False,False
2021-03-01,M2,p10,B03_spline_0,-0.28723682482106666,False,False
2021-03-01,M2,p10,B03_spline_1,-0.16526620002301756,False,False
2021-03-01,M2,p10,B03_spline_2,0.06140313189709459,False,False
2021-03-01,M2,p10,C01_spline_0,-0.3818931247917046,False,False
2021-03-01,M2,p10,C01_spline_1,0.3278559299302659,False,False
2021-03-01,M2,p10,C01_spline_2,0.07034164232434259,False,False
2021-03-01,M2,p10,C02_spline_0,-0.3232740994712151,False,False
2021-03-01,M2,p10,C02_spline_1,-0.0103216348146933,False,False
2021-03-01,M2,p10,C02_spline_2,0.3232890060485748,False,False
2021-03-01,M2,p10,C03_spline_0,0.01627838519127693,False,False
2021-03-01,M2,p10,C03_spline_1,0.09068340116330333,False,False
2021-03-01,M2,p10,C03_spline_2,-0.16348180997320375,False,False
2021-03-01,M2,p10,D01_spline_0,-0.07894036776307102,False,False
2021-03-01,M2,p10,D01_spline_1,0.0631741067395214,False,False
2021-03-01,M2,p10,D01_spline_2,0.054299227554871723,False,False
2021-03-01,M2,p10,D02_spline_0,-0.032470507033872005,False,False
2021-03-01,M2,p10,D02_spline_1,0.16711920456993856,False,False
2021-03-01,M2,p10,D02_spline_2,-0.05159415880385891,False,False
2021-03-01,M2,p10,D03_spline_0,-0.038149032356711264,False,False
2021-03-01,M2,p10,D03_spline_1,0.3018214871818899,False,False
2021-03-01,M2,p10,D03_spline_2,-0.189184022845589,False,False
2021-03-01,M2,p10,E01_spline_0,0.023863148353969715,False,False
2021-03-01,M2,p10,E01_spline_1,-0.20270786795023682,False,False
2021-03-01,M2,p10,E01_spline_2,0.21302375243685834,False,False
2021-03-01,M2,p10,F01_spline_0,0.07055130232171385,False,False
2021-03-01,M2,p10,F01_spline_1,-0.3727960153503587,False,False
2021-03-01,M2,p10,F01_spline_2,0.20060873686969505,False,False
2021-03-01,M2,p10,F02_spline_0,-0.2044801261162042,False,False
2021-03-01,M2,p10,F02_spline_1,-0.08445743487305686,False,False
2021-03-01,M2,p10,F02_spline_2,-0.1554052111912743,False,False
2021-03-01,M2,p10,F03_spline_0,0.1221529165419884,False,False
2021-03-01,M2,p10,F03_spline_1,0.08763471177692735,False,False
2021-03-01,M2,p10,F03_spline_2,-0.08041751743987491,False,False
2021-03-01,M2,p10,F04_spline_0,0.1312018869902249,False,False
2021-03-01,M2,p10,F04_spline_1,-0.17061950026936676,False,False
2021-03-01,M2,p10,F04_spline_2,0.21482862986111917,False,False
2021-03-01,M2,p10,I01,-0.018117358200624253,False,False
2021-03-01,M2,p10,I02,0.03963681489861904,False,False
2021-03-01,M2,p10,I03,-0.11509197103049121,False,False
2021-03-01,M2,p10,I04,-0.04758655132272175,False,False
2021-03-01,M2,p10,I05,0.1509471216878623,False,False
2021-03-01,M2,p10,I06,0.056731842415191976,False,False
2021-04-01,M1,mu5,A01,0.008400455734456183,False,False
2021-04-01,M1,mu5,A02,0.0004880997337299696,False,False
2021-04-01,M1,mu5,A03,0.00774272009794397,False,False
2021-04-01,M1,mu5,A04,-0.002501733719820209,False,False
2021-04-01,M1,mu5,A05,-0.000648645627323165,False,False
2021-04-01,M1,mu5,B01,0.00379650879865454,False,False
2021-04-01,M1,mu5,B02,0.0021399385480057936,False,False
2021-04-01,M1,mu5,B03,-0.004415745608066084,False,False
2021-04-01,M1,mu5,C01,0.0040856875908165955,False,False
2021-04-01,M1,mu5,C02,0.002368088865562741,False,False
2021-04-01,M1,mu5,C03,0.001639419818260014,False,False
2021-04-01,M1,mu5,D01,0.0005877806195782901,False,False
2021-04-01,M1,mu5,D02,0.0030295245970743036,False,False
2021-04-01,M1,mu5,D03,0.005620959817393874,False,False
2021-04-01,M1,mu5,E01,-0.004846908759378505,False,False
2021-04-01,M1,mu5,F01,-0.000958050202223181,False,False
2021-04-01,M1,mu5,F02,0.002266501093038644,False,False
2021-04-01,M1,mu5,F03,0.002336364464641587,False,False
2021-04-01,M1,mu5,F04,-0.00010545998317490308,False,False
2021-04-01,M1,q90,A01,-0.004821874970176233,False,False
2021-04-01,M1,q90,A02,0.0,True,False
2021-04-01,M1,q90,A03,-0.0004164358623256979,False,False
2021-04-01,M1,q90,A04,0.01702064053857216,False,False
2021-04-01,M1,q90,A05,0.0,True,False
2021-04-01,M1,q90,B01,0.0,True,False
2021-04-01,M1,q90,B02,0.0,True,False
2021-04-01,M1,q90,B03,0.01707927791727457,False,False
2021-04-01,M1,q90,C01,0.0,True,False
2021-04-01,M1,q90,C02,0.0,True,False
2021-04-01,M1,q90,C03,0.0,True,False
2021-04-01,M1,q90,D01,0.0,True,False
2021-04-01,M1,q90,D02,0.0,True,False
2021-04-01,M1,q90,D03,-0.011813149069344832,False,False
2021-04-01,M1,q90,E01,0.008487566040431882,False,False
2021-04-01,M1,q90,F01,0.0027665401084518695,False,False
2021-04-01,M1,q90,F02,0.0,True,False
2021-04-01,M1,q90,F03,-0.0033939640096610772,False,False
2021-04-01,M1,q90,F04,0.0,True,False
2021-04-01,M1,p10,A01,-0.3251666216799602,False,False
2021-04-01,M1,p10,A02,-0.003941879431250424,False,False
2021-04-01,M1,p10,A03,-0.28831959732691353,False,False
2021-04-01,M1,p10,A04,0.24271102280845408,False,False
2021-04-01,M1,p10,A05,0.037123288091685754,False,False
2021-04-01,M1,p10,B01,0.0409408385770045,False,False
2021-04-01,M1,p10,B02,-0.05014166793473538,False,False
2021-04-01,M1,p10,B03,0.36784043230870755,False,False
2021-04-01,M1,p10,C01,-0.022714611507952252,False,False
2021-04-01,M1,p10,C02,-0.0635900753901779,False,False
2021-04-01,M1,p10,C03,0.07060041467981874,False,False
2021-04-01,M1,p10,D01,0.021968262791704996,False,False
2021-04-01,M1,p10,D02,-0.1721531789083022,False,False
2021-04-01,M1,p10,D03,-0.34838946122637654,False,False
2021-04-01,M1,p10,E01,0.2646747120056278,False,False
2021-04-01,M1,p10,F01,0.2747843141654326,False,False
2021-04-01,M1,p10,F02,0.057101116461004076,False,False
2021-04-01,M1,p10,F03,-0.2083027637242749,False,False
2021-04-01,M1,p10,F04,-0.036528327598062786,False,False
2021-04-01,M2,mu5,A01_spline_0,-0.02257724153981925,False,False
2021-04-01,M2,mu5,A01_spline_1,-0.00033071603539380767,False,False
2021-04-01,M2,mu5,A01_spline_2,0.001487515539081668,False,False
2021-04-01,M2,mu5,A02_spline_0,0.0037227410319578573,False,False
2021-04-01,M2,mu5,A02_spline_1,0.0021203940015730406,False,False
2021-04-01,M2,mu5,A02_spline_2,0.007824810348885668,False,False
2021-04-01,M2,mu5,A03_spline_0,-0.011009806338723765,False,False
2021-04-01,M2,mu5,A03_spline_1,0.004102118849947048,False,False
2021-04-01,M2,mu5,A03_spline_2,0.004127961939321086,False,False
2021-04-01,M2,mu5,A04_spline_0,0.002231570964754472,False,False
2021-04-01,M2,mu5,A04_spline_1,0.0028836628603822407,False,False
2021-04-01,M2,mu5,A04_spline_2,-0.0007378259546427643,False,False
2021-04-01,M2,mu5,A05_spline_0,-0.005848841256252507,False,False
2021-04-01,M2,mu5,A05_spline_1,0.00533520716491083,False,False
2021-04-01,M2,mu5,A05_spline_2,-0.0018082288266857943,False,False
2021-04-01,M2,mu5,B01_spline_0,-0.0037840176694090267,False,False
2021-04-01,M2,mu5,B01_spline_1,-0.0020658508269554786,False,False
2021-04-01,M2,mu5,B01_spline_2,-0.0009141252693514474,False,False
2021-04-01,M2,mu5,B02_spline_0,0.0011758238433621348,False,False
2021-04-01,M2,mu5,B02_spline_1,0.0005977311750997669,False,False
2021-04-01,M2,mu5,B02_spline_2,0.0032369161803004346,False,False
2021-04-01,M2,mu5,B03_spline_0,0.006202596849737329,False,False
2021-04-01,M2,mu5,B03_spline_1,0.0017903004300037681,False,False
2021-04-01,M2,mu5,B03_spline_2,0.002010998195962986,False,False
2021-04-01,M2,mu5,C01_spline_0,0.004585442968112346,False,False
2021-04-01,M2,mu5,C01_spline_1,-0.010243319387131977,False,False
2021-04-01,M2,mu5,C01_spline_2,-0.0010390434342703414,False,False
2021-04-01,M2,mu5,C02_spline_0,0.001712446781744319,False,False
2021-04-01,M2,mu5,C02_spline_1,-0.0018485091138001654,False,False
2021-04-01,M2,mu5,C02_spline_2,-0.005672431065480741,False,False
2021-04-01,M2,mu5,C03_spline_0,-0.002784703278518139,False,False
2021-04-01,M2,mu5,C03_spline_1,-0.0045834059343297035,False,False
2021-04-01,M2,mu5,C03_spline_2,0.0060868206506908724,False,False
2021-04-01,M2,mu5,D01_spline_0,-0.004824321409226208,False,False
2021-04-01,M2,mu5,D01_spline_1,0.002197722399371948,False,False
2021-04-01,M2,mu5,D01_spline_2,-0.0045359763652519074,False,False
2021-04-01,M2,mu5,D02_spline_0,0.0005497054643773184,False,False
2021-04-01,M2,mu5,D02_spline_1,-0.0044764152962089715,False,False
2021-04-01,M2,mu5,D02_spline_2,-0.0008588121652121398,False,False
2021-04-01,M2,mu5,D03_spline_0,-0.0005039634540747241,False,False
2021-04-01,M2,mu5,D03_spline_1,-0.0042097991721778095,False,False
2021-04-01,M2,mu5,D03_spline_2,0.00448599906784688,False,False
2021-04-01,M2,mu5,E01_spline_0,0.0008190677397340597,False,False
2021-04-01,M2,mu5,E01_spline_1,0.005015506093218119,False,False
2021-04-01,M2,mu5,E01_spline_2,-0.007320364565705258,False,False
2021-04-01,M2,mu5,F01_spline_0,-0.001846143325746753,False,False
2021-04-01,M2,mu5,F01_spline_1,0.0027607572746672073,False,False
2021-04-01,M2,mu5,F01_spline_2,-0.0010971040849404308,False,False
2021-04-01,M2,mu5,F02_spline_0,0.005632264118337142,False,False
2021-04-01,M2,mu5,F02_spline_1,-0.0006355296128617949,False,False
2021-04-01,M2,mu5,F02_spline_2,0.003906223266535224,False,False
2021-04-01,M2,mu5,F03_spline_0,-0.0019038211662904068,False,False
2021-04-01,M2,mu5,F03_spline_1,-0.0010544957069860842,False,False
2021-04-01,M2,mu5,F03_spline_2,0.0017482590685999528,False,False
2021-04-01,M2,mu5,F04_spline_0,-0.003907781357828389,False,False
2021-04-01,M2,mu5,F04_spline_1,0.003668026260554168,False,False
2021-04-01,M2,mu5,F04_spline_2,-0.005703933545405481,False,False
2021-04-01,M2,mu5,I01,-0.00035021176311474805,False,False
2021-04-01,M2,mu5,I02,0.005952554368585218,False,False
2021-04-01,M2,mu5,I03,0.003647295096028965,False,False
2021-04-01,M2,mu5,I04,0.0002472153148777318,False,False
2021-04-01,M2,mu5,I05,-0.008595017362076319,False,False
2021-04-01,M2,mu5,I06,-0.004215068600320228,False,False
2021-04-01,M2,q90,A01_spline_0,0.03763920870213309,False,False
2021-04-01,M2,q90,A01_spline_1,0.0,True,False
2021-04-01,M2,q90,A01_spline_2,0.0,True,False
2021-04-01,M2,q90,A02_spline_0,0.0,True,False
2021-04-01,M2,q90,A02_spline_1,0.0,True,False
2021-04-01,M2,q90,A02_spline_2,-0.0011962355585337136,False,False
2021-04-01,M2,q90,A03_spline_0,0.007917732291372537,False,False
2021-04-01,M2,q90,A03_spline_1,0.0,True,False
2021-04-01,M2,q90,A03_spline_2,0.0,True,False
2021-04-01,M2,q90,A04_spline_0,0.0,True,False
2021-04-01,M2,q90,A04_spline_1,0.0,True,False
2021-04-01,M2,q90,A04_spline_2,0.0,True,False
2021-04-01,M2,q90,A05_spline_0,3.440142501373635e-07,False,True
2021-04-01,M2,q90,A05_spline_1,-0.0016259243586423445,False,False
2021-04-01,M2,q90,A05_spline_2,0.0,True,False
2021-04-01,M2,q90,B01_spline_0,0.0,True,False
2021-04-01,M2,q90,B01_spline_1,0.0,True,False
2021-04-01,M2,q90,B01_spline_2,0.0,True,False
2021-04-01,M2,q90,B02_spline_0,0.0,True,False
2021-04-01,M2,q90,B02_spline_1,0.0,True,False
2021-04-01,M2,q90,B02_spline_2,0.0,True,False
2021-04-01,M2,q90,B03_spline_0,-0.0036329512584468335,False,False
2021-04-01,M2,q90,B03_spline_1,0.0,True,False
2021-04-01,M2,q90,B03_spline_2,0.0,True,False
2021-04-01,M2,q90,C01_spline_0,-0.011378237180711707,False,False
2021-04-01,M2,q90,C01_spline_1,8.966662722583742e-05,False,False
2021-04-01,M2,q90,C01_spline_2,0.0,True,False
2021-04-01,M2,q90,C02_spline_0,-0.003389452900757172,False,False
2021-04-01,M2,q90,C02_spline_1,0.0,True,False
2021-04-01,M2,q90,C02_spline_2,0.0,True,False
2021-04-01,M2,q90,C03_spline_0,0.0,True,False
2021-04-01,M2,q90,C03_spline_1,0.0,True,False
2021-04-01,M2,q90,C03_spline_2,0.0,True,False
2021-04-01,M2,q90,D01_spline_0,0.0,True,False
2021-04-01,M2,q90,D01_spline_1,0.0,True,False
2021-04-01,M2,q90,D01_spline_2,0.0,True,False
2021-04-01,M2,q90,D02_spline_0,0.0,True,False
2021-04-01,M2,q90,D02_spline_1,0.0,True,False
2021-04-01,M2,q90,D02_spline_2,0.0,True,False
2021-04-01,M2,q90,D03_spline_0,0.0,True,False
2021-04-01,M2,q90,D03_spline_1,0.003242502734584087,False,False
2021-04-01,M2,q90,D03_spline_2,-0.0033753371773890166,False,False
2021-04-01,M2,q90,E01_spline_0,0.0,True,False
2021-04-01,M2,q90,E01_spline_1,0.0,True,False
2021-04-01,M2,q90,E01_spline_2,0.012453064834032282,False,False
2021-04-01,M2,q90,F01_spline_0,-0.004267195812508801,False,False
2021-04-01,M2,q90,F01_spline_1,0.0,True,False
2021-04-01,M2,q90,F01_spline_2,0.0,True,False
2021-04-01,M2,q90,F02_spline_0,-0.0022272260002247804,False,False
2021-04-01,M2,q90,F02_spline_1,0.0,True,False
2021-04-01,M2,q90,F02_spline_2,0.0,True,False
2021-04-01,M2,q90,F03_spline_0,0.0,True,False
2021-04-01,M2,q90,F03_spline_1,0.0,True,False
2021-04-01,M2,q90,F03_spline_2,0.0,True,False
2021-04-01,M2,q90,F04_spline_0,0.011102073664861422,False,False
2021-04-01,M2,q90,F04_spline_1,0.0,True,False
2021-04-01,M2,q90,F04_spline_2,0.0,True,False
2021-04-01,M2,q90,I01,0.0,True,False
2021-04-01,M2,q90,I02,0.0,True,False
2021-04-01,M2,q90,I03,0.0,True,False
2021-04-01,M2,q90,I04,0.0,True,False
2021-04-01,M2,q90,I05,0.0,True,False
2021-04-01,M2,q90,I06,0.0,True,False
2021-04-01,M2,p10,A01_spline_0,0.5250464005655396,False,False
2021-04-01,M2,p10,A01_spline_1,0.051131533217592735,False,False
2021-04-01,M2,p10,A01_spline_2,0.012585768355640958,False,False
2021-04-01,M2,p10,A02_spline_0,-0.1519601086799642,False,False
2021-04-01,M2,p10,A02_spline_1,0.01694258192830675,False,False
2021-04-01,M2,p10,A02_spline_2,-0.14307057543039467,False,False
2021-04-01,M2,p10,A03_spline_0,0.5002943021591204,False,False
2021-04-01,M2,p10,A03_spline_1,-0.07924982220009318,False,False
2021-04-01,M2,p10,A03_spline_2,-0.12996041985100634,False,False
2021-04-01,M2,p10,A04_spline_0,-0.11868384929985774,False,False
2021-04-01,M2,p10,A04_spline_1,-0.14712975580250093,False,False
2021-04-01,M2,p10,A04_spline_2,0.10448492891881934,False,False
2021-04-01,M2,p10,A05_spline_0,0.17261814752726662,False,False
2021-04-01,M2,p10,A05_spline_1,-0.17842438228598978,False,False
2021-04-01,M2,p10,A05_spline_2,0.260053555675265,False,False
2021-04-01,M2,p10,B01_spline_0,0.11499938228979815,False,False
2021-04-01,M2,p10,B01_spline_1,-0.03752686671339545,False,False
2021-04-01,M2,p10,B01_spline_2,0.07792019895202253,False,False
2021-04-01,M2,p10,B02_spline_0,-0.26702776816856344,False,False
2021-04-01,M2,p10,B02_spline_1,0.11104150355392246,False,False
2021-04-01,M2,p10,B02_spline_2,-0.22706384707385738,False,False
2021-04-01,M2,p10,B03_spline_0,-0.3041608011965149,False,False
2021-04-01,M2,p10,B03_spline_1,-0.17561239451705885,False,False
2021-04-01,M2,p10,B03_spline_2,0.08027082136653305,False,False
2021-04-01,M2,p10,C01_spline_0,-0.3865795959554364,False,False
2021-04-01,M2,p10,C01_spline_1,0.3542405784222544,False,False
2021-04-01,M2,p10,C01_spline_2,0.05150866958262092,False,False
2021-04-01,M2,p10,C02_spline_0,-0.30669229505299145,False,False
2021-04-01,M2,p10,C02_spline_1,-0.02629881861416509,False,False
2021-04-01,M2,p10,C02_spline_2,0.3286126422784029,False,False
2021-04-01,M2,p10,C03_spline_0,0.013304687760939776,False,False
2021-04-01,M2,p10,C03_spline_1,0.10090607066480667,False,False
2021-04-01,M2,p10,C03_spline_2,-0.17149108593534562,False,False
2021-04-01,M2,p10,D01_spline_0,-0.06864574055412787,False,False
2021-04-01,M2,p10,D01_spline_1,0.06733941083468566,False,False
2021-04-01,M2,p10,D01_spline_2,0.04443894779422901,False,False
2021-04-01,M2,p10,D02_spline_0,-0.023544964118711806,False,False
2021-04-01,M2,p10,D02_spline_1,0.16106465452338822,False,False
2021-04-01,M2,p10,D02_spline_2,-0.05098308442430292,False,False
2021-04-01,M2,p10,D03_spline_0,-0.023408269048959505,False,False
2021-04-01,M2,p10,D03_spline_1,0.29730905533703783,False,False
2021-04-01,M2,p10,D03_spline_2,-0.20021335103906454,False,False
2021-04-01,M2,p10,E01_spline_0,0.02706942850817712,False,False
2021-04-01,M2,p10,E01_spline_1,-0.2020519037049608,False,False
2021-04-01,M2,p10,E01_spline_2,0.20893018359724336,False,False
2021-04-01,M2,p10,F01_spline_0,0.07171978599986305,False,False
2021-04-01,M2,p10,F01_spline_1,-0.38448181980668256,False,False
2021-04-01,M2,p10,F01_spline_2,0.21124131846015404,False,False
2021-04-01,M2,p10,F02_spline_0,-0.20669743378577018,False,False
2021-04-01,M2,p10,F02_spline_1,-0.08137662187259562,False,False
2021-04-01,M2,p10,F02_spline_2,-0.1729043012799293,False,False
2021-04-01,M2,p10,F03_spline_0,0.1293702959619037,False,False
2021-04-01,M2,p10,F03_spline_1,0.09586183435985032,False,False
2021-04-01,M2,p10,F03_spline_2,-0.08860884446953579,False,False
2021-04-01,M2,p10,F04_spline_0,0.11839927252763081,False,False
2021-04-01,M2,p10,F04_spline_1,-0.15223890923196318,False,False
2021-04-01,M2,p10,F04_spline_2,0.19616880092328834,False,False
2021-04-01,M2,p10,I01,-0.018198966042003665,False,False
2021-04-01,M2,p10,I02,0.03809122383128167,False,False
2021-04-01,M2,p10,I03,-0.11355785549178235,False,False
2021-04-01,M2,p10,I04,-0.055121542571262845,False,False
2021-04-01,M2,p10,I05,0.14363335716844886,False,False
2021-04-01,M2,p10,I06,0.057733678984083325,False,False
2021-05-03,M1,mu5,A01,0.008680903843489358,False,False
2021-05-03,M1,mu5,A02,0.0006782011350816088,False,False
2021-05-03,M1,mu5,A03,0.008033993469218452,False,False
2021-05-03,M1,mu5,A04,-0.0025609060999176175,False,False
2021-05-03,M1,mu5,A05,-0.0003330850752745693,False,False
2021-05-03,M1,mu5,B01,0.0038389333426507434,False,False
2021-05-03,M1,mu5,B02,0.002008420462519805,False,False
2021-05-03,M1,mu5,B03,-0.004110663040301714,False,False
2021-05-03,M1,mu5,C01,0.0041117049208237505,False,False
2021-05-03,M1,mu5,C02,0.001823322534540751,False,False
2021-05-03,M1,mu5,C03,0.0020591173140932194,False,False
2021-05-03,M1,mu5,D01,0.0009187715309081016,False,False
2021-05-03,M1,mu5,D02,0.0029360653637871747,False,False
2021-05-03,M1,mu5,D03,0.0054320048511067075,False,False
2021-05-03,M1,mu5,E01,-0.004638938501277039,False,False
2021-05-03,M1,mu5,F01,-0.001154703120190176,False,False
2021-05-03,M1,mu5,F02,0.0024474910172482107,False,False
2021-05-03,M1,mu5,F03,0.0025438077095288943,False,False
2021-05-03,M1,mu5,F04,7.15078739866395e-05,False,False
2021-05-03,M1,q90,A01,-0.009407320813971852,False,False
2021-05-03,M1,q90,A02,0.0,True,False
2021-05-03,M1,q90,A03,0.0,True,False
2021-05-03,M1,q90,A04,0.013414342334596261,False,False
2021-05-03,M1,q90,A05,0.0,True,False
2021-05-03,M1,q90,B01,0.0,True,False
2021-05-03,M1,q90,B02,0.0,True,False
2021-05-03,M1,q90,B03,0.014843134128026209,False,False
2021-05-03,M1,q90,C01,0.0,True,False
2021-05-03,M1,q90,C02,0.0,True,False
2021-05-03,M1,q90,C03,0.0,True,False
2021-05-03,M1,q90,D01,0.0,True,False
2021-05-03,M1,q90,D02,0.0,True,False
2021-05-03,M1,q90,D03,-0.011494494641484899,False,False
2021-05-03,M1,q90,E01,0.008855753047979437,False,False
2021-05-03,M1,q90,F01,0.0,True,False
2021-05-03,M1,q90,F02,0.0,True,False
2021-05-03,M1,q90,F03,-0.0016038250624982745,False,False
2021-05-03,M1,q90,F04,0.0,True,False
2021-05-03,M1,p10,A01,-0.3473528537732317,False,False
2021-05-03,M1,p10,A02,-0.01656604026633001,False,False
2021-05-03,M1,p10,A03,-0.2841479547862977,False,False
2021-05-03,M1,p10,A04,0.24222080079049976,False,False
2021-05-03,M1,p10,A05,0.03823817880459692,False,False
2021-05-03,M1,p10,B01,0.04529120178036798,False,False
2021-05-03,M1,p10,B02,-0.043492389198464806,False,False
2021-05-03,M1,p10,B03,0.3813385644832316,False,False
2021-05-03,M1,p10,C01,-0.03235893568575228,False,False
2021-05-03,M1,p10,C02,-0.062379284928780025,False,False
2021-05-03,M1,p10,C03,0.06204280251529545,False,False
2021-05-03,M1,p10,D01,0.016362462127580454,False,False
2021-05-03,M1,p10,D02,-0.17023173991615465,False,False
2021-05-03,M1,p10,D03,-0.33824010417138084,False,False
2021-05-03,M1,p10,E01,0.26188938729026123,False,False
2021-05-03,M1,p10,F01,0.2774882245020136,False,False
2021-05-03,M1,p10,F02,0.06217181146524515,False,False
2021-05-03,M1,p10,F03,-0.21131000208960862,False,False
2021-05-03,M1,p10,F04,-0.04236286588598077,False,False
2021-05-03,M2,mu5,A01_spline_0,-0.022618630373724476,False,False
2021-05-03,M2,mu5,A01_spline_1,-0.0011695432156819487,False,False
2021-05-03,M2,mu5,A01_spline_2,0.0020774004029799355,False,False
2021-05-03,M2,mu5,A02_spline_0,0.0036576913846788285,False,False
2021-05-03,M2,mu5,A02_spline_1,0.001764269532038456,False,False
2021-05-03,M2,mu5,A02_spline_2,0.00810935741988785,False,False
2021-05-03,M2,mu5,A03_spline_0,-0.010932926022711072,False,False
2021-05-03,M2,mu5,A03_spline_1,0.004116128706542546,False,False
2021-05-03,M2,mu5,A03_spline_2,0.003744338110298385,False,False
2021-05-03,M2,mu5,A04_spline_0,0.0022383027117482534,False,False
2021-05-03,M2,mu5,A04_spline_1,0.002939732145263948,False,False
2021-05-03,M2,mu5,A04_spline_2,-0.0008011715153039235,False,False
2021-05-03,M2,mu5,A05_spline_0,-0.00568770051676148,False,False
2021-05-03,M2,mu5,A05_spline_1,0.004990637860105165,False,False
2021-05-03,M2,mu5,A05_spline_2,-0.001191418600881343,False,False
2021-05-03,M2,mu5,B01_spline_0,-0.004603905264400446,False,False
2021-05-03,M2,mu5,B01_spline_1,-0.001221159810487938,False,False
2021-05-03,M2,mu5,B01_spline_2,-0.0011458615531011397,False,False
2021-05-03,M2,mu5,B02_spline_0,0.0014848144111580164,False,False
2021-05-03,M2,mu5,B02_spline_1,0.0006803566192205568,False,False
2021-05-03,M2,mu5,B02_spline_2,0.0029262054422084668,False,False
2021-05-03,M2,mu5,B03_spline_0,0.005756250114691866,False,False
2021-05-03,M2,mu5,B03_spline_1,0.0018414405791927677,False,False
2021-05-03,M2,mu5,B03_spline_2,0.0020103812760862857,False,False
2021-05-03,M2,mu5,C01_spline_0,0.004062571908558552,False,False
2021-05-03,M2,mu5,C01_spline_1,-0.0098411691428793,False,False
2021-05-03,M2,mu5,C01_spline_2,-0.0012188216140171767,False,False
2021-05-03,M2,mu5,C02_spline_0,0.0019600366313646703,False,False
2021-05-03,M2,mu5,C02_spline_1,-0.0017945397431298837,False,False
2021-05-03,M2,mu5,C02_spline_2,-0.0057970081075776675,False,False
2021-05-03,M2,mu5,C03_spline_0,-0.003083163483783461,False,False
2021-05-03,M2,mu5,C03_spline_1,-0.004745605907768694,False,False
2021-05-03,M2,mu5,C03_spline_2,0.006307803543896206,False,False
2021-05-03,M2,mu5,D01_spline_0,-0.005262907457785694,False,False
2021-05-03,M2,mu5,D01_spline_1,0.002096565431295115,False,False
2021-05-03,M2,mu5,D01_spline_2,-0.0040214734870665115,False,False
2021-05-03,M2,mu5,D02_spline_0,0.0003227844944513863,False,False
2021-05-03,M2,mu5,D02_spline_1,-0.004438198911986555,False,False
2021-05-03,M2,mu5,D02_spline_2,-0.00067584804560255,False,False
2021-05-03,M2,mu5,D03_spline_0,-0.00010864458778267038,False,False
2021-05-03,M2,mu5,D03_spline_1,-0.0038680669331421294,False,False
2021-05-03,M2,mu5,D03_spline_2,0.0041158352503758,False,False
2021-05-03,M2,mu5,E01_spline_0,0.0010784778456786014,False,False
2021-05-03,M2,mu5,E01_spline_1,0.004965628360763703,False,False
2021-05-03,M2,mu5,E01_spline_2,-0.007431166882911929,False,False
2021-05-03,M2,mu5,F01_spline_0,-0.00212610816447433,False,False
2021-05-03,M2,mu5,F01_spline_1,0.002923673601695896,False,False
2021-05-03,M2,mu5,F01_spline_2,-0.001157632723404212,False,False
2021-05-03,M2,mu5,F02_spline_0,0.005433729710359353,False,False
2021-05-03,M2,mu5,F02_spline_1,-0.00044240838311741023,False,False
2021-05-03,M2,mu5,F02_spline_2,0.003425567222330195,False,False
2021-05-03,M2,mu5,F03_spline_0,-0.0020197990215363717,False,False
2021-05-03,M2,mu5,F03_spline_1,-0.001382998359344926,False,False
2021-05-03,M2,mu5,F03_spline_2,0.0018669897195046248,False,False
2021-05-03,M2,mu5,F04_spline_0,-0.004211513978603731,False,False
2021-05-03,M2,mu5,F04_spline_1,0.0036237563795958024,False,False
2021-05-03,M2,mu5,F04_spline_2,-0.005464712334128616,False,False
2021-05-03,M2,mu5,I01,-0.0006410858922195999,False,False
2021-05-03,M2,mu5,I02,0.006244154581457838,False,False
2021-05-03,M2,mu5,I03,0.0036062714466562366,False,False
2021-05-03,M2,mu5,I04,0.00040031735776833673,False,False
2021-05-03,M2,mu5,I05,-0.009052077688001677,False,False
2021-05-03,M2,mu5,I06,-0.004258678536540627,False,False
2021-05-03,M2,q90,A01_spline_0,0.03794221844427154,False,False
2021-05-03,M2,q90,A01_spline_1,0.0,True,False
2021-05-03,M2,q90,A01_spline_2,0.0,True,False
2021-05-03,M2,q90,A02_spline_0,0.0,True,False
2021-05-03,M2,q90,A02_spline_1,0.0,True,False
2021-05-03,M2,q90,A02_spline_2,-0.0027726553762110638,False,False
2021-05-03,M2,q90,A03_spline_0,0.00841497206552323,False,False
2021-05-03,M2,q90,A03_spline_1,0.0,True,False
2021-05-03,M2,q90,A03_spline_2,0.0,True,False
2021-05-03,M2,q90,A04_spline_0,0.0,True,False
2021-05-03,M2,q90,A04_spline_1,0.0,True,False
2021-05-03,M2,q90,A04_spline_2,0.0,True,False
2021-05-03,M2,q90,A05_spline_0,0.0,True,False
2021-05-03,M2,q90,A05_spline_1,-0.0016665672388064545,False,False
2021-05-03,M2,q90,A05_spline_2,0.0,True,False
2021-05-03,M2,q90,B01_spline_0,0.0,True,False
2021-05-03,M2,q90,B01_spline_1,0.0,True,False
2021-05-03,M2,q90,B01_spline_2,0.0,True,False
2021-05-03,M2,q90,B02_spline_0,0.0,True,False
2021-05-03,M2,q90,B02_spline_1,0.0,True,False
2021-05-03,M2,q90,B02_spline_2,0.0,True,False
2021-05-03,M2,q90,B03_spline_0,-0.0031408208717807794,False,False
2021-05-03,M2,q90,B03_spline_1,0.0,True,False
2021-05-03,M2,q90,B03_spline_2,0.0,True,False
2021-05-03,M2,q90,C01_spline_0,-0.008456717611474861,False,False
2021-05-03,M2,q90,C01_spline_1,0.0,True,False
2021-05-03,M2,q90,C01_spline_2,0.0,True,False
2021-05-03,M2,q90,C02_spline_0,-0.0029660498430167607,False,False
2021-05-03,M2,q90,C02_spline_1,0.0,True,False
2021-05-03,M2,q90,C02_spline_2,0.0008187122722980233,False,False
2021-05-03,M2,q90,C03_spline_0,0.0,True,False
2021-05-03,M2,q90,C03_spline_1,0.0,True,False
2021-05-03,M2,q90,C03_spline_2,0.0,True,False
2021-05-03,M2,q90,D01_spline_0,0.0,True,False
2021-05-03,M2,q90,D01_spline_1,0.0,True,False
2021-05-03,M2,q90,D01_spline_2,0.0,True,False
2021-05-03,M2,q90,D02_spline_0,0.0,True,False
2021-05-03,M2,q90,D02_spline_1,0.0,True,False
2021-05-03,M2,q90,D02_spline_2,0.0,True,False
2021-05-03,M2,q90,D03_spline_0,0.0,True,False
2021-05-03,M2,q90,D03_spline_1,0.0,True,False
2021-05-03,M2,q90,D03_spline_2,0.0,True,False
2021-05-03,M2,q90,E01_spline_0,0.0,True,False
2021-05-03,M2,q90,E01_spline_1,0.0,True,False
2021-05-03,M2,q90,E01_spline_2,0.006791755044807525,False,False
2021-05-03,M2,q90,F01_spline_0,-0.0030992338534097503,False,False
2021-05-03,M2,q90,F01_spline_1,0.0,True,False
2021-05-03,M2,q90,F01_spline_2,0.001988153544716087,False,False
2021-05-03,M2,q90,F02_spline_0,-0.005472784704605135,False,False
2021-05-03,M2,q90,F02_spline_1,0.0,True,False
2021-05-03,M2,q90,F02_spline_2,0.0,True,False
2021-05-03,M2,q90,F03_spline_0,0.0,True,False
2021-05-03,M2,q90,F03_spline_1,0.0,True,False
2021-05-03,M2,q90,F03_spline_2,0.0,True,False
2021-05-03,M2,q90,F04_spline_0,0.013703346526235612,False,False
2021-05-03,M2,q90,F04_spline_1,0.0,True,False
2021-05-03,M2,q90,F04_spline_2,0.0,True,False
2021-05-03,M2,q90,I01,0.0,True,False
2021-05-03,M2,q90,I02,0.0,True,False
2021-05-03,M2,q90,I03,0.0,True,False
2021-05-03,M2,q90,I04,0.0,True,False
2021-05-03,M2,q90,I05,0.0,True,False
2021-05-03,M2,q90,I06,0.0,True,False
2021-05-03,M2,p10,A01_spline_0,0.5142959091387325,False,False
2021-05-03,M2,p10,A01_spline_1,0.09138744913508576,False,False
2021-05-03,M2,p10,A01_spline_2,-0.0032787970915083534,False,False
2021-05-03,M2,p10,A02_spline_0,-0.1278105453675563,False,False
2021-05-03,M2,p10,A02_spline_1,0.02498154132312721,False,False
2021-05-03,M2,p10,A02_spline_2,-0.15147510069154194,False,False
2021-05-03,M2,p10,A03_spline_0,0.4922599821534887,False,False
2021-05-03,M2,p10,A03_spline_1,-0.08550290916969634,False,False
2021-05-03,M2,p10,A03_spline_2,-0.12271178960991969,False,False
2021-05-03,M2,p10,A04_spline_0,-0.11608714678609465,False,False
2021-05-03,M2,p10,A04_spline_1,-0.15213605313000925,False,False
2021-05-03,M2,p10,A04_spline_2,0.10983098614687732,False,False
2021-05-03,M2,p10,A05_spline_0,0.17472682650449295,False,False
2021-05-03,M2,p10,A05_spline_1,-0.17798981273780065,False,False
2021-05-03,M2,p10,A05_spline_2,0.24831972321085505,False,False
2021-05-03,M2,p10,B01_spline_0,0.15115484473893473,False,False
2021-05-03,M2,p10,B01_spline_1,-0.0829648679935709,False,False
2021-05-03,M2,p10,B01_spline_2,0.09948508798303897,False,False
2021-05-03,M2,p10,B02_spline_0,-0.28413193570163064,False,False
2021-05-03,M2,p10,B02_spline_1,0.10618813479499162,False,False
2021-05-03,M2,p10,B02_spline_2,-0.21209491902410543,False,False
2021-05-03,M2,p10,B03_spline_0,-0.3227160399511148,False,False
2021-05-03,M2,p10,B03_spline_1,-0.17821975280391775,False,False
2021-05-03,M2,p10,B03_spline_2,0.09549951852093527,False,False
2021-05-03,M2,p10,C01_spline_0,-0.36541318000081185,False,False
2021-05-03,M2,p10,C01_spline_1,0.3466278798098992,False,False
2021-05-03,M2,p10,C01_spline_2,0.05132284855281175,False,False
2021-05-03,M2,p10,C02_spline_0,-0.3238717093805808,False,False
2021-05-03,M2,p10,C02_spline_1,-0.01159754259890317,False,False
2021-05-03,M2,p10,C02_spline_2,0.3194643682992278,False,False
2021-05-03,M2,p10,C03_spline_0,0.015955311565930292,False,False
2021-05-03,M2,p10,C03_spline_1,0.11368051621612786,False,False
2021-05-03,M2,p10,C03_spline_2,-0.18397716348052975,False,False
2021-05-03,M2,p10,D01_spline_0,-0.043541617096431236,False,False
2021-05-03,M2,p10,D01_spline_1,0.0664441162608322,False,False
2021-05-03,M2,p10,D01_spline_2,0.027587704313198753,False,False
2021-05-03,M2,p10,D02_spline_0,0.0006354366809387116,False,False
2021-05-03,M2,p10,D02_spline_1,0.1521814792412929,False,False
2021-05-03,M2,p10,D02_spline_2,-0.0581630671581046,False,False
2021-05-03,M2,p10,D03_spline_0,-0.046606714639360676,False,False
2021-05-03,M2,p10,D03_spline_1,0.28118134651958804,False,False
2021-05-03,M2,p10,D03_spline_2,-0.17381701392610122,False,False
2021-05-03,M2,p10,E01_spline_0,0.021269542196005752,False,False
2021-05-03,M2,p10,E01_spline_1,-0.2093194875698478,False,False
2021-05-03,M2,p10,E01_spline_2,0.21802763004054498,False,False
2021-05-03,M2,p10,F01_spline_0,0.08056511674838449,False,False
2021-05-03,M2,p10,F01_spline_1,-0.3896906731605328,False,False
2021-05-03,M2,p10,F01_spline_2,0.21364709384934644,False,False
2021-05-03,M2,p10,F02_spline_0,-0.20437384075399265,False,False
2021-05-03,M2,p10,F02_spline_1,-0.1016182484268609,False,False
2021-05-03,M2,p10,F02_spline_2,-0.15925564896526934,False,False
2021-05-03,M2,p10,F03_spline_0,0.13080890657950736,False,False
2021-05-03,M2,p10,F03_spline_1,0.10293655725245819,False,False
2021-05-03,M2,p10,F03_spline_2,-0.09205421270170165,False,False
2021-05-03,M2,p10,F04_spline_0,0.1479103332117631,False,False
2021-05-03,M2,p10,F04_spline_1,-0.158666994823315,False,False
2021-05-03,M2,p10,F04_spline_2,0.1874236959348593,False,False
2021-05-03,M2,p10,I01,-0.029661493775368475,False,False
2021-05-03,M2,p10,I02,0.029079278703040626,False,False
2021-05-03,M2,p10,I03,-0.10783619699679915,False,False
2021-05-03,M2,p10,I04,-0.0646913690686474,False,False
2021-05-03,M2,p10,I05,0.16146170478580715,False,False
2021-05-03,M2,p10,I06,0.059648617659876314,False,False
2021-06-01,M1,mu5,A01,0.008532694188999565,False,False
2021-06-01,M1,mu5,A02,0.000680785349981573,False,False
2021-06-01,M1,mu5,A03,0.0078505781752168,False,False
2021-06-01,M1,mu5,A04,-0.0025210593502080466,False,False
2021-06-01,M1,mu5,A05,-0.00021256568197870773,False,False
2021-06-01,M1,mu5,B01,0.0034272253686334943,False,False
2021-06-01,M1,mu5,B02,0.0021940690281707447,False,False
2021-06-01,M1,mu5,B03,-0.0039010124298316,False,False
2021-06-01,M1,mu5,C01,0.004543364449770426,False,False
2021-06-01,M1,mu5,C02,0.0018752396705174605,False,False
2021-06-01,M1,mu5,C03,0.0014892336272895033,False,False
2021-06-01,M1,mu5,D01,0.0009899954169122604,False,False
2021-06-01,M1,mu5,D02,0.0024549222259691093,False,False
2021-06-01,M1,mu5,D03,0.005738701008028382,False,False
2021-06-01,M1,mu5,E01,-0.0042479982084215025,False,False
2021-06-01,M1,mu5,F01,-0.001004236647151056,False,False
2021-06-01,M1,mu5,F02,0.0025917034584536044,False,False
2021-06-01,M1,mu5,F03,0.002525697939709475,False,False
2021-06-01,M1,mu5,F04,0.0006838345585853839,False,False
2021-06-01,M1,q90,A01,-0.0042735641096787805,False,False
2021-06-01,M1,q90,A02,0.0,True,False
2021-06-01,M1,q90,A03,-0.0003457733372841435,False,False
2021-06-01,M1,q90,A04,0.017381157694656233,False,False
2021-06-01,M1,q90,A05,0.0,True,False
2021-06-01,M1,q90,B01,0.0,True,False
2021-06-01,M1,q90,B02,0.0,True,False
2021-06-01,M1,q90,B03,0.017488742508503567,False,False
2021-06-01,M1,q90,C01,0.0,True,False
2021-06-01,M1,q90,C02,0.0,True,False
2021-06-01,M1,q90,C03,0.0,True,False
2021-06-01,M1,q90,D01,0.0,True,False
2021-06-01,M1,q90,D02,0.0,True,False
2021-06-01,M1,q90,D03,-0.011546434656013413,False,False
2021-06-01,M1,q90,E01,0.007264667882463682,False,False
2021-06-01,M1,q90,F01,0.0,True,False
2021-06-01,M1,q90,F02,0.0,True,False
2021-06-01,M1,q90,F03,0.0,True,False
2021-06-01,M1,q90,F04,0.0,True,False
2021-06-01,M1,p10,A01,-0.3078092904691367,False,False
2021-06-01,M1,p10,A02,0.036164684888562115,False,False
2021-06-01,M1,p10,A03,-0.29306712622833175,False,False
2021-06-01,M1,p10,A04,0.24777219999610028,False,False
2021-06-01,M1,p10,A05,0.009212161967323928,False,False
2021-06-01,M1,p10,B01,0.04175703484597557,False,False
2021-06-01,M1,p10,B02,-0.0569776453534212,False,False
2021-06-01,M1,p10,B03,0.2940721594621457,False,False
2021-06-01,M1,p10,C01,0.017507433641981242,False,False
2021-06-01,M1,p10,C02,-0.07368150684852372,False,False
2021-06-01,M1,p10,C03,0.07451583834028185,False,False
2021-06-01,M1,p10,D01,0.013432330521166975,False,False
2021-06-01,M1,p10,D02,-0.1826813078971857,False,False
2021-06-01,M1,p10,D03,-0.3451137350751722,False,False
2021-06-01,M1,p10,E01,0.23287867665090384,False,False
2021-06-01,M1,p10,F01,0.2478348176755857,False,False
2021-06-01,M1,p10,F02,0.0301585830287653,False,False
2021-06-01,M1,p10,F03,-0.19836546912341008,False,False
2021-06-01,M1,p10,F04,-0.08495064584501838,False,False
2021-06-01,M2,mu5,A01_spline_0,-0.022791268769065957,False,False
2021-06-01,M2,mu5,A01_spline_1,-0.0008284393711478393,False,False
2021-06-01,M2,mu5,A01_spline_2,0.0017184191220111825,False,False
2021-06-01,M2,mu5,A02_spline_0,0.0039066989078818375,False,False
2021-06-01,M2,mu5,A02_spline_1,0.0017080847360756227,False,False
2021-06-01,M2,mu5,A02_spline_2,0.008031985314805737,False,False
2021-06-01,M2,mu5,A03_spline_0,-0.010891363419927384,False,False
2021-06-01,M2,mu5,A03_spline_1,0.0041847646755702695,False,False
2021-06-01,M2,mu5,A03_spline_2,0.0036751103322478374,False,False
2021-06-01,M2,mu5,A04_spline_0,0.0018004037919165973,False,False
2021-06-01,M2,mu5,A04_spline_1,0.003001325415915598,False,False
2021-06-01,M2,mu5,A04_spline_2,-0.0007832280330607566,False,False
2021-06-01,M2,mu5,A05_spline_0,-0.004446120116096726,False,False
2021-06-01,M2,mu5,A05_spline_1,0.003969305073199486,False,False
2021-06-01,M2,mu5,A05_spline_2,-0.000933835460768947,False,False
2021-06-01,M2,mu5,B01_spline_0,-0.0039596741324980575,False,False
2021-06-01,M2,mu5,B01_spline_1,-0.00143725848391378,False,False
2021-06-01,M2,mu5,B01_spline_2,-0.0011699401377359437,False,False
2021-06-01,M2,mu5,B02_spline_0,0.002035055678497506,False,False
2021-06-01,M2,mu5,B02_spline_1,0.00033151180053182447,False,False
2021-06-01,M2,mu5,B02_spline_2,0.003150665586790736,False,False
2021-06-01,M2,mu5,B03_spline_0,0.005517110986084926,False,False
2021-06-01,M2,mu5,B03_spline_1,0.0017710733886450623,False,False
2021-06-01,M2,mu5,B03_spline_2,0.0021369273626124386,False,False
2021-06-01,M2,mu5,C01_spline_0,0.004293469840804971,False,False
2021-06-01,M2,mu5,C01_spline_1,-0.010233860310199787,False,False
2021-06-01,M2,mu5,C01_spline_2,-0.001026179207593866,False,False
2021-06-01,M2,mu5,C02_spline_0,0.0020049657883992227,False,False
2021-06-01,M2,mu5,C02_spline_1,-0.0015402697298738956,False,False
2021-06-01,M2,mu5,C02_spline_2,-0.005777617253229535,False,False
2021-06-01,M2,mu5,C03_spline_0,-0.0031879471249797223,False,False
2021-06-01,M2,mu5,C03_spline_1,-0.0042385242977769026,False,False
2021-06-01,M2,mu5,C03_spline_2,0.00574575046058397,False,False
2021-06-01,M2,mu5,D01_spline_0,-0.0055310809980376515,False,False
2021-06-01,M2,mu5,D01_spline_1,0.0019427081555071228,False,False
2021-06-01,M2,mu5,D01_spline_2,-0.0036376223731302945,False,False
2021-06-01,M2,mu5,D02_spline_0,0.00022680355860516346,False,False
2021-06-01,M2,mu5,D02_spline_1,-0.0037840136608610977,False,False
2021-06-01,M2,mu5,D02_spline_2,-0.0012824123221658712,False,False
2021-06-01,M2,mu5,D03_spline_0,0.0006474843923018497,False,False
2021-06-01,M2,mu5,D03_spline_1,-0.004234580227615605,False,False
2021-06-01,M2,mu5,D03_spline_2,0.004520749189864419,False,False
2021-06-01,M2,mu5,E01_spline_0,0.0009370268205278875,False,False
2021-06-01,M2,mu5,E01_spline_1,0.004572575315008349,False,False
2021-06-01,M2,mu5,E01_spline_2,-0.007132083165605908,False,False
2021-06-01,M2,mu5,F01_spline_0,-0.0020599913519864957,False,False
2021-06-01,M2,mu5,F01_spline_1,0.002650717788786299,False,False
2021-06-01,M2,mu5,F01_spline_2,-0.0008043999486700296,False,False
2021-06-01,M2,mu5,F02_spline_0,0.005232379973698682,False,False
2021-06-01,M2,mu5,F02_spline_1,-0.0004624088238986818,False,False
2021-06-01,M2,mu5,F02_spline_2,0.0033782777272792826,False,False
2021-06-01,M2,mu5,F03_spline_0,-0.00202561253653618,False,False
2021-06-01,M2,mu5,F03_spline_1,-0.0013218317732399342,False,False
2021-06-01,M2,mu5,F03_spline_2,0.0018305376176570712,False,False
2021-06-01,M2,mu5,F04_spline_0,-0.004211562677795677,False,False
2021-06-01,M2,mu5,F04_spline_1,0.0030986037774585885,False,False
2021-06-01,M2,mu5,F04_spline_2,-0.004672346878201249,False,False
2021-06-01,M2,mu5,I01,-0.0009584918366814235,False,False
2021-06-01,M2,mu5,I02,0.00575970477879445,False,False
2021-06-01,M2,mu5,I03,0.003125936283656701,False,False
2021-06-01,M2,mu5,I04,0.0005249862279193506,False,False
2021-06-01,M2,mu5,I05,-0.008939921174614666,False,False
2021-06-01,M2,mu5,I06,-0.004041741089609261,False,False
2021-06-01,M2,q90,A01_spline_0,0.03569473849578002,False,False
2021-06-01,M2,q90,A01_spline_1,0.0,True,False
2021-06-01,M2,q90,A01_spline_2,0.0,True,False
2021-06-01,M2,q90,A02_spline_0,0.0,True,False
2021-06-01,M2,q90,A02_spline_1,0.0,True,False
2021-06-01,M2,q90,A02_spline_2,-0.0005085084384840744,False,False
2021-06-01,M2,q90,A03_spline_0,0.007934892644070789,False,False
2021-06-01,M2,q90,A03_spline_1,0.0,True,False
2021-06-01,M2,q90,A03_spline_2,0.0,True,False
2021-06-01,M2,q90,A04_spline_0,0.0,True,False
2021-06-01,M2,q90,A04_spline_1,0.0,True,False
2021-06-01,M2,q90,A04_spline_2,0.0,True,False
2021-06-01,M2,q90,A05_spline_0,0.0,True,False
2021-06-01,M2,q90,A05_spline_1,0.0,True,False
2021-06-01,M2,q90,A05_spline_2,0.0,True,False
2021-06-01,M2,q90,B01_spline_0,0.0,True,False
2021-06-01,M2,q90,B01_spline_1,0.0,True,False
2021-06-01,M2,q90,B01_spline_2,0.0,True,False
2021-06-01,M2,q90,B02_spline_0,0.0,True,False
2021-06-01,M2,q90,B02_spline_1,0.0,True,False
2021-06-01,M2,q90,B02_spline_2,0.0,True,False
2021-06-01,M2,q90,B03_spline_0,-0.0025718254199285635,False,False
2021-06-01,M2,q90,B03_spline_1,0.0,True,False
2021-06-01,M2,q90,B03_spline_2,0.0,True,False
2021-06-01,M2,q90,C01_spline_0,-0.010988098473685272,False,False
2021-06-01,M2,q90,C01_spline_1,0.0,True,False
2021-06-01,M2,q90,C01_spline_2,0.0,True,False
2021-06-01,M2,q90,C02_spline_0,-0.0036330321884227466,False,False
2021-06-01,M2,q90,C02_spline_1,0.0,True,False
2021-06-01,M2,q90,C02_spline_2,0.0,True,False
2021-06-01,M2,q90,C03_spline_0,0.0,True,False
2021-06-01,M2,q90,C03_spline_1,0.0,True,False
2021-06-01,M2,q90,C03_spline_2,0.0,True,False
2021-06-01,M2,q90,D01_spline_0,0.0,True,False
2021-06-01,M2,q90,D01_spline_1,0.0,True,False
2021-06-01,M2,q90,D01_spline_2,0.0,True,False
2021-06-01,M2,q90,D02_spline_0,0.0,True,False
2021-06-01,M2,q90,D02_spline_1,0.0,True,False
2021-06-01,M2,q90,D02_spline_2,0.0,True,False
2021-06-01,M2,q90,D03_spline_0,0.0,True,False
2021-06-01,M2,q90,D03_spline_1,0.005812512295967165,False,False
2021-06-01,M2,q90,D03_spline_2,0.0,True,False
2021-06-01,M2,q90,E01_spline_0,0.0,True,False
2021-06-01,M2,q90,E01_spline_1,0.0,True,False
2021-06-01,M2,q90,E01_spline_2,0.011775641402628809,False,False
2021-06-01,M2,q90,F01_spline_0,-0.004108813468766413,False,False
2021-06-01,M2,q90,F01_spline_1,0.0,True,False
2021-06-01,M2,q90,F01_spline_2,0.0,True,False
2021-06-01,M2,q90,F02_spline_0,-0.0021238918593535494,False,False
2021-06-01,M2,q90,F02_spline_1,0.0,True,False
2021-06-01,M2,q90,F02_spline_2,0.0,True,False
2021-06-01,M2,q90,F03_spline_0,0.0,True,False
2021-06-01,M2,q90,F03_spline_1,0.0,True,False
2021-06-01,M2,q90,F03_spline_2,0.0,True,False
2021-06-01,M2,q90,F04_spline_0,0.011174014873058897,False,False
2021-06-01,M2,q90,F04_spline_1,0.0,True,False
2021-06-01,M2,q90,F04_spline_2,0.0,True,False
2021-06-01,M2,q90,I01,0.0,True,False
2021-06-01,M2,q90,I02,0.0,True,False
2021-06-01,M2,q90,I03,0.0,True,False
2021-06-01,M2,q90,I04,0.0,True,False
2021-06-01,M2,q90,I05,0.0,True,False
2021-06-01,M2,q90,I06,0.0,True,False
2021-06-01,M2,p10,A01_spline_0,0.5356798651668179,False,False
2021-06-01,M2,p10,A01_spline_1,0.06462195660291213,False,False
2021-06-01,M2,p10,A01_spline_2,0.018637269063856047,False,False
2021-06-01,M2,p10,A02_spline_0,-0.14281984112744767,False,False
2021-06-01,M2,p10,A02_spline_1,-0.004885041035335545,False,False
2021-06-01,M2,p10,A02_spline_2,-0.1218847770298114,False,False
2021-06-01,M2,p10,A03_spline_0,0.534177221953338,False,False
2021-06-01,M2,p10,A03_spline_1,-0.0787780868799261,False,False
2021-06-01,M2,p10,A03_spline_2,-0.07677688267006812,False,False
2021-06-01,M2,p10,A04_spline_0,-0.10284907857449775,False,False
2021-06-01,M2,p10,A04_spline_1,-0.15958302190662904,False,False
2021-06-01,M2,p10,A04_spline_2,0.11808262273622899,False,False
2021-06-01,M2,p10,A05_spline_0,0.06574058189801986,False,False
2021-06-01,M2,p10,A05_spline_1,-0.05864538899818549,False,False
2021-06-01,M2,p10,A05_spline_2,0.21869196274011363,False,False
2021-06-01,M2,p10,B01_spline_0,0.0686481120690668,False,False
2021-06-01,M2,p10,B01_spline_1,-0.0025936307495921986,False,False
2021-06-01,M2,p10,B01_spline_2,0.06586242731813334,False,False
2021-06-01,M2,p10,B02_spline_0,-0.34772720768473614,False,False
2021-06-01,M2,p10,B02_spline_1,0.13630221329365286,False,False
2021-06-01,M2,p10,B02_spline_2,-0.2341505953724794,False,False
2021-06-01,M2,p10,B03_spline_0,-0.27040402774104977,False,False
2021-06-01,M2,p10,B03_spline_1,-0.1374699729842161,False,False
2021-06-01,M2,p10,B03_spline_2,0.02338713189547274,False,False
2021-06-01,M2,p10,C01_spline_0,-0.39671845420386764,False,False
2021-06-01,M2,p10,C01_spline_1,0.307805447441074,False,False
2021-06-01,M2,p10,C01_spline_2,0.10143268412708471,False,False
2021-06-01,M2,p10,C02_spline_0,-0.3438275364967428,False,False
2021-06-01,M2,p10,C02_spline_1,-0.003952315137814386,False,False
2021-06-01,M2,p10,C02_spline_2,0.3266835229193314,False,False
2021-06-01,M2,p10,C03_spline_0,0.03155893667893415,False,False
2021-06-01,M2,p10,C03_spline_1,0.09550405582420635,False,False
2021-06-01,M2,p10,C03_spline_2,-0.17346810528607845,False,False
2021-06-01,M2,p10,D01_spline_0,-0.027040346198466802,False,False
2021-06-01,M2,p10,D01_spline_1,0.07030475476499323,False,False
2021-06-01,M2,p10,D01_spline_2,0.007686238213304795,False,False
2021-06-01,M2,p10,D02_spline_0,0.05362697617681924,False,False
2021-06-01,M2,p10,D02_spline_1,0.10961287446225487,False,False
2021-06-01,M2,p10,D02_spline_2,-0.05740257504306698,False,False
2021-06-01,M2,p10,D03_spline_0,-0.15739291350488163,False,False
2021-06-01,M2,p10,D03_spline_1,0.3350690504040828,False,False
2021-06-01,M2,p10,D03_spline_2,-0.18478578820375904,False,False
2021-06-01,M2,p10,E01_spline_0,0.036968622123012496,False,False
2021-06-01,M2,p10,E01_spline_1,-0.16902068955019814,False,False
2021-06-01,M2,p10,E01_spline_2,0.18802542695401264,False,False
2021-06-01,M2,p10,F01_spline_0,0.07765195035868558,False,False
2021-06-01,M2,p10,F01_spline_1,-0.3480343744503909,False,False
2021-06-01,M2,p10,F01_spline_2,0.17207789660211614,False,False
2021-06-01,M2,p10,F02_spline_0,-0.19700816798287343,False,False
2021-06-01,M2,p10,F02_spline_1,-0.08233605411975287,False,False
2021-06-01,M2,p10,F02_spline_2,-0.1420969132348017,False,False
2021-06-01,M2,p10,F03_spline_0,0.12959959400232357,False,False
2021-06-01,M2,p10,F03_spline_1,0.09381837626735792,False,False
2021-06-01,M2,p10,F03_spline_2,-0.08786899270879986,False,False
2021-06-01,M2,p10,F04_spline_0,0.1597214373285967,False,False
2021-06-01,M2,p10,F04_spline_1,-0.13177628496918514,False,False
2021-06-01,M2,p10,F04_spline_2,0.14073233103741756,False,False
2021-06-01,M2,p10,I01,-0.0005577606944016929,False,False
2021-06-01,M2,p10,I02,0.061073755710153846,False,False
2021-06-01,M2,p10,I03,-0.08510368513716073,False,False
2021-06-01,M2,p10,I04,-0.04148201712073623,False,False
2021-06-01,M2,p10,I05,0.13598810746923198,False,False
2021-06-01,M2,p10,I06,0.04460815127974905,False,False
2021-07-01,M1,mu5,A01,0.008587892783800524,False,False
2021-07-01,M1,mu5,A02,0.000871884712457387,False,False
2021-07-01,M1,mu5,A03,0.007899097607688373,False,False
2021-07-01,M1,mu5,A04,-0.0025508586387307766,False,False
2021-07-01,M1,mu5,A05,0.0003176518500941712,False,False
2021-07-01,M1,mu5,B01,0.003256703486351899,False,False
2021-07-01,M1,mu5,B02,0.0021257353281155652,False,False
2021-07-01,M1,mu5,B03,-0.0038196018415630794,False,False
2021-07-01,M1,mu5,C01,0.0050870156502755585,False,False
2021-07-01,M1,mu5,C02,0.001803400571660556,False,False
2021-07-01,M1,mu5,C03,0.0016724651259045216,False,False
2021-07-01,M1,mu5,D01,0.000816046192606632,False,False
2021-07-01,M1,mu5,D02,0.0021289082015353276,False,False
2021-07-01,M1,mu5,D03,0.005609778683674745,False,False
2021-07-01,M1,mu5,E01,-0.004397010296095234,False,False
2021-07-01,M1,mu5,F01,-0.0010570544830169862,False,False
2021-07-01,M1,mu5,F02,0.002502571427649732,False,False
2021-07-01,M1,mu5,F03,0.0023982266091058654,False,False
2021-07-01,M1,mu5,F04,0.0005934867691287203,False,False
2021-07-01,M1,q90,A01,-0.005526600531428807,False,False
2021-07-01,M1,q90,A02,0.0,True,False
2021-07-01,M1,q90,A03,-0.0016149537111735056,False,False
2021-07-01,M1,q90,A04,0.016177242112203734,False,False
2021-07-01,M1,q90,A05,0.0,True,False
2021-07-01,M1,q90,B01,0.0,True,False
2021-07-01,M1,q90,B02,0.0,True,False
2021-07-01,M1,q90,B03,0.015950035930487175,False,False
2021-07-01,M1,q90,C01,0.0,True,False
2021-07-01,M1,q90,C02,0.0,True,False
2021-07-01,M1,q90,C03,0.0,True,False
2021-07-01,M1,q90,D01,0.0,True,False
2021-07-01,M1,q90,D02,0.0,True,False
2021-07-01,M1,q90,D03,-0.011508518412043737,False,False
2021-07-01,M1,q90,E01,0.007231033549260593,False,False
2021-07-01,M1,q90,F01,0.0,True,False
2021-07-01,M1,q90,F02,0.0,True,False
2021-07-01,M1,q90,F03,0.0,True,False
2021-07-01,M1,q90,F04,0.0,True,False
2021-07-01,M1,p10,A01,-0.31285691853273534,False,False
2021-07-01,M1,p10,A02,0.016624954020100304,False,False
2021-07-01,M1,p10,A03,-0.2903583183905815,False,False
2021-07-01,M1,p10,A04,0.2489880183385836,False,False
2021-07-01,M1,p10,A05,0.001979605998713931,False,False
2021-07-01,M1,p10,B01,0.06034405483115325,False,False
2021-07-01,M1,p10,B02,-0.052554682588661486,False,False
2021-07-01,M1,p10,B03,0.31566735250133343,False,False
2021-07-01,M1,p10,C01,-0.014817386988627867,False,False
2021-07-01,M1,p10,C02,-0.07347126549567891,False,False
2021-07-01,M1,p10,C03,0.07142987974228375,False,False
2021-07-01,M1,p10,D01,0.022012907708687378,False,False
2021-07-01,M1,p10,D02,-0.17011957047140014,False,False
2021-07-01,M1,p10,D03,-0.34223861403841327,False,False
2021-07-01,M1,p10,E01,0.23356672842687187,False,False
2021-07-01,M1,p10,F01,0.2577918779521833,False,False
2021-07-01,M1,p10,F02,0.033607766077090206,False,False
2021-07-01,M1,p10,F03,-0.2018775601470339,False,False
2021-07-01,M1,p10,F04,-0.10309887292287945,False,False
2021-07-01,M2,mu5,A01_spline_0,-0.022897933397335344,False,False
2021-07-01,M2,mu5,A01_spline_1,-0.0007727665106271764,False,False
2021-07-01,M2,mu5,A01_spline_2,0.00169795980898427,False,False
2021-07-01,M2,mu5,A02_spline_0,0.003929756263679444,False,False
2021-07-01,M2,mu5,A02_spline_1,0.0014489517664876745,False,False
2021-07-01,M2,mu5,A02_spline_2,0.008320815740304632,False,False
2021-07-01,M2,mu5,A03_spline_0,-0.010742852188983545,False,False
2021-07-01,M2,mu5,A03_spline_1,0.0041719585766008755,False,False
2021-07-01,M2,mu5,A03_spline_2,0.0037763895479196547,False,False
2021-07-01,M2,mu5,A04_spline_0,0.0018157066162498633,False,False
2021-07-01,M2,mu5,A04_spline_1,0.0029818788427418076,False,False
2021-07-01,M2,mu5,A04_spline_2,-0.0007333108345494209,False,False
2021-07-01,M2,mu5,A05_spline_0,-0.004489493781709406,False,False
2021-07-01,M2,mu5,A05_spline_1,0.0037751117079420594,False,False
2021-07-01,M2,mu5,A05_spline_2,-0.0011980702764704692,False,False
2021-07-01,M2,mu5,B01_spline_0,-0.004927014777376676,False,False
2021-07-01,M2,mu5,B01_spline_1,-0.0008409945360068685,False,False
2021-07-01,M2,mu5,B01_spline_2,-0.0010958667189098718,False,False
2021-07-01,M2,mu5,B02_spline_0,0.0023364420773948217,False,False
2021-07-01,M2,mu5,B02_spline_1,0.00023840201751797099,False,False
2021-07-01,M2,mu5,B02_spline_2,0.0030813732019247726,False,False
2021-07-01,M2,mu5,B03_spline_0,0.005186326372890434,False,False
2021-07-01,M2,mu5,B03_spline_1,0.0020053074764247924,False,False
2021-07-01,M2,mu5,B03_spline_2,0.0019061295155338646,False,False
2021-07-01,M2,mu5,C01_spline_0,0.004507648570926441,False,False
2021-07-01,M2,mu5,C01_spline_1,-0.010755913333999178,False,False
2021-07-01,M2,mu5,C01_spline_2,-0.0006358512277562071,False,False
2021-07-01,M2,mu5,C02_spline_0,0.0019421072152939205,False,False
2021-07-01,M2,mu5,C02_spline_1,-0.0013074201757531487,False,False
2021-07-01,M2,mu5,C02_spline_2,-0.005880347250874477,False,False
2021-07-01,M2,mu5,C03_spline_0,-0.003023906712863273,False,False
2021-07-01,M2,mu5,C03_spline_1,-0.004365423943508286,False,False
2021-07-01,M2,mu5,C03_spline_2,0.005744994459879915,False,False
2021-07-01,M2,mu5,D01_spline_0,-0.0044168635064876,False,False
2021-07-01,M2,mu5,D01_spline_1,0.0014334950248682296,False,False
2021-07-01,M2,mu5,D01_spline_2,-0.0035484864548828076,False,False
2021-07-01,M2,mu5,D02_spline_0,0.0009546354343029668,False,False
2021-07-01,M2,mu5,D02_spline_1,-0.004129004201022926,False,False
2021-07-01,M2,mu5,D02_spline_2,-0.001248525906408423,False,False
2021-07-01,M2,mu5,D03_spline_0,0.000853099362479317,False,False
2021-07-01,M2,mu5,D03_spline_1,-0.004504131989891367,False,False
2021-07-01,M2,mu5,D03_spline_2,0.004422764469278865,False,False
2021-07-01,M2,mu5,E01_spline_0,0.000837699871462344,False,False
2021-07-01,M2,mu5,E01_spline_1,0.004452694009000287,False,False
2021-07-01,M2,mu5,E01_spline_2,-0.006997909389176412,False,False
2021-07-01,M2,mu5,F01_spline_0,-0.0021678241801840643,False,False
2021-07-01,M2,mu5,F01_spline_1,0.002518492011446965,False,False
2021-07-01,M2,mu5,F01_spline_2,-0.0006093469781090753,False,False
2021-07-01,M2,mu5,F02_spline_0,0.005122040129608388,False,False
2021-07-01,M2,mu5,F02_spline_1,-0.00018823477167134424,False,False
2021-07-01,M2,mu5,F02_spline_2,0.0037163898916890317,False,False
2021-07-01,M2,mu5,F03_spline_0,-0.002227788234482087,False,False
2021-07-01,M2,mu5,F03_spline_1,-0.0012263126713064326,False,False
2021-07-01,M2,mu5,F03_spline_2,0.00193586688099504,False,False
2021-07-01,M2,mu5,F04_spline_0,-0.004718014844512395,False,False
2021-07-01,M2,mu5,F04_spline_1,0.003647773191483252,False,False
2021-07-01,M2,mu5,F04_spline_2,-0.004793817094336777,False,False
2021-07-01,M2,mu5,I01,-0.0009027348654604549,False,False
2021-07-01,M2,mu5,I02,0.0059924927054303264,False,False
2021-07-01,M2,mu5,I03,0.00288891264522277,False,False
2021-07-01,M2,mu5,I04,0.00045036770738106574,False,False
2021-07-01,M2,mu5,I05,-0.009089901521118642,False,False
2021-07-01,M2,mu5,I06,-0.004068955227666476,False,False
2021-07-01,M2,q90,A01_spline_0,0.034208896132267096,False,False
2021-07-01,M2,q90,A01_spline_1,0.0,True,False
2021-07-01,M2,q90,A01_spline_2,0.0,True,False
2021-07-01,M2,q90,A02_spline_0,0.0,True,False
2021-07-01,M2,q90,A02_spline_1,0.0,True,False
2021-07-01,M2,q90,A02_spline_2,-0.0015335800585827627,False,False
2021-07-01,M2,q90,A03_spline_0,0.009503773441000686,False,False
2021-07-01,M2,q90,A03_spline_1,0.0,True,False
2021-07-01,M2,q90,A03_spline_2,0.0,True,False
2021-07-01,M2,q90,A04_spline_0,0.0,True,False
2021-07-01,M2,q90,A04_spline_1,0.0,True,False
2021-07-01,M2,q90,A04_spline_2,0.0,True,False
2021-07-01,M2,q90,A05_spline_0,0.0,True,False
2021-07-01,M2,q90,A05_spline_1,0.0,True,False
2021-07-01,M2,q90,A05_spline_2,0.0,True,False
2021-07-01,M2,q90,B01_spline_0,0.0,True,False
2021-07-01,M2,q90,B01_spline_1,0.0,True,False
2021-07-01,M2,q90,B01_spline_2,0.0,True,False
2021-07-01,M2,q90,B02_spline_0,-0.0009458706450721666,False,False
2021-07-01,M2,q90,B02_spline_1,0.0,True,False
2021-07-01,M2,q90,B02_spline_2,0.0,True,False
2021-07-01,M2,q90,B03_spline_0,-0.002468671266521817,False,False
2021-07-01,M2,q90,B03_spline_1,0.0,True,False
2021-07-01,M2,q90,B03_spline_2,0.0,True,False
2021-07-01,M2,q90,C01_spline_0,-0.010740862453763647,False,False
2021-07-01,M2,q90,C01_spline_1,0.0,True,False
2021-07-01,M2,q90,C01_spline_2,0.0,True,False
2021-07-01,M2,q90,C02_spline_0,-0.003618277062004419,False,False
2021-07-01,M2,q90,C02_spline_1,0.0,True,False
2021-07-01,M2,q90,C02_spline_2,0.0,True,False
2021-07-01,M2,q90,C03_spline_0,0.0,True,False
2021-07-01,M2,q90,C03_spline_1,0.0,True,False
2021-07-01,M2,q90,C03_spline_2,0.0,True,False
2021-07-01,M2,q90,D01_spline_0,0.0,True,False
2021-07-01,M2,q90,D01_spline_1,0.0,True,False
2021-07-01,M2,q90,D01_spline_2,0.0,True,False
2021-07-01,M2,q90,D02_spline_0,4.151317257444167e-05,False,False
2021-07-01,M2,q90,D02_spline_1,0.0,True,False
2021-07-01,M2,q90,D02_spline_2,0.0,True,False
2021-07-01,M2,q90,D03_spline_0,0.0,True,False
2021-07-01,M2,q90,D03_spline_1,0.006629868898039973,False,False
2021-07-01,M2,q90,D03_spline_2,0.0,True,False
2021-07-01,M2,q90,E01_spline_0,0.0,True,False
2021-07-01,M2,q90,E01_spline_1,0.0,True,False
2021-07-01,M2,q90,E01_spline_2,0.011831048826841361,False,False
2021-07-01,M2,q90,F01_spline_0,-0.005994011770615661,False,False
2021-07-01,M2,q90,F01_spline_1,0.0,True,False
2021-07-01,M2,q90,F01_spline_2,0.0,True,False
2021-07-01,M2,q90,F02_spline_0,0.0,True,False
2021-07-01,M2,q90,F02_spline_1,0.0,True,False
2021-07-01,M2,q90,F02_spline_2,0.0,True,False
2021-07-01,M2,q90,F03_spline_0,0.0,True,False
2021-07-01,M2,q90,F03_spline_1,0.0,True,False
2021-07-01,M2,q90,F03_spline_2,0.0,True,False
2021-07-01,M2,q90,F04_spline_0,0.011339732790446904,False,False
2021-07-01,M2,q90,F04_spline_1,0.0,True,False
2021-07-01,M2,q90,F04_spline_2,0.0,True,False
2021-07-01,M2,q90,I01,0.0,True,False
2021-07-01,M2,q90,I02,0.0,True,False
2021-07-01,M2,q90,I03,0.0,True,False
2021-07-01,M2,q90,I04,0.0,True,False
2021-07-01,M2,q90,I05,0.0,True,False
2021-07-01,M2,q90,I06,0.0,True,False
2021-07-01,M2,p10,A01_spline_0,0.5305634763038545,False,False
2021-07-01,M2,p10,A01_spline_1,0.06635790344371346,False,False
2021-07-01,M2,p10,A01_spline_2,0.012268733252891097,False,False
2021-07-01,M2,p10,A02_spline_0,-0.1444768749305954,False,False
2021-07-01,M2,p10,A02_spline_1,0.00751512297121113,False,False
2021-07-01,M2,p10,A02_spline_2,-0.13341397727154158,False,False
2021-07-01,M2,p10,A03_spline_0,0.5283073796716148,False,False
2021-07-01,M2,p10,A03_spline_1,-0.07914962003877718,False,False
2021-07-01,M2,p10,A03_spline_2,-0.08275372725111947,False,False
2021-07-01,M2,p10,A04_spline_0,-0.1022470229508467,False,False
2021-07-01,M2,p10,A04_spline_1,-0.1605953453843803,False,False
2021-07-01,M2,p10,A04_spline_2,0.1188164855372296,False,False
2021-07-01,M2,p10,A05_spline_0,0.06753697007954933,False,False
2021-07-01,M2,p10,A05_spline_1,-0.05583825852664704,False,False
2021-07-01,M2,p10,A05_spline_2,0.22326510702096025,False,False
2021-07-01,M2,p10,B01_spline_0,0.08561268196800571,False,False
2021-07-01,M2,p10,B01_spline_1,-0.031882368930013706,False,False
2021-07-01,M2,p10,B01_spline_2,0.08163763398876092,False,False
2021-07-01,M2,p10,B02_spline_0,-0.3539083332306766,False,False
2021-07-01,M2,p10,B02_spline_1,0.13691312263691463,False,False
2021-07-01,M2,p10,B02_spline_2,-0.22784942908564343,False,False
2021-07-01,M2,p10,B03_spline_0,-0.2826594044378039,False,False
2021-07-01,M2,p10,B03_spline_1,-0.1424195722798099,False,False
2021-07-01,M2,p10,B03_spline_2,0.03696316227883794,False,False
2021-07-01,M2,p10,C01_spline_0,-0.39995173112742033,False,False
2021-07-01,M2,p10,C01_spline_1,0.34492002699623686,False,False
2021-07-01,M2,p10,C01_spline_2,0.07135650261681213,False,False
2021-07-01,M2,p10,C02_spline_0,-0.3459848837057095,False,False
2021-07-01,M2,p10,C02_spline_1,-0.008322368560042209,False,False
2021-07-01,M2,p10,C02_spline_2,0.3251704800494784,False,False
2021-07-01,M2,p10,C03_spline_0,0.03504579749850885,False,False
2021-07-01,M2,p10,C03_spline_1,0.09947915692843069,False,False
2021-07-01,M2,p10,C03_spline_2,-0.17755554237893834,False,False
2021-07-01,M2,p10,D01_spline_0,-0.04777757200843671,False,False
2021-07-01,M2,p10,D01_spline_1,0.07944616113371109,False,False
2021-07-01,M2,p10,D01_spline_2,0.01107123576486886,False,False
2021-07-01,M2,p10,D02_spline_0,0.039478505656135636,False,False
2021-07-01,M2,p10,D02_spline_1,0.10986057526935157,False,False
2021-07-01,M2,p10,D02_spline_2,-0.050326449864676354,False,False
2021-07-01,M2,p10,D03_spline_0,-0.1521261503483753,False,False
2021-07-01,M2,p10,D03_spline_1,0.33759431310808946,False,False
2021-07-01,M2,p10,D03_spline_2,-0.1887405191423715,False,False
2021-07-01,M2,p10,E01_spline_0,0.04175505211891874,False,False
2021-07-01,M2,p10,E01_spline_1,-0.17036752092765328,False,False
2021-07-01,M2,p10,E01_spline_2,0.1845128084770421,False,False
2021-07-01,M2,p10,F01_spline_0,0.08003165826320567,False,False
2021-07-01,M2,p10,F01_spline_1,-0.3506029946706489,False,False
2021-07-01,M2,p10,F01_spline_2,0.17146029982069155,False,False
2021-07-01,M2,p10,F02_spline_0,-0.1973733320086237,False,False
2021-07-01,M2,p10,F02_spline_1,-0.08285147008646501,False,False
2021-07-01,M2,p10,F02_spline_2,-0.14492917440680098,False,False
2021-07-01,M2,p10,F03_spline_0,0.13430933745697765,False,False
2021-07-01,M2,p10,F03_spline_1,0.09882953229853826,False,False
2021-07-01,M2,p10,F03_spline_2,-0.09379467460049903,False,False
2021-07-01,M2,p10,F04_spline_0,0.16928317634775172,False,False
2021-07-01,M2,p10,F04_spline_1,-0.12821600522718984,False,False
2021-07-01,M2,p10,F04_spline_2,0.12712068470123725,False,False
2021-07-01,M2,p10,I01,-0.004809890975324577,False,False
2021-07-01,M2,p10,I02,0.0589234865730379,False,False
2021-07-01,M2,p10,I03,-0.08116457476621126,False,False
2021-07-01,M2,p10,I04,-0.04652346184156977,False,False
2021-07-01,M2,p10,I05,0.1333824946778242,False,False
2021-07-01,M2,p10,I06,0.04413006846981006,False,False
2021-08-02,M1,mu5,A01,0.00821440791133487,False,False
2021-08-02,M1,mu5,A02,0.0003661602420301437,False,False
2021-08-02,M1,mu5,A03,0.008213943254438826,False,False
2021-08-02,M1,mu5,A04,-0.0027828272646342467,False,False
2021-08-02,M1,mu5,A05,0.00035873507087936347,False,False
2021-08-02,M1,mu5,B01,0.0038722494686543596,False,False
2021-08-02,M1,mu5,B02,0.0029975646384076313,False,False
2021-08-02,M1,mu5,B03,-0.003017772278573219,False,False
2021-08-02,M1,mu5,C01,0.004314419450597571,False,False
2021-08-02,M1,mu5,C02,0.0022455078046743192,False,False
2021-08-02,M1,mu5,C03,0.0013929246256585205,False,False
2021-08-02,M1,mu5,D01,0.0004347956596563607,False,False
2021-08-02,M1,mu5,D02,0.0023314473066186167,False,False
2021-08-02,M1,mu5,D03,0.005383715929432885,False,False
2021-08-02,M1,mu5,E01,-0.0041615172582175905,False,False
2021-08-02,M1,mu5,F01,-0.00129585473983648,False,False
2021-08-02,M1,mu5,F02,0.0026871412790352616,False,False
2021-08-02,M1,mu5,F03,0.0027533871014438507,False,False
2021-08-02,M1,mu5,F04,0.0006480325084980702,False,False
2021-08-02,M1,q90,A01,-0.008186105190102475,False,False
2021-08-02,M1,q90,A02,0.0,True,False
2021-08-02,M1,q90,A03,-0.012629687381694833,False,False
2021-08-02,M1,q90,A04,0.01712148839146387,False,False
2021-08-02,M1,q90,A05,0.0,True,False
2021-08-02,M1,q90,B01,0.0,True,False
2021-08-02,M1,q90,B02,0.0,True,False
2021-08-02,M1,q90,B03,0.0,True,False
2021-08-02,M1,q90,C01,0.0,True,False
2021-08-02,M1,q90,C02,0.0,True,False
2021-08-02,M1,q90,C03,0.0,True,False
2021-08-02,M1,q90,D01,0.0,True,False
2021-08-02,M1,q90,D02,0.0,True,False
2021-08-02,M1,q90,D03,-0.012079005251511872,False,False
2021-08-02,M1,q90,E01,0.00391443625062538,False,False
2021-08-02,M1,q90,F01,0.0,True,False
2021-08-02,M1,q90,F02,0.0,True,False
2021-08-02,M1,q90,F03,-0.002622200869700839,False,False
2021-08-02,M1,q90,F04,0.0,True,False
2021-08-02,M1,p10,A01,-0.322489005626837,False,False
2021-08-02,M1,p10,A02,-0.0034084628280594996,False,False
2021-08-02,M1,p10,A03,-0.2875981158876921,False,False
2021-08-02,M1,p10,A04,0.2350193700770814,False,False
2021-08-02,M1,p10,A05,0.008521219148973599,False,False
2021-08-02,M1,p10,B01,0.07905978013551705,False,False
2021-08-02,M1,p10,B02,-0.02935180740482472,False,False
2021-08-02,M1,p10,B03,0.33862142138557316,False,False
2021-08-02,M1,p10,C01,-0.04671993742033219,False,False
2021-08-02,M1,p10,C02,-0.0689302663989,False,False
2021-08-02,M1,p10,C03,0.06626197977845735,False,False
2021-08-02,M1,p10,D01,0.02279809996315077,False,False
2021-08-02,M1,p10,D02,-0.16076092824915028,False,False
2021-08-02,M1,p10,D03,-0.34627455838618004,False,False
2021-08-02,M1,p10,E01,0.23976393834270993,False,False
2021-08-02,M1,p10,F01,0.2561582677341367,False,False
2021-08-02,M1,p10,F02,0.036703169743620125,False,False
2021-08-02,M1,p10,F03,-0.19604773596072161,False,False
2021-08-02,M1,p10,F04,-0.10383895189325362,False,False
2021-08-02,M2,mu5,A01_spline_0,-0.02284463894306604,False,False
2021-08-02,M2,mu5,A01_spline_1,-0.0006614327631817853,False,False
2021-08-02,M2,mu5,A01_spline_2,0.0014753798353178032,False,False
2021-08-02,M2,mu5,A02_spline_0,0.004183438511697842,False,False
2021-08-02,M2,mu5,A02_spline_1,0.0014420190650272476,False,False
2021-08-02,M2,mu5,A02_spline_2,0.008160449236968492,False,False
2021-08-02,M2,mu5,A03_spline_0,-0.010832054916002188,False,False
2021-08-02,M2,mu5,A03_spline_1,0.004008419686424082,False,False
2021-08-02,M2,mu5,A03_spline_2,0.0032581123663401428,False,False
2021-08-02,M2,mu5,A04_spline_0,0.0018523965315362851,False,False
2021-08-02,M2,mu5,A04_spline_1,0.0031322246663662984,False,False
2021-08-02,M2,mu5,A04_spline_2,-0.000905539438182271,False,False
2021-08-02,M2,mu5,A05_spline_0,-0.0043688605789364175,False,False
2021-08-02,M2,mu5,A05_spline_1,0.0033874022101017826,False,False
2021-08-02,M2,mu5,A05_spline_2,-0.0011108866617165313,False,False
2021-08-02,M2,mu5,B01_spline_0,-0.004918402517918148,False,False
2021-08-02,M2,mu5,B01_spline_1,-0.001776796217124745,False,False
2021-08-02,M2,mu5,B01_spline_2,-0.00012095016682611877,False,False
2021-08-02,M2,mu5,B02_spline_0,0.0018039926976055227,False,False
2021-08-02,M2,mu5,B02_spline_1,0.00012569932260701007,False,False
2021-08-02,M2,mu5,B02_spline_2,0.003103484921825674,False,False
2021-08-02,M2,mu5,B03_spline_0,0.00419346294109369,False,False
2021-08-02,M2,mu5,B03_spline_1,0.0020129237414740833,False,False
2021-08-02,M2,mu5,B03_spline_2,0.0021286749681894077,False,False
2021-08-02,M2,mu5,C01_spline_0,0.004406371399230443,False,False
2021-08-02,M2,mu5,C01_spline_1,-0.009832972304484986,False,False
2021-08-02,M2,mu5,C01_spline_2,-0.0013610125458133836,False,False
2021-08-02,M2,mu5,C02_spline_0,0.002008108634400434,False,False
2021-08-02,M2,mu5,C02_spline_1,-0.0015987438938190627,False,False
2021-08-02,M2,mu5,C02_spline_2,-0.005663600829065419,False,False
2021-08-02,M2,mu5,C03_spline_0,-0.002909262658761912,False,False
2021-08-02,M2,mu5,C03_spline_1,-0.004201003258556214,False,False
2021-08-02,M2,mu5,C03_spline_2,0.005472833943929698,False,False
2021-08-02,M2,mu5,D01_spline_0,-0.003819367264763795,False,False
2021-08-02,M2,mu5,D01_spline_1,0.0012470167321301656,False,False
2021-08-02,M2,mu5,D01_spline_2,-0.00368157197770576,False,False
2021-08-02,M2,mu5,D02_spline_0,0.0004239439730470947,False,False
2021-08-02,M2,mu5,D02_spline_1,-0.003714636618907829,False,False
2021-08-02,M2,mu5,D02_spline_2,-0.0012937483678415258,False,False
2021-08-02,M2,mu5,D03_spline_0,0.0018892222339099325,False,False
2021-08-02,M2,mu5,D03_spline_1,-0.004847308674012777,False,False
2021-08-02,M2,mu5,D03_spline_2,0.004463044259249528,False,False
2021-08-02,M2,mu5,E01_spline_0,0.0007544917131474813,False,False
2021-08-02,M2,mu5,E01_spline_1,0.004197266049191853,False,False
2021-08-02,M2,mu5,E01_spline_2,-0.006859467260753269,False,False
2021-08-02,M2,mu5,F01_spline_0,-0.0022429745241789403,False,False
2021-08-02,M2,mu5,F01_spline_1,0.0026327113640345857,False,False
2021-08-02,M2,mu5,F01_spline_2,-0.0007471436628778178,False,False
2021-08-02,M2,mu5,F02_spline_0,0.004849267941567261,False,False
2021-08-02,M2,mu5,F02_spline_1,-0.0003385873385985845,False,False
2021-08-02,M2,mu5,F02_spline_2,0.003817141568406166,False,False
2021-08-02,M2,mu5,F03_spline_0,-0.0022637702530049347,False,False
2021-08-02,M2,mu5,F03_spline_1,-0.00147301873505348,False,False
2021-08-02,M2,mu5,F03_spline_2,0.0021789151169278416,False,False
2021-08-02,M2,mu5,F04_spline_0,-0.00435329233582563,False,False
2021-08-02,M2,mu5,F04_spline_1,0.003287674948792281,False,False
2021-08-02,M2,mu5,F04_spline_2,-0.0046456784355667444,False,False
2021-08-02,M2,mu5,I01,-0.0009362265095867557,False,False
2021-08-02,M2,mu5,I02,0.006056986691546985,False,False
2021-08-02,M2,mu5,I03,0.002694636377452083,False,False
2021-08-02,M2,mu5,I04,0.0002575108293190781,False,False
2021-08-02,M2,mu5,I05,-0.009363072472402605,False,False
2021-08-02,M2,mu5,I06,-0.004021384512066041,False,False
2021-08-02,M2,q90,A01_spline_0,0.033634185236270826,False,False
2021-08-02,M2,q90,A01_spline_1,0.0,True,False
2021-08-02,M2,q90,A01_spline_2,0.0,True,False
2021-08-02,M2,q90,A02_spline_0,0.0,True,False
2021-08-02,M2,q90,A02_spline_1,0.0,True,False
2021-08-02,M2,q90,A02_spline_2,-0.003469891682418847,False,False
2021-08-02,M2,q90,A03_spline_0,0.009175407671557098,False,False
2021-08-02,M2,q90,A03_spline_1,0.0,True,False
2021-08-02,M2,q90,A03_spline_2,0.0,True,False
2021-08-02,M2,q90,A04_spline_0,0.0,True,False
2021-08-02,M2,q90,A04_spline_1,0.0,True,False
2021-08-02,M2,q90,A04_spline_2,0.0,True,False
2021-08-02,M2,q90,A05_spline_0,0.0,True,False
2021-08-02,M2,q90,A05_spline_1,0.0,True,False
2021-08-02,M2,q90,A05_spline_2,0.0,True,False
2021-08-02,M2,q90,B01_spline_0,0.0,True,False
2021-08-02,M2,q90,B01_spline_1,0.0,True,False
2021-08-02,M2,q90,B01_spline_2,0.0,True,False
2021-08-02,M2,q90,B02_spline_0,-0.00402629720665787,False,False
2021-08-02,M2,q90,B02_spline_1,0.0,True,False
2021-08-02,M2,q90,B02_spline_2,0.0,True,False
2021-08-02,M2,q90,B03_spline_0,0.0,True,False
2021-08-02,M2,q90,B03_spline_1,0.0,True,False
2021-08-02,M2,q90,B03_spline_2,0.0,True,False
2021-08-02,M2,q90,C01_spline_0,-0.011477227113611812,False,False
2021-08-02,M2,q90,C01_spline_1,0.0,True,False
2021-08-02,M2,q90,C01_spline_2,0.0,True,False
2021-08-02,M2,q90,C02_spline_0,-0.0038826738811037287,False,False
2021-08-02,M2,q90,C02_spline_1,0.0,True,False
2021-08-02,M2,q90,C02_spline_2,0.0004100783645124298,False,False
2021-08-02,M2,q90,C03_spline_0,0.0,True,False
2021-08-02,M2,q90,C03_spline_1,0.0,True,False
2021-08-02,M2,q90,C03_spline_2,0.0,True,False
2021-08-02,M2,q90,D01_spline_0,0.0,True,False
2021-08-02,M2,q90,D01_spline_1,0.0,True,False
2021-08-02,M2,q90,D01_spline_2,0.0,True,False
2021-08-02,M2,q90,D02_spline_0,0.000794386564652947,False,False
2021-08-02,M2,q90,D02_spline_1,0.0,True,False
2021-08-02,M2,q90,D02_spline_2,0.0,True,False
2021-08-02,M2,q90,D03_spline_0,0.0,True,False
2021-08-02,M2,q90,D03_spline_1,0.009719794489299008,False,False
2021-08-02,M2,q90,D03_spline_2,0.0,True,False
2021-08-02,M2,q90,E01_spline_0,0.0,True,False
2021-08-02,M2,q90,E01_spline_1,0.0,True,False
2021-08-02,M2,q90,E01_spline_2,0.013625021210670118,False,False
2021-08-02,M2,q90,F01_spline_0,-0.005279517283049028,False,False
2021-08-02,M2,q90,F01_spline_1,0.0,True,False
2021-08-02,M2,q90,F01_spline_2,0.0,True,False
2021-08-02,M2,q90,F02_spline_0,0.0,True,False
2021-08-02,M2,q90,F02_spline_1,0.0,True,False
2021-08-02,M2,q90,F02_spline_2,0.0,True,False
2021-08-02,M2,q90,F03_spline_0,0.0,True,False
2021-08-02,M2,q90,F03_spline_1,0.0,True,False
2021-08-02,M2,q90,F03_spline_2,0.0,True,False
2021-08-02,M2,q90,F04_spline_0,0.007871513551833912,False,False
2021-08-02,M2,q90,F04_spline_1,0.0,True,False
2021-08-02,M2,q90,F04_spline_2,0.0,True,False
2021-08-02,M2,q90,I01,0.0,True,False
2021-08-02,M2,q90,I02,0.0,True,False
2021-08-02,M2,q90,I03,0.0,True,False
2021-08-02,M2,q90,I04,0.0,True,False
2021-08-02,M2,q90,I05,0.0,True,False
2021-08-02,M2,q90,I06,0.0,True,False
2021-08-02,M2,p10,A01_spline_0,0.5267661304264499,False,False
2021-08-02,M2,p10,A01_spline_1,0.07140703635457155,False,False
2021-08-02,M2,p10,A01_spline_2,0.005357101409656541,False,False
2021-08-02,M2,p10,A02_spline_0,-0.1372137474408382,False,False
2021-08-02,M2,p10,A02_spline_1,0.011730827356991309,False,False
2021-08-02,M2,p10,A02_spline_2,-0.13909101394826603,False,False
2021-08-02,M2,p10,A03_spline_0,0.5221252456661427,False,False
2021-08-02,M2,p10,A03_spline_1,-0.07708273259372923,False,False
2021-08-02,M2,p10,A03_spline_2,-0.07934388210708915,False,False
2021-08-02,M2,p10,A04_spline_0,-0.10246306873588101,False,False
2021-08-02,M2,p10,A04_spline_1,-0.150894054701753,False,False
2021-08-02,M2,p10,A04_spline_2,0.10968260463674949,False,False
2021-08-02,M2,p10,A05_spline_0,0.0694203802849497,False,False
2021-08-02,M2,p10,A05_spline_1,-0.06276977579193338,False,False
2021-08-02,M2,p10,A05_spline_2,0.2234591860229077,False,False
2021-08-02,M2,p10,B01_spline_0,0.09552893399392288,False,False
2021-08-02,M2,p10,B01_spline_1,-0.05961407719553707,False,False
2021-08-02,M2,p10,B01_spline_2,0.10086152542280581,False,False
2021-08-02,M2,p10,B02_spline_0,-0.3769028194685017,False,False
2021-08-02,M2,p10,B02_spline_1,0.1280520123928675,False,False
2021-08-02,M2,p10,B02_spline_2,-0.19478960579785592,False,False
2021-08-02,M2,p10,B03_spline_0,-0.31043179551002487,False,False
2021-08-02,M2,p10,B03_spline_1,-0.1405422542614342,False,False
2021-08-02,M2,p10,B03_spline_2,0.05153319848504355,False,False
2021-08-02,M2,p10,C01_spline_0,-0.40366434770466625,False,False
2021-08-02,M2,p10,C01_spline_1,0.3791077526793406,False,False
2021-08-02,M2,p10,C01_spline_2,0.045980053489665836,False,False
2021-08-02,M2,p10,C02_spline_0,-0.35538188672347837,False,False
2021-08-02,M2,p10,C02_spline_1,-0.008144742193533214,False,False
2021-08-02,M2,p10,C02_spline_2,0.32301198270780246,False,False
2021-08-02,M2,p10,C03_spline_0,0.03542754730932433,False,False
2021-08-02,M2,p10,C03_spline_1,0.10431273996740927,False,False
2021-08-02,M2,p10,C03_spline_2,-0.1805898788132719,False,False
2021-08-02,M2,p10,D01_spline_0,-0.04177983549952448,False,False
2021-08-02,M2,p10,D01_spline_1,0.08024920215778485,False,False
2021-08-02,M2,p10,D01_spline_2,0.0049497838666917185,False,False
2021-08-02,M2,p10,D02_spline_0,0.0243377743171023,False,False
2021-08-02,M2,p10,D02_spline_1,0.11331075102948258,False,False
2021-08-02,M2,p10,D02_spline_2,-0.04456609806636499,False,False
2021-08-02,M2,p10,D03_spline_0,-0.14162852342488771,False,False
2021-08-02,M2,p10,D03_spline_1,0.32837447132745173,False,False
2021-08-02,M2,p10,D03_spline_2,-0.18134481026390062,False,False
2021-08-02,M2,p10,E01_spline_0,0.04386509150051002,False,False
2021-08-02,M2,p10,E01_spline_1,-0.17692755779519515,False,False
2021-08-02,M2,p10,E01_spline_2,0.185576027796581,False,False
2021-08-02,M2,p10,F01_spline_0,0.08146279652960083,False,False
2021-08-02,M2,p10,F01_spline_1,-0.34632818495446754,False,False
2021-08-02,M2,p10,F01_spline_2,0.16617206095980147,False,False
2021-08-02,M2,p10,F02_spline_0,-0.19815378947092094,False,False
2021-08-02,M2,p10,F02_spline_1,-0.09215899460032816,False,False
2021-08-02,M2,p10,F02_spline_2,-0.14023515040348583,False,False
2021-08-02,M2,p10,F03_spline_0,0.13763726560684908,False,False
2021-08-02,M2,p10,F03_spline_1,0.09174614636875213,False,False
2021-08-02,M2,p10,F03_spline_2,-0.08746974676969636,False,False
2021-08-02,M2,p10,F04_spline_0,0.18116949004119445,False,False
2021-08-02,M2,p10,F04_spline_1,-0.13287029817674584,False,False
2021-08-02,M2,p10,F04_spline_2,0.12464503730812979,False,False
2021-08-02,M2,p10,I01,-0.009961359799754595,False,False
2021-08-02,M2,p10,I02,0.06361366719222875,False,False
2021-08-02,M2,p10,I03,-0.07340248906582332,False,False
2021-08-02,M2,p10,I04,-0.054168558406282555,False,False
2021-08-02,M2,p10,I05,0.13143819789102276,False,False
2021-08-02,M2,p10,I06,0.04281223366765239,False,False
2021-09-01,M1,mu5,A01,0.0083039494700553,False,False
2021-09-01,M1,mu5,A02,0.0004225676705501311,False,False
2021-09-01,M1,mu5,A03,0.00843731313885983,False,False
2021-09-01,M1,mu5,A04,-0.0025159033434373006,False,False
2021-09-01,M1,mu5,A05,0.0005269653668316175,False,False
2021-09-01,M1,mu5,B01,0.003997685508851918,False,False
2021-09-01,M1,mu5,B02,0.00343782048328059,False,False
2021-09-01,M1,mu5,B03,-0.0028188026609061675,False,False
2021-09-01,M1,mu5,C01,0.0044948108068467735,False,False
2021-09-01,M1,mu5,C02,0.002002862997420383,False,False
2021-09-01,M1,mu5,C03,0.0017491317674669053,False,False
2021-09-01,M1,mu5,D01,0.0002528909641070886,False,False
2021-09-01,M1,mu5,D02,0.0021430554509088637,False,False
2021-09-01,M1,mu5,D03,0.005132845369245942,False,False
2021-09-01,M1,mu5,E01,-0.004279758503998264,False,False
2021-09-01,M1,mu5,F01,-0.0011777029684444068,False,False
2021-09-01,M1,mu5,F02,0.0027828241091213753,False,False
2021-09-01,M1,mu5,F03,0.002680884394913655,False,False
2021-09-01,M1,mu5,F04,0.0005284161711496838,False,False
2021-09-01,M1,q90,A01,-0.007487119896440427,False,False
2021-09-01,M1,q90,A02,0.0,True,False
2021-09-01,M1,q90,A03,-0.01274995000453381,False,False
2021-09-01,M1,q90,A04,0.01701136226391904,False,False
2021-09-01,M1,q90,A05,0.0,True,False
2021-09-01,M1,q90,B01,0.0,True,False
2021-09-01,M1,q90,B02,0.0,True,False
2021-09-01,M1,q90,B03,0.0,True,False
2021-09-01,M1,q90,C01,0.0,True,False
2021-09-01,M1,q90,C02,0.0,True,False
2021-09-01,M1,q90,C03,0.0,True,False
2021-09-01,M1,q90,D01,0.0,True,False
2021-09-01,M1,q90,D02,0.0,True,False
2021-09-01,M1,q90,D03,-0.011565702377214883,False,False
2021-09-01,M1,q90,E01,0.003555151557252367,False,False
2021-09-01,M1,q90,F01,0.0,True,False
2021-09-01,M1,q90,F02,0.0,True,False
2021-09-01,M1,q90,F03,-0.00286296568729774,False,False
2021-09-01,M1,q90,F04,0.0,True,False
2021-09-01,M1,p10,A01,-0.32141873384860686,False,False
2021-09-01,M1,p10,A02,-0.009748931591253005,False,False
2021-09-01,M1,p10,A03,-0.287304763802367,False,False
2021-09-01,M1,p10,A04,0.23243668438972162,False,False
2021-09-01,M1,p10,A05,0.005994398794212811,False,False
2021-09-01,M1,p10,B01,0.09278089727929432,False,False
2021-09-01,M1,p10,B02,-0.014710836012700516,False,False
2021-09-01,M1,p10,B03,0.3571025587796132,False,False
2021-09-01,M1,p10,C01,-0.07672347029634993,False,False
2021-09-01,M1,p10,C02,-0.05709639102796395,False,False
2021-09-01,M1,p10,C03,0.05355399416091129,False,False
2021-09-01,M1,p10,D01,0.026596944555797662,False,False
2021-09-01,M1,p10,D02,-0.15080959396333393,False,False
2021-09-01,M1,p10,D03,-0.3482052773000032,False,False
2021-09-01,M1,p10,E01,0.24296301233770257,False,False
2021-09-01,M1,p10,F01,0.25779199546462683,False,False
2021-09-01,M1,p10,F02,0.0396035906208189,False,False
2021-09-01,M1,p10,F03,-0.192902533123071,False,False
2021-09-01,M1,p10,F04,-0.10420224004603222,False,False
2021-09-01,M2,mu5,A01_spline_0,-0.022611803529059546,False,False
2021-09-01,M2,mu5,A01_spline_1,-0.0008619816206715729,False,False
2021-09-01,M2,mu5,A01_spline_2,0.001276679565658057,False,False
2021-09-01,M2,mu5,A02_spline_0,0.004038955137424237,False,False
2021-09-01,M2,mu5,A02_spline_1,0.0014942382545878648,False,False
2021-09-01,M2,mu5,A02_spline_2,0.00794775280165544,False,False
2021-09-01,M2,mu5,A03_spline_0,-0.010690544593132229,False,False
2021-09-01,M2,mu5,A03_spline_1,0.003987144201428525,False,False
2021-09-01,M2,mu5,A03_spline_2,0.0026377889618885656,False,False
2021-09-01,M2,mu5,A04_spline_0,0.0016850352444031423,False,False
2021-09-01,M2,mu5,A04_spline_1,0.0029713095366462076,False,False
2021-09-01,M2,mu5,A04_spline_2,-0.0006512295380825682,False,False
2021-09-01,M2,mu5,A05_spline_0,-0.004254155557648623,False,False
2021-09-01,M2,mu5,A05_spline_1,0.0035154626160905783,False,False
2021-09-01,M2,mu5,A05_spline_2,-0.0008357287510146888,False,False
2021-09-01,M2,mu5,B01_spline_0,-0.00516997848391398,False,False
2021-09-01,M2,mu5,B01_spline_1,-0.0015404964562503978,False,False
2021-09-01,M2,mu5,B01_spline_2,-0.00015729436103680342,False,False
2021-09-01,M2,mu5,B02_spline_0,0.0017155563790273746,False,False
2021-09-01,M2,mu5,B02_spline_1,0.0002200755178686771,False,False
2021-09-01,M2,mu5,B02_spline_2,0.0027501119442984064,False,False
2021-09-01,M2,mu5,B03_spline_0,0.0035776383955477328,False,False
2021-09-01,M2,mu5,B03_spline_1,0.0023722275763892083,False,False
2021-09-01,M2,mu5,B03_spline_2,0.0017508420938820396,False,False
2021-09-01,M2,mu5,C01_spline_0,0.004506370830707021,False,False
2021-09-01,M2,mu5,C01_spline_1,-0.010104187879237073,False,False
2021-09-01,M2,mu5,C01_spline_2,-0.001175519887802669,False,False
2021-09-01,M2,mu5,C02_spline_0,0.001978826932890014,False,False
2021-09-01,M2,mu5,C02_spline_1,-0.001424218337707627,False,False
2021-09-01,M2,mu5,C02_spline_2,-0.005695978176938078,False,False
2021-09-01,M2,mu5,C03_spline_0,-0.0026071562169022694,False,False
2021-09-01,M2,mu5,C03_spline_1,-0.004396991689631843,False,False
2021-09-01,M2,mu5,C03_spline_2,0.005586753788463266,False,False
2021-09-01,M2,mu5,D01_spline_0,-0.0038134151410656853,False,False
2021-09-01,M2,mu5,D01_spline_1,0.0014150705841083696,False,False
2021-09-01,M2,mu5,D01_spline_2,-0.003829351466972703,False,False
2021-09-01,M2,mu5,D02_spline_0,0.00037895414916596856,False,False
2021-09-01,M2,mu5,D02_spline_1,-0.003647275918552873,False,False
2021-09-01,M2,mu5,D02_spline_2,-0.0013106497742616378,False,False
2021-09-01,M2,mu5,D03_spline_0,0.00211778848755201,False,False
2021-09-01,M2,mu5,D03_spline_1,-0.004822855946384939,False,False
2021-09-01,M2,mu5,D03_spline_2,0.0042439200602542426,False,False
2021-09-01,M2,mu5,E01_spline_0,0.000771089908070992,False,False
2021-09-01,M2,mu5,E01_spline_1,0.004236733219300154,False,False
2021-09-01,M2,mu5,E01_spline_2,-0.006847764561254405,False,False
2021-09-01,M2,mu5,F01_spline_0,-0.0022266164300651227,False,False
2021-09-01,M2,mu5,F01_spline_1,0.0025775916701875085,False,False
2021-09-01,M2,mu5,F01_spline_2,-0.0007166745193600984,False,False
2021-09-01,M2,mu5,F02_spline_0,0.004724560588822013,False,False
2021-09-01,M2,mu5,F02_spline_1,-0.00021324208989824487,False,False
2021-09-01,M2,mu5,F02_spline_2,0.0038748096914291252,False,False
2021-09-01,M2,mu5,F03_spline_0,-0.0023551465574836094,False,False
2021-09-01,M2,mu5,F03_spline_1,-0.0013858173125423684,False,False
2021-09-01,M2,mu5,F03_spline_2,0.002196974300862738,False,False
2021-09-01,M2,mu5,F04_spline_0,-0.004421671513125883,False,False
2021-09-01,M2,mu5,F04_spline_1,0.0031853777462662342,False,False
2021-09-01,M2,mu5,F04_spline_2,-0.004450516642212092,False,False
2021-09-01,M2,mu5,I01,-0.0009531629135165363,False,False
2021-09-01,M2,mu5,I02,0.005820128671058652,False,False
2021-09-01,M2,mu5,I03,0.0027153718554005866,False,False
2021-09-01,M2,mu5,I04,0.000319331232234335,False,False
2021-09-01,M2,mu5,I05,-0.009443918968146052,False,False
2021-09-01,M2,mu5,I06,-0.004052758475729625,False,False
2021-09-01,M2,q90,A01_spline_0,0.033896392417700275,False,False
2021-09-01,M2,q90,A01_spline_1,0.0,True,False
2021-09-01,M2,q90,A01_spline_2,0.0,True,False
2021-09-01,M2,q90,A02_spline_0,0.0,True,False
2021-09-01,M2,q90,A02_spline_1,0.0019218606560278584,False,False
2021-09-01,M2,q90,A02_spline_2,-0.0017806253663879763,False,False
2021-09-01,M2,q90,A03_spline_0,0.00909646546845733,False,False
2021-09-01,M2,q90,A03_spline_1,0.0,True,False
2021-09-01,M2,q90,A03_spline_2,0.0,True,False
2021-09-01,M2,q90,A04_spline_0,0.0,True,False
2021-09-01,M2,q90,A04_spline_1,0.0,True,False
2021-09-01,M2,q90,A04_spline_2,0.0,True,False
2021-09-01,M2,q90,A05_spline_0,0.0,True,False
2021-09-01,M2,q90,A05_spline_1,0.0,True,False
2021-09-01,M2,q90,A05_spline_2,0.0,True,False
2021-09-01,M2,q90,B01_spline_0,0.0,True,False
2021-09-01,M2,q90,B01_spline_1,0.0,True,False
2021-09-01,M2,q90,B01_spline_2,0.0,True,False
2021-09-01,M2,q90,B02_spline_0,-0.0017806020821190135,False,False
2021-09-01,M2,q90,B02_spline_1,0.0,True,False
2021-09-01,M2,q90,B02_spline_2,0.0,True,False
2021-09-01,M2,q90,B03_spline_0,0.0,True,False
2021-09-01,M2,q90,B03_spline_1,0.0,True,False
2021-09-01,M2,q90,B03_spline_2,0.0,True,False
2021-09-01,M2,q90,C01_spline_0,-0.010200613326075815,False,False
2021-09-01,M2,q90,C01_spline_1,0.0,True,False
2021-09-01,M2,q90,C01_spline_2,0.0,True,False
2021-09-01,M2,q90,C02_spline_0,-0.0034663095877094704,False,False
2021-09-01,M2,q90,C02_spline_1,0.0,True,False
2021-09-01,M2,q90,C02_spline_2,0.0019119871571520533,False,False
2021-09-01,M2,q90,C03_spline_0,0.0,True,False
2021-09-01,M2,q90,C03_spline_1,0.0,True,False
2021-09-01,M2,q90,C03_spline_2,0.0,True,False
2021-09-01,M2,q90,D01_spline_0,0.0,True,False
2021-09-01,M2,q90,D01_spline_1,0.0,True,False
2021-09-01,M2,q90,D01_spline_2,0.0,True,False
2021-09-01,M2,q90,D02_spline_0,0.0,True,False
2021-09-01,M2,q90,D02_spline_1,0.0,True,False
2021-09-01,M2,q90,D02_spline_2,0.0,True,False
2021-09-01,M2,q90,D03_spline_0,0.0,True,False
2021-09-01,M2,q90,D03_spline_1,0.006787046935829106,False,False
2021-09-01,M2,q90,D03_spline_2,0.0,True,False
2021-09-01,M2,q90,E01_spline_0,0.0,True,False
2021-09-01,M2,q90,E01_spline_1,0.0,True,False
2021-09-01,M2,q90,E01_spline_2,0.010702310815514563,False,False
2021-09-01,M2,q90,F01_spline_0,-0.006924149122865775,False,False
2021-09-01,M2,q90,F01_spline_1,0.0,True,False
2021-09-01,M2,q90,F01_spline_2,0.0,True,False
2021-09-01,M2,q90,F02_spline_0,0.0,True,False
2021-09-01,M2,q90,F02_spline_1,0.0,True,False
2021-09-01,M2,q90,F02_spline_2,0.0,True,False
2021-09-01,M2,q90,F03_spline_0,0.0,True,False
2021-09-01,M2,q90,F03_spline_1,0.0,True,False
2021-09-01,M2,q90,F03_spline_2,0.0,True,False
2021-09-01,M2,q90,F04_spline_0,0.009051244909379344,False,False
2021-09-01,M2,q90,F04_spline_1,0.0,True,False
2021-09-01,M2,q90,F04_spline_2,0.0,True,False
2021-09-01,M2,q90,I01,0.0,True,False
2021-09-01,M2,q90,I02,0.0,True,False
2021-09-01,M2,q90,I03,0.0,True,False
2021-09-01,M2,q90,I04,0.0,True,False
2021-09-01,M2,q90,I05,0.0,True,False
2021-09-01,M2,q90,I06,0.0,True,False
2021-09-01,M2,p10,A01_spline_0,0.521922767451955,False,False
2021-09-01,M2,p10,A01_spline_1,0.07303697380461419,False,False
2021-09-01,M2,p10,A01_spline_2,0.007500120108372968,False,False
2021-09-01,M2,p10,A02_spline_0,-0.13418539523508163,False,False
2021-09-01,M2,p10,A02_spline_1,0.011000063819510988,False,False
2021-09-01,M2,p10,A02_spline_2,-0.13328953599176138,False,False
2021-09-01,M2,p10,A03_spline_0,0.5207879466799171,False,False
2021-09-01,M2,p10,A03_spline_1,-0.07615148307604308,False,False
2021-09-01,M2,p10,A03_spline_2,-0.07465699151461709,False,False
2021-09-01,M2,p10,A04_spline_0,-0.1024316062601529,False,False
2021-09-01,M2,p10,A04_spline_1,-0.1492776218088391,False,False
2021-09-01,M2,p10,A04_spline_2,0.10778289398871693,False,False
2021-09-01,M2,p10,A05_spline_0,0.07311593985652544,False,False
2021-09-01,M2,p10,A05_spline_1,-0.06751968278743392,False,False
2021-09-01,M2,p10,A05_spline_2,0.21829253085606926,False,False
2021-09-01,M2,p10,B01_spline_0,0.1053763111444485,False,False
2021-09-01,M2,p10,B01_spline_1,-0.07883272900489695,False,False
2021-09-01,M2,p10,B01_spline_2,0.11154275694261905,False,False
2021-09-01,M2,p10,B02_spline_0,-0.3916807029671816,False,False
2021-09-01,M2,p10,B02_spline_1,0.12756772845610415,False,False
2021-09-01,M2,p10,B02_spline_2,-0.17093612396370658,False,False
2021-09-01,M2,p10,B03_spline_0,-0.32476583302303225,False,False
2021-09-01,M2,p10,B03_spline_1,-0.13817091241904272,False,False
2021-09-01,M2,p10,B03_spline_2,0.06520572153700717,False,False
2021-09-01,M2,p10,C01_spline_0,-0.40696471429729586,False,False
2021-09-01,M2,p10,C01_spline_1,0.4136925901462681,False,False
2021-09-01,M2,p10,C01_spline_2,0.0197513448920702,False,False
2021-09-01,M2,p10,C02_spline_0,-0.3559588641395368,False,False
2021-09-01,M2,p10,C02_spline_1,-0.01793658418338783,False,False
2021-09-01,M2,p10,C02_spline_2,0.3279366935100264,False,False
2021-09-01,M2,p10,C03_spline_0,0.03505314979313994,False,False
2021-09-01,M2,p10,C03_spline_1,0.1149269202867404,False,False
2021-09-01,M2,p10,C03_spline_2,-0.18788795740639874,False,False
2021-09-01,M2,p10,D01_spline_0,-0.05031973963402904,False,False
2021-09-01,M2,p10,D01_spline_1,0.08287254665726794,False,False
2021-09-01,M2,p10,D01_spline_2,0.006736986280327803,False,False
2021-09-01,M2,p10,D02_spline_0,0.01470227132674699,False,False
2021-09-01,M2,p10,D02_spline_1,0.11267074638976603,False,False
2021-09-01,M2,p10,D02_spline_2,-0.03932731270984055,False,False
2021-09-01,M2,p10,D03_spline_0,-0.13475175731704872,False,False
2021-09-01,M2,p10,D03_spline_1,0.3269305325413875,False,False
2021-09-01,M2,p10,D03_spline_2,-0.18191595367833394,False,False
2021-09-01,M2,p10,E01_spline_0,0.04709664005575051,False,False
2021-09-01,M2,p10,E01_spline_1,-0.18210834025818262,False,False
2021-09-01,M2,p10,E01_spline_2,0.1837586373952369,False,False
2021-09-01,M2,p10,F01_spline_0,0.0846795181617346,False,False
2021-09-01,M2,p10,F01_spline_1,-0.3445712845242994,False,False
2021-09-01,M2,p10,F01_spline_2,0.16275577987162354,False,False
2021-09-01,M2,p10,F02_spline_0,-0.19517661368487385,False,False
2021-09-01,M2,p10,F02_spline_1,-0.09448601929601357,False,False
2021-09-01,M2,p10,F02_spline_2,-0.13265458828650134,False,False
2021-09-01,M2,p10,F03_spline_0,0.1407072646613163,False,False
2021-09-01,M2,p10,F03_spline_1,0.08989522565250543,False,False
2021-09-01,M2,p10,F03_spline_2,-0.08650221173362374,False,False
2021-09-01,M2,p10,F04_spline_0,0.18090476566429733,False,False
2021-09-01,M2,p10,F04_spline_1,-0.13588835421107728,False,False
2021-09-01,M2,p10,F04_spline_2,0.124545515640878,False,False
2021-09-01,M2,p10,I01,-0.01060325241308183,False,False
2021-09-01,M2,p10,I02,0.06709628721725357,False,False
2021-09-01,M2,p10,I03,-0.06520392150927845,False,False
2021-09-01,M2,p10,I04,-0.05996921795419618,False,False
2021-09-01,M2,p10,I05,0.1280808552173753,False,False
2021-09-01,M2,p10,I06,0.041273941900910285,False,False
2021-10-01,M1,mu5,A01,0.008343716021245543,False,False
2021-10-01,M1,mu5,A02,0.00011520061593346445,False,False
2021-10-01,M1,mu5,A03,0.008225912488228904,False,False
2021-10-01,M1,mu5,A04,-0.00269893681312565,False,False
2021-10-01,M1,mu5,A05,0.0011726821751726986,False,False
2021-10-01,M1,mu5,B01,0.004038602717052434,False,False
2021-10-01,M1,mu5,B02,0.003444421125545842,False,False
2021-10-01,M1,mu5,B03,-0.002206538941603043,False,False
2021-10-01,M1,mu5,C01,0.004099207416137267,False,False
2021-10-01,M1,mu5,C02,0.0019260854513113925,False,False
2021-10-01,M1,mu5,C03,0.001305826985439916,False,False
2021-10-01,M1,mu5,D01,0.0004903435327449512,False,False
2021-10-01,M1,mu5,D02,0.0021867607711762807,False,False
2021-10-01,M1,mu5,D03,0.00464302601273749,False,False
2021-10-01,M1,mu5,E01,-0.0038962939577269562,False,False
2021-10-01,M1,mu5,F01,-0.0011411577185849282,False,False
2021-10-01,M1,mu5,F02,0.002912181758590129,False,False
2021-10-01,M1,mu5,F03,0.0024394213430587,False,False
2021-10-01,M1,mu5,F04,0.0009289124732121629,False,False
2021-10-01,M1,q90,A01,-0.008327885525374624,False,False
2021-10-01,M1,q90,A02,0.0,True,False
2021-10-01,M1,q90,A03,-0.01193338771382786,False,False
2021-10-01,M1,q90,A04,0.015164539989621532,False,False
2021-10-01,M1,q90,A05,0.0,True,False
2021-10-01,M1,q90,B01,0.0,True,False
2021-10-01,M1,q90,B02,0.0,True,False
2021-10-01,M1,q90,B03,0.0,True,False
2021-10-01,M1,q90,C01,0.0,True,False
2021-10-01,M1,q90,C02,0.0,True,False
2021-10-01,M1,q90,C03,0.0,True,False
2021-10-01,M1,q90,D01,0.0,True,False
2021-10-01,M1,q90,D02,0.0,True,False
2021-10-01,M1,q90,D03,-0.011638191301935311,False,False
2021-10-01,M1,q90,E01,0.0037361125670122195,False,False
2021-10-01,M1,q90,F01,0.0,True,False
2021-10-01,M1,q90,F02,0.0,True,False
2021-10-01,M1,q90,F03,-0.004212763747287919,False,False
2021-10-01,M1,q90,F04,0.0,True,False
2021-10-01,M1,p10,A01,-0.3251928832008925,False,False
2021-10-01,M1,p10,A02,-0.024520748037594547,False,False
2021-10-01,M1,p10,A03,-0.28596784437783374,False,False
2021-10-01,M1,p10,A04,0.23014444056283628,False,False
2021-10-01,M1,p10,A05,0.001662055461616003,False,False
2021-10-01,M1,p10,B01,0.09760778130849662,False,False
2021-10-01,M1,p10,B02,-0.009078795304603163,False,False
2021-10-01,M1,p10,B03,0.3723544305463025,False,False
2021-10-01,M1,p10,C01,-0.10342649775822849,False,False
2021-10-01,M1,p10,C02,-0.05437951804300359,False,False
2021-10-01,M1,p10,C03,0.0533774222551283,False,False
2021-10-01,M1,p10,D01,0.03130891636852806,False,False
2021-10-01,M1,p10,D02,-0.1386888351567879,False,False
2021-10-01,M1,p10,D03,-0.3631989005124951,False,False
2021-10-01,M1,p10,E01,0.24994247376668885,False,False
2021-10-01,M1,p10,F01,0.26313445872198776,False,False
2021-10-01,M1,p10,F02,0.048249115981145015,False,False
2021-10-01,M1,p10,F03,-0.19427103277263796,False,False
2021-10-01,M1,p10,F04,-0.08828816028714491,False,False
2021-10-01,M2,mu5,A01_spline_0,-0.0226365542162324,False,False
2021-10-01,M2,mu5,A01_spline_1,-0.0008774091335704147,False,False
2021-10-01,M2,mu5,A01_spline_2,0.0009263235888691249,False,False
2021-10-01,M2,mu5,A02_spline_0,0.004248139254176046,False,False
2021-10-01,M2,mu5,A02_spline_1,0.0017497648423200648,False,False
2021-10-01,M2,mu5,A02_spline_2,0.0075250601916583715,False,False
2021-10-01,M2,mu5,A03_spline_0,-0.010637951923574609,False,False
2021-10-01,M2,mu5,A03_spline_1,0.004073300821793549,False,False
2021-10-01,M2,mu5,A03_spline_2,0.002502053950420461,False,False
2021-10-01,M2,mu5,A04_spline_0,0.0016399468883586598,False,False
2021-10-01,M2,mu5,A04_spline_1,0.003184785146296882,False,False
2021-10-01,M2,mu5,A04_spline_2,-0.0009196839777572553,False,False
2021-10-01,M2,mu5,A05_spline_0,-0.004811438694014618,False,False
2021-10-01,M2,mu5,A05_spline_1,0.0033243351837102674,False,False
2021-10-01,M2,mu5,A05_spline_2,-0.000613994827502849,False,False
2021-10-01,M2,mu5,B01_spline_0,-0.004497893179677643,False,False
2021-10-01,M2,mu5,B01_spline_1,-0.0016423748057989957,False,False
2021-10-01,M2,mu5,B01_spline_2,-0.00042089299474407115,False,False
2021-10-01,M2,mu5,B02_spline_0,0.0008882614265096154,False,False
2021-10-01,M2,mu5,B02_spline_1,0.0006724253146940095,False,False
2021-10-01,M2,mu5,B02_spline_2,0.002535906740282418,False,False
2021-10-01,M2,mu5,B03_spline_0,0.0037525936491365017,False,False
2021-10-01,M2,mu5,B03_spline_1,0.0017979207940400765,False,False
2021-10-01,M2,mu5,B03_spline_2,0.0020697502593655086,False,False
2021-10-01,M2,mu5,C01_spline_0,0.004166449705765105,False,False
2021-10-01,M2,mu5,C01_spline_1,-0.009353118019014346,False,False
2021-10-01,M2,mu5,C01_spline_2,-0.0016651704021511404,False,False
2021-10-01,M2,mu5,C02_spline_0,0.002023744698983313,False,False
2021-10-01,M2,mu5,C02_spline_1,-0.001482694151815778,False,False
2021-10-01,M2,mu5,C02_spline_2,-0.005665726015455527,False,False
2021-10-01,M2,mu5,C03_spline_0,-0.0025888996334440624,False,False
2021-10-01,M2,mu5,C03_spline_1,-0.004196946311313661,False,False
2021-10-01,M2,mu5,C03_spline_2,0.005226461713246287,False,False
2021-10-01,M2,mu5,D01_spline_0,-0.0039007218043598984,False,False
2021-10-01,M2,mu5,D01_spline_1,0.001128566284434438,False,False
2021-10-01,M2,mu5,D01_spline_2,-0.003356078477539909,False,False
2021-10-01,M2,mu5,D02_spline_0,-0.0007022635700455167,False,False
2021-10-01,M2,mu5,D02_spline_1,-0.0031737247322164517,False,False
2021-10-01,M2,mu5,D02_spline_2,-0.0009743218081346879,False,False
2021-10-01,M2,mu5,D03_spline_0,0.002122193634777515,False,False
2021-10-01,M2,mu5,D03_spline_1,-0.0038914739240671643,False,False
2021-10-01,M2,mu5,D03_spline_2,0.003516174965070484,False,False
2021-10-01,M2,mu5,E01_spline_0,0.0006685333989496298,False,False
2021-10-01,M2,mu5,E01_spline_1,0.003695991305053675,False,False
2021-10-01,M2,mu5,E01_spline_2,-0.006687963090855945,False,False
2021-10-01,M2,mu5,F01_spline_0,-0.002206277044952183,False,False
2021-10-01,M2,mu5,F01_spline_1,0.002568188578334053,False,False
2021-10-01,M2,mu5,F01_spline_2,-0.0006431191771586529,False,False
2021-10-01,M2,mu5,F02_spline_0,0.004629774386770522,False,False
2021-10-01,M2,mu5,F02_spline_1,-9.600260813203733e-05,False,False
2021-10-01,M2,mu5,F02_spline_2,0.004040234035581543,False,False
2021-10-01,M2,mu5,F03_spline_0,-0.0021514381135143692,False,False
2021-10-01,M2,mu5,F03_spline_1,-0.001147835568124256,False,False
2021-10-01,M2,mu5,F03_spline_2,0.0020108173570262096,False,False
2021-10-01,M2,mu5,F04_spline_0,-0.004203892730448891,False,False
2021-10-01,M2,mu5,F04_spline_1,0.002320335877470937,False,False
2021-10-01,M2,mu5,F04_spline_2,-0.0036397867138023834,False,False
2021-10-01,M2,mu5,I01,-0.0012411759321724275,False,False
2021-10-01,M2,mu5,I02,0.005769302073121466,False,False
2021-10-01,M2,mu5,I03,0.002805139590524519,False,False
2021-10-01,M2,mu5,I04,-5.324366296769823e-05,False,False
2021-10-01,M2,mu5,I05,-0.009183211649808311,False,False
2021-10-01,M2,mu5,I06,-0.003972626018963413,False,False
2021-10-01,M2,q90,A01_spline_0,0.033923578709161045,False,False
2021-10-01,M2,q90,A01_spline_1,0.0,True,False
2021-10-01,M2,q90,A01_spline_2,0.0,True,False
2021-10-01,M2,q90,A02_spline_0,0.0,True,False
2021-10-01,M2,q90,A02_spline_1,0.0,True,False
2021-10-01,M2,q90,A02_spline_2,-0.0038334176679444202,False,False
2021-10-01,M2,q90,A03_spline_0,0.006844811675710019,False,False
2021-10-01,M2,q90,A03_spline_1,0.0,True,False
2021-10-01,M2,q90,A03_spline_2,0.0,True,False
2021-10-01,M2,q90,A04_spline_0,0.0,True,False
2021-10-01,M2,q90,A04_spline_1,0.0,True,False
2021-10-01,M2,q90,A04_spline_2,0.0,True,False
2021-10-01,M2,q90,A05_spline_0,0.0,True,False
2021-10-01,M2,q90,A05_spline_1,0.0,True,False
2021-10-01,M2,q90,A05_spline_2,0.0,True,False
2021-10-01,M2,q90,B01_spline_0,0.0,True,False
2021-10-01,M2,q90,B01_spline_1,0.0,True,False
2021-10-01,M2,q90,B01_spline_2,0.0,True,False
2021-10-01,M2,q90,B02_spline_0,-0.002407665194636971,False,False
2021-10-01,M2,q90,B02_spline_1,0.0,True,False
2021-10-01,M2,q90,B02_spline_2,0.0,True,False
2021-10-01,M2,q90,B03_spline_0,0.0,True,False
2021-10-01,M2,q90,B03_spline_1,0.0,True,False
2021-10-01,M2,q90,B03_spline_2,0.0,True,False
2021-10-01,M2,q90,C01_spline_0,-0.009550437746338299,False,False
2021-10-01,M2,q90,C01_spline_1,0.0,True,False
2021-10-01,M2,q90,C01_spline_2,0.0,True,False
2021-10-01,M2,q90,C02_spline_0,-0.0030947999211609145,False,False
2021-10-01,M2,q90,C02_spline_1,0.0,True,False
2021-10-01,M2,q90,C02_spline_2,0.003806552599204704,False,False
2021-10-01,M2,q90,C03_spline_0,0.0,True,False
2021-10-01,M2,q90,C03_spline_1,0.0,True,False
2021-10-01,M2,q90,C03_spline_2,0.0,True,False
2021-10-01,M2,q90,D01_spline_0,0.0,True,False
2021-10-01,M2,q90,D01_spline_1,0.0,True,False
2021-10-01,M2,q90,D01_spline_2,0.0,True,False
2021-10-01,M2,q90,D02_spline_0,0.0,True,False
2021-10-01,M2,q90,D02_spline_1,0.0,True,False
2021-10-01,M2,q90,D02_spline_2,0.0,True,False
2021-10-01,M2,q90,D03_spline_0,-0.00023950562594396088,False,False
2021-10-01,M2,q90,D03_spline_1,0.005775311393607757,False,False
2021-10-01,M2,q90,D03_spline_2,0.0,True,False
2021-10-01,M2,q90,E01_spline_0,0.0,True,False
2021-10-01,M2,q90,E01_spline_1,0.0,True,False
2021-10-01,M2,q90,E01_spline_2,0.00993581629228806,False,False
2021-10-01,M2,q90,F01_spline_0,-0.0056344761319488314,False,False
2021-10-01,M2,q90,F01_spline_1,0.0,True,False
2021-10-01,M2,q90,F01_spline_2,0.0,True,False
2021-10-01,M2,q90,F02_spline_0,-0.0018401488901413513,False,False
2021-10-01,M2,q90,F02_spline_1,0.0,True,False
2021-10-01,M2,q90,F02_spline_2,0.0,True,False
2021-10-01,M2,q90,F03_spline_0,0.0,True,False
2021-10-01,M2,q90,F03_spline_1,0.0,True,False
2021-10-01,M2,q90,F03_spline_2,0.0,True,False
2021-10-01,M2,q90,F04_spline_0,0.008318703158573443,False,False
2021-10-01,M2,q90,F04_spline_1,0.0,True,False
2021-10-01,M2,q90,F04_spline_2,0.0,True,False
2021-10-01,M2,q90,I01,0.0,True,False
2021-10-01,M2,q90,I02,0.0,True,False
2021-10-01,M2,q90,I03,0.0,True,False
2021-10-01,M2,q90,I04,0.0,True,False
2021-10-01,M2,q90,I05,0.0,True,False
2021-10-01,M2,q90,I06,0.0,True,False
2021-10-01,M2,p10,A01_spline_0,0.5221138234728616,False,False
2021-10-01,M2,p10,A01_spline_1,0.07443393653113413,False,False
2021-10-01,M2,p10,A01_spline_2,0.004708061474280929,False,False
2021-10-01,M2,p10,A02_spline_0,-0.13578527047236283,False,False
2021-10-01,M2,p10,A02_spline_1,0.016451291830134822,False,False
2021-10-01,M2,p10,A02_spline_2,-0.13820567809115675,False,False
2021-10-01,M2,p10,A03_spline_0,0.5200627357566918,False,False
2021-10-01,M2,p10,A03_spline_1,-0.07617672980643111,False,False
2021-10-01,M2,p10,A03_spline_2,-0.07345997388281868,False,False
2021-10-01,M2,p10,A04_spline_0,-0.10239616199406452,False,False
2021-10-01,M2,p10,A04_spline_1,-0.14844058277110608,False,False
2021-10-01,M2,p10,A04_spline_2,0.10650101275199354,False,False
2021-10-01,M2,p10,A05_spline_0,0.07470911538128826,False,False
2021-10-01,M2,p10,A05_spline_1,-0.06478277215149929,False,False
2021-10-01,M2,p10,A05_spline_2,0.22283854591901633,False,False
2021-10-01,M2,p10,B01_spline_0,0.11673302495167535,False,False
2021-10-01,M2,p10,B01_spline_1,-0.08496642752006546,False,False
2021-10-01,M2,p10,B01_spline_2,0.11066731884465633,False,False
2021-10-01,M2,p10,B02_spline_0,-0.39611533997247195,False,False
2021-10-01,M2,p10,B02_spline_1,0.12861973486717118,False,False
2021-10-01,M2,p10,B02_spline_2,-0.16323497901130118,False,False
2021-10-01,M2,p10,B03_spline_0,-0.32838533409329873,False,False
2021-10-01,M2,p10,B03_spline_1,-0.13983825607327885,False,False
2021-10-01,M2,p10,B03_spline_2,0.06882620633180526,False,False
2021-10-01,M2,p10,C01_spline_0,-0.4090332865297039,False,False
2021-10-01,M2,p10,C01_spline_1,0.42821648004124957,False,False
2021-10-01,M2,p10,C01_spline_2,0.007951817639594726,False,False
2021-10-01,M2,p10,C02_spline_0,-0.35981341735037814,False,False
2021-10-01,M2,p10,C02_spline_1,-0.025387621003644126,False,False
2021-10-01,M2,p10,C02_spline_2,0.3315470664479423,False,False
2021-10-01,M2,p10,C03_spline_0,0.03815037841918475,False,False
2021-10-01,M2,p10,C03_spline_1,0.11484760425672533,False,False
2021-10-01,M2,p10,C03_spline_2,-0.18768051182934606,False,False
2021-10-01,M2,p10,D01_spline_0,-0.05972106082471101,False,False
2021-10-01,M2,p10,D01_spline_1,0.08890674348119645,False,False
2021-10-01,M2,p10,D01_spline_2,0.00551986636049376,False,False
2021-10-01,M2,p10,D02_spline_0,-0.0033753032897719188,False,False
2021-10-01,M2,p10,D02_spline_1,0.11751190560210169,False,False
2021-10-01,M2,p10,D02_spline_2,-0.032970640341470105,False,False
2021-10-01,M2,p10,D03_spline_0,-0.13131542577788513,False,False
2021-10-01,M2,p10,D03_spline_1,0.3360203648263332,False,False
2021-10-01,M2,p10,D03_spline_2,-0.1911656909496968,False,False
2021-10-01,M2,p10,E01_spline_0,0.048629100159854624,False,False
2021-10-01,M2,p10,E01_spline_1,-0.18247387070673754,False,False
2021-10-01,M2,p10,E01_spline_2,0.18184223058103552,False,False
2021-10-01,M2,p10,F01_spline_0,0.08597552826928019,False,False
2021-10-01,M2,p10,F01_spline_1,-0.34495338316075075,False,False
2021-10-01,M2,p10,F01_spline_2,0.16265720192537297,False,False
2021-10-01,M2,p10,F02_spline_0,-0.19359355735325623,False,False
2021-10-01,M2,p10,F02_spline_1,-0.09754187358080904,False,False
2021-10-01,M2,p10,F02_spline_2,-0.1337802604307337,False,False
2021-10-01,M2,p10,F03_spline_0,0.14307372209293645,False,False
2021-10-01,M2,p10,F03_spline_1,0.09045536886099598,False,False
2021-10-01,M2,p10,F03_spline_2,-0.0874718847450044,False,False
2021-10-01,M2,p10,F04_spline_0,0.18688662961121263,False,False
2021-10-01,M2,p10,F04_spline_1,-0.14852446280471782,False,False
2021-10-01,M2,p10,F04_spline_2,0.13500640762719127,False,False
2021-10-01,M2,p10,I01,-0.012805040156255332,False,False
2021-10-01,M2,p10,I02,0.06536520027174263,False,False
2021-10-01,M2,p10,I03,-0.060241916689574376,False,False
2021-10-01,M2,p10,I04,-0.06577495468473492,False,False
2021-10-01,M2,p10,I05,0.1310397578356655,False,False
2021-10-01,M2,p10,I06,0.0409621497754644,False,False
2021-11-01,M1,mu5,A01,0.008684794885747036,False,False
2021-11-01,M1,mu5,A02,0.00021007563349276706,False,False
2021-11-01,M1,mu5,A03,0.007960433081601197,False,False
2021-11-01,M1,mu5,A04,-0.00262840169990498,False,False
2021-11-01,M1,mu5,A05,0.0009647509187812802,False,False
2021-11-01,M1,mu5,B01,0.0040638973962296215,False,False
2021-11-01,M1,mu5,B02,0.003438148228769157,False,False
2021-11-01,M1,mu5,B03,-0.001823901208356304,False,False
2021-11-01,M1,mu5,C01,0.004318776874509601,False,False
2021-11-01,M1,mu5,C02,0.001920134122243852,False,False
2021-11-01,M1,mu5,C03,0.0012251675749846592,False,False
2021-11-01,M1,mu5,D01,7.028474740179676e-05,False,False
2021-11-01,M1,mu5,D02,0.0019916430289681113,False,False
2021-11-01,M1,mu5,D03,0.005409901834387961,False,False
2021-11-01,M1,mu5,E01,-0.003933825933047698,False,False
2021-11-01,M1,mu5,F01,-0.0012387251149790454,False,False
2021-11-01,M1,mu5,F02,0.002563589748713894,False,False
2021-11-01,M1,mu5,F03,0.0027613036653251267,False,False
2021-11-01,M1,mu5,F04,0.0005105639620396741,False,False
2021-11-01,M1,q90,A01,-0.00914509642157215,False,False
2021-11-01,M1,q90,A02,0.0,True,False
2021-11-01,M1,q90,A03,-0.0112634237106519,False,False
2021-11-01,M1,q90,A04,0.01356414925792209,False,False
2021-11-01,M1,q90,A05,0.0,True,False
2021-11-01,M1,q90,B01,0.0,True,False
2021-11-01,M1,q90,B02,0.0,True,False
2021-11-01,M1,q90,B03,0.0,True,False
2021-11-01,M1,q90,C01,0.0,True,False
2021-11-01,M1,q90,C02,0.0,True,False
2021-11-01,M1,q90,C03,0.0,True,False
2021-11-01,M1,q90,D01,0.0,True,False
2021-11-01,M1,q90,D02,0.0,True,False
2021-11-01,M1,q90,D03,-0.011920057977992877,False,False
2021-11-01,M1,q90,E01,0.0038931166944409937,False,False
2021-11-01,M1,q90,F01,0.0,True,False
2021-11-01,M1,q90,F02,0.0,True,False
2021-11-01,M1,q90,F03,-0.0054187224533628975,False,False
2021-11-01,M1,q90,F04,0.0,True,False
2021-11-01,M1,p10,A01,-0.3365588445372264,False,False
2021-11-01,M1,p10,A02,-0.02577927382017211,False,False
2021-11-01,M1,p10,A03,-0.28483740999475393,False,False
2021-11-01,M1,p10,A04,0.23117298541109862,False,False
2021-11-01,M1,p10,A05,-0.0009982327878481519,False,False
2021-11-01,M1,p10,B01,0.09962114680835064,False,False
2021-11-01,M1,p10,B02,-0.008765665127839372,False,False
2021-11-01,M1,p10,B03,0.37252415678334955,False,False
2021-11-01,M1,p10,C01,-0.11005879833861734,False,False
2021-11-01,M1,p10,C02,-0.04814376781491424,False,False
2021-11-01,M1,p10,C03,0.06036099206655209,False,False
2021-11-01,M1,p10,D01,0.03143157727440768,False,False
2021-11-01,M1,p10,D02,-0.13491136574560142,False,False
2021-11-01,M1,p10,D03,-0.3874474788375703,False,False
2021-11-01,M1,p10,E01,0.24993310241791794,False,False
2021-11-01,M1,p10,F01,0.26854644616576623,False,False
2021-11-01,M1,p10,F02,0.05494837579903706,False,False
2021-11-01,M1,p10,F03,-0.1966898180503616,False,False
2021-11-01,M1,p10,F04,-0.08129568464764658,False,False
2021-11-01,M2,mu5,A01_spline_0,-0.02272849398652864,False,False
2021-11-01,M2,mu5,A01_spline_1,-0.0011021140037947238,False,False
2021-11-01,M2,mu5,A01_spline_2,0.0008653821005753892,False,False
2021-11-01,M2,mu5,A02_spline_0,0.004100399409283435,False,False
2021-11-01,M2,mu5,A02_spline_1,0.0017411574757014757,False,False
2021-11-01,M2,mu5,A02_spline_2,0.00749393865197235,False,False
2021-11-01,M2,mu5,A03_spline_0,-0.010720138446033617,False,False
2021-11-01,M2,mu5,A03_spline_1,0.004363370393977908,False,False
2021-11-01,M2,mu5,A03_spline_2,0.0017582698992138434,False,False
2021-11-01,M2,mu5,A04_spline_0,0.0016397175035858425,False,False
2021-11-01,M2,mu5,A04_spline_1,0.003169412537554706,False,False
2021-11-01,M2,mu5,A04_spline_2,-0.0009369907039223758,False,False
2021-11-01,M2,mu5,A05_spline_0,-0.005184771042728671,False,False
2021-11-01,M2,mu5,A05_spline_1,0.003776852114086476,False,False
2021-11-01,M2,mu5,A05_spline_2,-0.0006991695273347762,False,False
2021-11-01,M2,mu5,B01_spline_0,-0.004492075741544034,False,False
2021-11-01,M2,mu5,B01_spline_1,-0.001472447319881685,False,False
2021-11-01,M2,mu5,B01_spline_2,-0.0005177924889655941,False,False
2021-11-01,M2,mu5,B02_spline_0,0.0009423972483814536,False,False
2021-11-01,M2,mu5,B02_spline_1,0.0007453473615964038,False,False
2021-11-01,M2,mu5,B02_spline_2,0.002562000917914149,False,False
2021-11-01,M2,mu5,B03_spline_0,0.0037380196662268276,False,False
2021-11-01,M2,mu5,B03_spline_1,0.001912861877955274,False,False
2021-11-01,M2,mu5,B03_spline_2,0.0019395696661402757,False,False
2021-11-01,M2,mu5,C01_spline_0,0.0042039531952401,False,False
2021-11-01,M2,mu5,C01_spline_1,-0.009477622482756853,False,False
2021-11-01,M2,mu5,C01_spline_2,-0.0015373014258875176,False,False
2021-11-01,M2,mu5,C02_spline_0,0.0015551015614395738,False,False
2021-11-01,M2,mu5,C02_spline_1,-0.0012799111022523024,False,False
2021-11-01,M2,mu5,C02_spline_2,-0.005670449467335949,False,False
2021-11-01,M2,mu5,C03_spline_0,-0.0024668694429234436,False,False
2021-11-01,M2,mu5,C03_spline_1,-0.00435038109723138,False,False
2021-11-01,M2,mu5,C03_spline_2,0.005275042902098313,False,False
2021-11-01,M2,mu5,D01_spline_0,-0.0038668630548267845,False,False
2021-11-01,M2,mu5,D01_spline_1,0.001428765145760506,False,False
2021-11-01,M2,mu5,D01_spline_2,-0.0037357518039842015,False,False
2021-11-01,M2,mu5,D02_spline_0,-0.0009092493795850036,False,False
2021-11-01,M2,mu5,D02_spline_1,-0.0031926468762683642,False,False
2021-11-01,M2,mu5,D02_spline_2,-0.0007665049735918286,False,False
2021-11-01,M2,mu5,D03_spline_0,0.002097748241737282,False,False
2021-11-01,M2,mu5,D03_spline_1,-0.004337175837624215,False,False
2021-11-01,M2,mu5,D03_spline_2,0.0034967419121306326,False,False
2021-11-01,M2,mu5,E01_spline_0,0.0006275529249778517,False,False
2021-11-01,M2,mu5,E01_spline_1,0.0038266361179983056,False,False
2021-11-01,M2,mu5,E01_spline_2,-0.006700244648575074,False,False
2021-11-01,M2,mu5,F01_spline_0,-0.0021751569453853517,False,False
2021-11-01,M2,mu5,F01_spline_1,0.0025038868896993644,False,False
2021-11-01,M2,mu5,F01_spline_2,-0.000593210865380305,False,False
2021-11-01,M2,mu5,F02_spline_0,0.004607158727657514,False,False
2021-11-01,M2,mu5,F02_spline_1,0.000101574631634304,False,False
2021-11-01,M2,mu5,F02_spline_2,0.003986436609854994,False,False
2021-11-01,M2,mu5,F03_spline_0,-0.002078811690473547,False,False
2021-11-01,M2,mu5,F03_spline_1,-0.0012876702144095113,False,False
2021-11-01,M2,mu5,F03_spline_2,0.0021589702198744243,False,False
2021-11-01,M2,mu5,F04_spline_0,-0.003979087934601538,False,False
2021-11-01,M2,mu5,F04_spline_1,0.0023199092134741878,False,False
2021-11-01,M2,mu5,F04_spline_2,-0.0037062891142569374,False,False
2021-11-01,M2,mu5,I01,-0.0012672846449679593,False,False
2021-11-01,M2,mu5,I02,0.0057003965813222975,False,False
2021-11-01,M2,mu5,I03,0.0027481264902821704,False,False
2021-11-01,M2,mu5,I04,0.0001247914985805941,False,False
2021-11-01,M2,mu5,I05,-0.00918893428634308,False,False
2021-11-01,M2,mu5,I06,-0.004000911926761708,False,False
2021-11-01,M2,q90,A01_spline_0,0.034191589835422344,False,False
2021-11-01,M2,q90,A01_spline_1,0.0,True,False
2021-11-01,M2,q90,A01_spline_2,0.0,True,False
2021-11-01,M2,q90,A02_spline_0,0.0,True,False
2021-11-01,M2,q90,A02_spline_1,0.0,True,False
2021-11-01,M2,q90,A02_spline_2,-0.003877277048306448,False,False
2021-11-01,M2,q90,A03_spline_0,0.00525377281288168,False,False
2021-11-01,M2,q90,A03_spline_1,0.0,True,False
2021-11-01,M2,q90,A03_spline_2,0.0,True,False
2021-11-01,M2,q90,A04_spline_0,0.0,True,False
2021-11-01,M2,q90,A04_spline_1,0.0,True,False
2021-11-01,M2,q90,A04_spline_2,0.0,True,False
2021-11-01,M2,q90,A05_spline_0,0.0,True,False
2021-11-01,M2,q90,A05_spline_1,0.0,True,False
2021-11-01,M2,q90,A05_spline_2,0.0,True,False
2021-11-01,M2,q90,B01_spline_0,0.0,True,False
2021-11-01,M2,q90,B01_spline_1,0.0,True,False
2021-11-01,M2,q90,B01_spline_2,0.0,True,False
2021-11-01,M2,q90,B02_spline_0,-0.002368854364572176,False,False
2021-11-01,M2,q90,B02_spline_1,0.0,True,False
2021-11-01,M2,q90,B02_spline_2,0.0,True,False
2021-11-01,M2,q90,B03_spline_0,0.0,True,False
2021-11-01,M2,q90,B03_spline_1,0.0,True,False
2021-11-01,M2,q90,B03_spline_2,0.0,True,False
2021-11-01,M2,q90,C01_spline_0,-0.009670045293443974,False,False
2021-11-01,M2,q90,C01_spline_1,0.0,True,False
2021-11-01,M2,q90,C01_spline_2,0.0,True,False
2021-11-01,M2,q90,C02_spline_0,-0.0031885199388030547,False,False
2021-11-01,M2,q90,C02_spline_1,0.0,True,False
2021-11-01,M2,q90,C02_spline_2,0.003559030833519371,False,False
2021-11-01,M2,q90,C03_spline_0,0.0,True,False
2021-11-01,M2,q90,C03_spline_1,0.0,True,False
2021-11-01,M2,q90,C03_spline_2,0.0,True,False
2021-11-01,M2,q90,D01_spline_0,0.0,True,False
2021-11-01,M2,q90,D01_spline_1,0.0,True,False
2021-11-01,M2,q90,D01_spline_2,0.0,True,False
2021-11-01,M2,q90,D02_spline_0,0.0,True,False
2021-11-01,M2,q90,D02_spline_1,0.0,True,False
2021-11-01,M2,q90,D02_spline_2,0.0,True,False
2021-11-01,M2,q90,D03_spline_0,-0.00012470410030916736,False,False
2021-11-01,M2,q90,D03_spline_1,0.005809744311303128,False,False
2021-11-01,M2,q90,D03_spline_2,0.0,True,False
2021-11-01,M2,q90,E01_spline_0,0.0,True,False
2021-11-01,M2,q90,E01_spline_1,0.0,True,False
2021-11-01,M2,q90,E01_spline_2,0.009741430095290412,False,False
2021-11-01,M2,q90,F01_spline_0,-0.0030542237788031405,False,False
2021-11-01,M2,q90,F01_spline_1,0.0,True,False
2021-11-01,M2,q90,F01_spline_2,0.0,True,False
2021-11-01,M2,q90,F02_spline_0,-0.001881030553327241,False,False
2021-11-01,M2,q90,F02_spline_1,0.0,True,False
2021-11-01,M2,q90,F02_spline_2,0.0,True,False
2021-11-01,M2,q90,F03_spline_0,0.0,True,False
2021-11-01,M2,q90,F03_spline_1,0.0,True,False
2021-11-01,M2,q90,F03_spline_2,0.0,True,False
2021-11-01,M2,q90,F04_spline_0,0.008331635828081984,False,False
2021-11-01,M2,q90,F04_spline_1,0.0,True,False
2021-11-01,M2,q90,F04_spline_2,0.0,True,False
2021-11-01,M2,q90,I01,0.0,True,False
2021-11-01,M2,q90,I02,0.0,True,False
2021-11-01,M2,q90,I03,0.0,True,False
2021-11-01,M2,q90,I04,0.0,True,False
2021-11-01,M2,q90,I05,0.0,True,False
2021-11-01,M2,q90,I06,0.0,True,False
2021-11-01,M2,p10,A01_spline_0,0.5230055354358442,False,False
2021-11-01,M2,p10,A01_spline_1,0.08478070005208997,False,False
2021-11-01,M2,p10,A01_spline_2,0.0017710617877138937,False,False
2021-11-01,M2,p10,A02_spline_0,-0.13523235978238496,False,False
2021-11-01,M2,p10,A02_spline_1,0.017755774208509725,False,False
2021-11-01,M2,p10,A02_spline_2,-0.1365518059612382,False,False
2021-11-01,M2,p10,A03_spline_0,0.5268822157726044,False,False
2021-11-01,M2,p10,A03_spline_1,-0.08011660166629278,False,False
2021-11-01,M2,p10,A03_spline_2,-0.06115549667480142,False,False
2021-11-01,M2,p10,A04_spline_0,-0.10422217439166742,False,False
2021-11-01,M2,p10,A04_spline_1,-0.14760276658407698,False,False
2021-11-01,M2,p10,A04_spline_2,0.10630605675970951,False,False
2021-11-01,M2,p10,A05_spline_0,0.07603873332605793,False,False
2021-11-01,M2,p10,A05_spline_1,-0.06561686592277644,False,False
2021-11-01,M2,p10,A05_spline_2,0.2184881508920647,False,False
2021-11-01,M2,p10,B01_spline_0,0.12179512732872858,False,False
2021-11-01,M2,p10,B01_spline_1,-0.09235492206426345,False,False
2021-11-01,M2,p10,B01_spline_2,0.11469986480630728,False,False
2021-11-01,M2,p10,B02_spline_0,-0.3953160566761544,False,False
2021-11-01,M2,p10,B02_spline_1,0.12565100873015514,False,False
2021-11-01,M2,p10,B02_spline_2,-0.16299614780053387,False,False
2021-11-01,M2,p10,B03_spline_0,-0.33410333602382786,False,False
2021-11-01,M2,p10,B03_spline_1,-0.1377129332297029,False,False
2021-11-01,M2,p10,B03_spline_2,0.0713266247017014,False,False
2021-11-01,M2,p10,C01_spline_0,-0.4064768489418954,False,False
2021-11-01,M2,p10,C01_spline_1,0.43067356291883147,False,False
2021-11-01,M2,p10,C01_spline_2,0.004388963026520739,False,False
2021-11-01,M2,p10,C02_spline_0,-0.3508463929579019,False,False
2021-11-01,M2,p10,C02_spline_1,-0.03514354323826515,False,False
2021-11-01,M2,p10,C02_spline_2,0.33918629246626664,False,False
2021-11-01,M2,p10,C03_spline_0,0.0332932394862391,False,False
2021-11-01,M2,p10,C03_spline_1,0.11296397349229224,False,False
2021-11-01,M2,p10,C03_spline_2,-0.1836384033271515,False,False
2021-11-01,M2,p10,D01_spline_0,-0.05105256569944837,False,False
2021-11-01,M2,p10,D01_spline_1,0.08790992321031309,False,False
2021-11-01,M2,p10,D01_spline_2,0.0010343468181882101,False,False
2021-11-01,M2,p10,D02_spline_0,-0.0012336406363672287,False,False
2021-11-01,M2,p10,D02_spline_1,0.11472352587245341,False,False
2021-11-01,M2,p10,D02_spline_2,-0.031170717283374918,False,False
2021-11-01,M2,p10,D03_spline_0,-0.12895184463722578,False,False
2021-11-01,M2,p10,D03_spline_1,0.35171067618845325,False,False
2021-11-01,M2,p10,D03_spline_2,-0.20438793367593142,False,False
2021-11-01,M2,p10,E01_spline_0,0.04868384846429776,False,False
2021-11-01,M2,p10,E01_spline_1,-0.18390565265550063,False,False
2021-11-01,M2,p10,E01_spline_2,0.1817104250244513,False,False
2021-11-01,M2,p10,F01_spline_0,0.08547416189047388,False,False
2021-11-01,M2,p10,F01_spline_1,-0.34530699276354493,False,False
2021-11-01,M2,p10,F01_spline_2,0.1638999016326372,False,False
2021-11-01,M2,p10,F02_spline_0,-0.1940234083855971,False,False
2021-11-01,M2,p10,F02_spline_1,-0.10479161784636971,False,False
2021-11-01,M2,p10,F02_spline_2,-0.1393240379712396,False,False
2021-11-01,M2,p10,F03_spline_0,0.14373799928363445,False,False
2021-11-01,M2,p10,F03_spline_1,0.09097693469289876,False,False
2021-11-01,M2,p10,F03_spline_2,-0.08920938739003462,False,False
2021-11-01,M2,p10,F04_spline_0,0.18161968531313996,False,False
2021-11-01,M2,p10,F04_spline_1,-0.15210730744825088,False,False
2021-11-01,M2,p10,F04_spline_2,0.14015417048952916,False,False
2021-11-01,M2,p10,I01,-0.013293998686337223,False,False
2021-11-01,M2,p10,I02,0.061990062275220616,False,False
2021-11-01,M2,p10,I03,-0.058981803055158905,False,False
2021-11-01,M2,p10,I04,-0.07257736672114189,False,False
2021-11-01,M2,p10,I05,0.1342356369909895,False,False
2021-11-01,M2,p10,I06,0.04220156387108553,False,False
2021-12-01,M1,mu5,A01,0.008394584737837042,False,False
2021-12-01,M1,mu5,A02,-9.974955257480251e-07,False,False
2021-12-01,M1,mu5,A03,0.008209699304318703,False,False
2021-12-01,M1,mu5,A04,-0.002584447007742815,False,False
2021-12-01,M1,mu5,A05,0.00011945839505152367,False,False
2021-12-01,M1,mu5,B01,0.00417610573426025,False,False
2021-12-01,M1,mu5,B02,0.004943537837072554,False,False
2021-12-01,M1,mu5,B03,-0.0019164180703594453,False,False
2021-12-01,M1,mu5,C01,0.0036630466520151915,False,False
2021-12-01,M1,mu5,C02,0.0019482308993203632,False,False
2021-12-01,M1,mu5,C03,0.0013466174385836432,False,False
2021-12-01,M1,mu5,D01,-0.0002792093724439782,False,False
2021-12-01,M1,mu5,D02,0.0022235796892550973,False,False
2021-12-01,M1,mu5,D03,0.005450558544124895,False,False
2021-12-01,M1,mu5,E01,-0.0035385107838301556,False,False
2021-12-01,M1,mu5,F01,-0.001123863940412879,False,False
2021-12-01,M1,mu5,F02,0.002971234836346581,False,False
2021-12-01,M1,mu5,F03,0.003015336402120324,False,False
2021-12-01,M1,mu5,F04,0.0012690908437027594,False,False
2021-12-01,M1,q90,A01,-0.007965064922112575,False,False
2021-12-01,M1,q90,A02,0.0,True,False
2021-12-01,M1,q90,A03,-0.01073345713066809,False,False
2021-12-01,M1,q90,A04,0.013548422366310476,False,False
2021-12-01,M1,q90,A05,0.0,True,False
2021-12-01,M1,q90,B01,0.0,True,False
2021-12-01,M1,q90,B02,0.0,True,False
2021-12-01,M1,q90,B03,0.0,True,False
2021-12-01,M1,q90,C01,0.0,True,False
2021-12-01,M1,q90,C02,0.0,True,False
2021-12-01,M1,q90,C03,0.0,True,False
2021-12-01,M1,q90,D01,0.0,True,False
2021-12-01,M1,q90,D02,0.0,True,False
2021-12-01,M1,q90,D03,-0.011325212180076935,False,False
2021-12-01,M1,q90,E01,0.002978887005352859,False,False
2021-12-01,M1,q90,F01,0.0,True,False
2021-12-01,M1,q90,F02,0.0,True,False
2021-12-01,M1,q90,F03,-0.006581726912346392,False,False
2021-12-01,M1,q90,F04,0.0,True,False
2021-12-01,M1,p10,A01,-0.33032097585208625,False,False
2021-12-01,M1,p10,A02,-0.022414268239718614,False,False
2021-12-01,M1,p10,A03,-0.28213260323110867,False,False
2021-12-01,M1,p10,A04,0.2594128910476205,False,False
2021-12-01,M1,p10,A05,0.13247907909452233,False,False
2021-12-01,M1,p10,B01,0.08519413840682707,False,False
2021-12-01,M1,p10,B02,-0.2020093994112947,False,False
2021-12-01,M1,p10,B03,0.40110915190330493,False,False
2021-12-01,M1,p10,C01,-0.056170138473831475,False,False
2021-12-01,M1,p10,C02,-0.05671807087483422,False,False
2021-12-01,M1,p10,C03,0.053514264880657796,False,False
2021-12-01,M1,p10,D01,0.05879486172000992,False,False
2021-12-01,M1,p10,D02,-0.17732490983075647,False,False
2021-12-01,M1,p10,D03,-0.35602119542624644,False,False
2021-12-01,M1,p10,E01,0.23579907860942353,False,False
2021-12-01,M1,p10,F01,0.2652426534448095,False,False
2021-12-01,M1,p10,F02,0.00794435749363805,False,False
2021-12-01,M1,p10,F03,-0.21500324800231313,False,False
2021-12-01,M1,p10,F04,-0.12054232910191441,False,False
2021-12-01,M2,mu5,A01_spline_0,-0.022750036899851847,False,False
2021-12-01,M2,mu5,A01_spline_1,-0.0007972607740615002,False,False
2021-12-01,M2,mu5,A01_spline_2,0.0006214900962395889,False,False
2021-12-01,M2,mu5,A02_spline_0,0.004314150560583716,False,False
2021-12-01,M2,mu5,A02_spline_1,0.0016030963437160645,False,False
2021-12-01,M2,mu5,A02_spline_2,0.007344070511031095,False,False
2021-12-01,M2,mu5,A03_spline_0,-0.010678573717095253,False,False
2021-12-01,M2,mu5,A03_spline_1,0.004628498622026111,False,False
2021-12-01,M2,mu5,A03_spline_2,0.0019574611408692735,False,False
2021-12-01,M2,mu5,A04_spline_0,0.0016517891456126008,False,False
2021-12-01,M2,mu5,A04_spline_1,0.0032954144150831735,False,False
2021-12-01,M2,mu5,A04_spline_2,-0.0009860494788175704,False,False
2021-12-01,M2,mu5,A05_spline_0,-0.004973090507049465,False,False
2021-12-01,M2,mu5,A05_spline_1,0.004708743852358527,False,False
2021-12-01,M2,mu5,A05_spline_2,0.0003320072589109238,False,False
2021-12-01,M2,mu5,B01_spline_0,-0.003744294138245951,False,False
2021-12-01,M2,mu5,B01_spline_1,-0.001772612539603073,False,False
2021-12-01,M2,mu5,B01_spline_2,-0.0005917858645957635,False,False
2021-12-01,M2,mu5,B02_spline_0,-0.0015728760218111548,False,False
2021-12-01,M2,mu5,B02_spline_1,0.0016357865890854768,False,False
2021-12-01,M2,mu5,B02_spline_2,0.0022245669911349643,False,False
2021-12-01,M2,mu5,B03_spline_0,0.003728869938931615,False,False
2021-12-01,M2,mu5,B03_spline_1,0.001832381992847373,False,False
2021-12-01,M2,mu5,B03_spline_2,0.0018894018605979182,False,False
2021-12-01,M2,mu5,C01_spline_0,0.004008827361889174,False,False
2021-12-01,M2,mu5,C01_spline_1,-0.009292517601111067,False,False
2021-12-01,M2,mu5,C01_spline_2,-0.0016746265131795854,False,False
2021-12-01,M2,mu5,C02_spline_0,0.001830640779383271,False,False
2021-12-01,M2,mu5,C02_spline_1,-0.0015785481216842954,False,False
2021-12-01,M2,mu5,C02_spline_2,-0.0054573684005320006,False,False
2021-12-01,M2,mu5,C03_spline_0,-0.0024857654410970435,False,False
2021-12-01,M2,mu5,C03_spline_1,-0.004493756635775592,False,False
2021-12-01,M2,mu5,C03_spline_2,0.005462703842407055,False,False
2021-12-01,M2,mu5,D01_spline_0,-0.0035864081990728157,False,False
2021-12-01,M2,mu5,D01_spline_1,0.0012452488498610925,False,False
2021-12-01,M2,mu5,D01_spline_2,-0.0037441121388349535,False,False
2021-12-01,M2,mu5,D02_spline_0,-0.001291423344093108,False,False
2021-12-01,M2,mu5,D02_spline_1,-0.002853626233900725,False,False
2021-12-01,M2,mu5,D02_spline_2,-0.0009167615145769454,False,False
2021-12-01,M2,mu5,D03_spline_0,0.0021310276263887115,False,False
2021-12-01,M2,mu5,D03_spline_1,-0.004329081762525266,False,False
2021-12-01,M2,mu5,D03_spline_2,0.003627524308773271,False,False
2021-12-01,M2,mu5,E01_spline_0,0.0005793766996374031,False,False
2021-12-01,M2,mu5,E01_spline_1,0.0039246282999105125,False,False
2021-12-01,M2,mu5,E01_spline_2,-0.006744641525556613,False,False
2021-12-01,M2,mu5,F01_spline_0,-0.002315235369384846,False,False
2021-12-01,M2,mu5,F01_spline_1,0.0024311265878120235,False,False
2021-12-01,M2,mu5,F01_spline_2,-0.00047041134930655027,False,False
2021-12-01,M2,mu5,F02_spline_0,0.004436172030229441,False,False
2021-12-01,M2,mu5,F02_spline_1,0.00024603597905659396,False,False
2021-12-01,M2,mu5,F02_spline_2,0.003362743300920359,False,False
2021-12-01,M2,mu5,F03_spline_0,-0.002200543605009303,False,False
2021-12-01,M2,mu5,F03_spline_1,-0.0012978172074177246,False,False
2021-12-01,M2,mu5,F03_spline_2,0.0021395803257657233,False,False
2021-12-01,M2,mu5,F04_spline_0,-0.004720893420081393,False,False
2021-12-01,M2,mu5,F04_spline_1,0.002608234018391239,False,False
2021-12-01,M2,mu5,F04_spline_2,-0.003399541808599964,False,False
2021-12-01,M2,mu5,I01,-0.0011776298945991295,False,False
2021-12-01,M2,mu5,I02,0.005430675818332609,False,False
2021-12-01,M2,mu5,I03,0.0023526206017424143,False,False
2021-12-01,M2,mu5,I04,0.0003328042277113141,False,False
2021-12-01,M2,mu5,I05,-0.009442740525301713,False,False
2021-12-01,M2,mu5,I06,-0.003979898016771214,False,False
2021-12-01,M2,q90,A01_spline_0,0.03462165914891081,False,False
2021-12-01,M2,q90,A01_spline_1,0.0,True,False
2021-12-01,M2,q90,A01_spline_2,0.0,True,False
2021-12-01,M2,q90,A02_spline_0,-0.001980266940224565,False,False
2021-12-01,M2,q90,A02_spline_1,0.002261500386906608,False,False
2021-12-01,M2,q90,A02_spline_2,0.0,True,False
2021-12-01,M2,q90,A03_spline_0,0.004482458302848588,False,False
2021-12-01,M2,q90,A03_spline_1,0.0,True,False
2021-12-01,M2,q90,A03_spline_2,0.0,True,False
2021-12-01,M2,q90,A04_spline_0,0.0,True,False
2021-12-01,M2,q90,A04_spline_1,0.0,True,False
2021-12-01,M2,q90,A04_spline_2,0.0,True,False
2021-12-01,M2,q90,A05_spline_0,0.0,True,False
2021-12-01,M2,q90,A05_spline_1,0.0,True,False
2021-12-01,M2,q90,A05_spline_2,0.0,True,False
2021-12-01,M2,q90,B01_spline_0,0.0,True,False
2021-12-01,M2,q90,B01_spline_1,0.0,True,False
2021-12-01,M2,q90,B01_spline_2,0.0,True,False
2021-12-01,M2,q90,B02_spline_0,0.0,True,False
2021-12-01,M2,q90,B02_spline_1,0.0,True,False
2021-12-01,M2,q90,B02_spline_2,0.0,True,False
2021-12-01,M2,q90,B03_spline_0,0.0,True,False
2021-12-01,M2,q90,B03_spline_1,0.0,True,False
2021-12-01,M2,q90,B03_spline_2,0.0,True,False
2021-12-01,M2,q90,C01_spline_0,-0.01040122219926668,False,False
2021-12-01,M2,q90,C01_spline_1,0.0,True,False
2021-12-01,M2,q90,C01_spline_2,0.0,True,False
2021-12-01,M2,q90,C02_spline_0,-0.0037758068516332796,False,False
2021-12-01,M2,q90,C02_spline_1,0.0,True,False
2021-12-01,M2,q90,C02_spline_2,0.0,True,False
2021-12-01,M2,q90,C03_spline_0,0.0,True,False
2021-12-01,M2,q90,C03_spline_1,0.0,True,False
2021-12-01,M2,q90,C03_spline_2,0.0,True,False
2021-12-01,M2,q90,D01_spline_0,0.0,True,False
2021-12-01,M2,q90,D01_spline_1,0.0,True,False
2021-12-01,M2,q90,D01_spline_2,0.0,True,False
2021-12-01,M2,q90,D02_spline_0,0.006873902409985805,False,False
2021-12-01,M2,q90,D02_spline_1,0.0,True,False
2021-12-01,M2,q90,D02_spline_2,0.0,True,False
2021-12-01,M2,q90,D03_spline_0,0.0,True,False
2021-12-01,M2,q90,D03_spline_1,0.0052997923284165424,False,False
2021-12-01,M2,q90,D03_spline_2,0.0,True,False
2021-12-01,M2,q90,E01_spline_0,0.0,True,False
2021-12-01,M2,q90,E01_spline_1,0.0,True,False
2021-12-01,M2,q90,E01_spline_2,0.009886309299651726,False,False
2021-12-01,M2,q90,F01_spline_0,0.0,True,False
2021-12-01,M2,q90,F01_spline_1,0.0,True,False
2021-12-01,M2,q90,F01_spline_2,0.0,True,False
2021-12-01,M2,q90,F02_spline_0,0.0,True,False
2021-12-01,M2,q90,F02_spline_1,0.0,True,False
2021-12-01,M2,q90,F02_spline_2,0.0,True,False
2021-12-01,M2,q90,F03_spline_0,0.0,True,False
2021-12-01,M2,q90,F03_spline_1,0.0,True,False
2021-12-01,M2,q90,F03_spline_2,0.0,True,False
2021-12-01,M2,q90,F04_spline_0,0.007214763509786474,False,False
2021-12-01,M2,q90,F04_spline_1,0.0,True,False
2021-12-01,M2,q90,F04_spline_2,0.0,True,False
2021-12-01,M2,q90,I01,0.0,True,False
2021-12-01,M2,q90,I02,0.0,True,False
2021-12-01,M2,q90,I03,0.0,True,False
2021-12-01,M2,q90,I04,0.0,True,False
2021-12-01,M2,q90,I05,0.0,True,False
2021-12-01,M2,q90,I06,0.0,True,False
2021-12-01,M2,p10,A01_spline_0,0.5121108077292789,False,False
2021-12-01,M2,p10,A01_spline_1,0.08016407455538858,False,False
2021-12-01,M2,p10,A01_spline_2,0.004420923687362864,False,False
2021-12-01,M2,p10,A02_spline_0,-0.211491401251425,False,False
2021-12-01,M2,p10,A02_spline_1,0.04419685879746587,False,False
2021-12-01,M2,p10,A02_spline_2,-0.12399171385190141,False,False
2021-12-01,M2,p10,A03_spline_0,0.508942731679253,False,False
2021-12-01,M2,p10,A03_spline_1,-0.11818673344186664,False,False
2021-12-01,M2,p10,A03_spline_2,-0.10356514951378251,False,False
2021-12-01,M2,p10,A04_spline_0,-0.10538479964388918,False,False
2021-12-01,M2,p10,A04_spline_1,-0.17558012585882993,False,False
2021-12-01,M2,p10,A04_spline_2,0.13183817187892785,False,False
2021-12-01,M2,p10,A05_spline_0,0.0742508789725745,False,False
2021-12-01,M2,p10,A05_spline_1,-0.18217371166156007,False,False
2021-12-01,M2,p10,A05_spline_2,0.13633892591968055,False,False
2021-12-01,M2,p10,B01_spline_0,-0.02068184247814412,False,False
2021-12-01,M2,p10,B01_spline_1,-0.04241968345439874,False,False
2021-12-01,M2,p10,B01_spline_2,0.14424967135962422,False,False
2021-12-01,M2,p10,B02_spline_0,0.10625022205770226,False,False
2021-12-01,M2,p10,B02_spline_1,-0.032127857716862475,False,False
2021-12-01,M2,p10,B02_spline_2,-0.13009348307661606,False,False
2021-12-01,M2,p10,B03_spline_0,-0.35429397257670836,False,False
2021-12-01,M2,p10,B03_spline_1,-0.11806438312640753,False,False
2021-12-01,M2,p10,B03_spline_2,0.07032118345256788,False,False
2021-12-01,M2,p10,C01_spline_0,-0.3753259606573383,False,False
2021-12-01,M2,p10,C01_spline_1,0.39617046012430185,False,False
2021-12-01,M2,p10,C01_spline_2,0.02660424436533605,False,False
2021-12-01,M2,p10,C02_spline_0,-0.3893003533616694,False,False
2021-12-01,M2,p10,C02_spline_1,0.025215655414787323,False,False
2021-12-01,M2,p10,C02_spline_2,0.292806096154763,False,False
2021-12-01,M2,p10,C03_spline_0,0.04649598511018597,False,False
2021-12-01,M2,p10,C03_spline_1,0.1369984120469529,False,False
2021-12-01,M2,p10,C03_spline_2,-0.2142048893432228,False,False
2021-12-01,M2,p10,D01_spline_0,-0.023777141815893917,False,False
2021-12-01,M2,p10,D01_spline_1,0.0828742013460837,False,False
2021-12-01,M2,p10,D01_spline_2,-0.010169543702719818,False,False
2021-12-01,M2,p10,D02_spline_0,0.11144790850593057,False,False
2021-12-01,M2,p10,D02_spline_1,0.05423961526109106,False,False
2021-12-01,M2,p10,D02_spline_2,-0.029386096565184074,False,False
2021-12-01,M2,p10,D03_spline_0,-0.19562952146808765,False,False
2021-12-01,M2,p10,D03_spline_1,0.36672118297537165,False,False
2021-12-01,M2,p10,D03_spline_2,-0.21089560556208217,False,False
2021-12-01,M2,p10,E01_spline_0,0.0449106401877007,False,False
2021-12-01,M2,p10,E01_spline_1,-0.20862759107207998,False,False
2021-12-01,M2,p10,E01_spline_2,0.20177958476964747,False,False
2021-12-01,M2,p10,F01_spline_0,0.09438749773222821,False,False
2021-12-01,M2,p10,F01_spline_1,-0.3580340585208445,False,False
2021-12-01,M2,p10,F01_spline_2,0.1712777617858828,False,False
2021-12-01,M2,p10,F02_spline_0,-0.19619660421413887,False,False
2021-12-01,M2,p10,F02_spline_1,-0.11322644112434224,False,False
2021-12-01,M2,p10,F02_spline_2,-0.0975677613792367,False,False
2021-12-01,M2,p10,F03_spline_0,0.14757372185126075,False,False
2021-12-01,M2,p10,F03_spline_1,0.09649356361471849,False,False
2021-12-01,M2,p10,F03_spline_2,-0.08862899382716995,False,False
2021-12-01,M2,p10,F04_spline_0,0.24425340116796626,False,False
2021-12-01,M2,p10,F04_spline_1,-0.18808868946641266,False,False
2021-12-01,M2,p10,F04_spline_2,0.13801067800249478,False,False
2021-12-01,M2,p10,I01,-0.04495259217942338,False,False
2021-12-01,M2,p10,I02,0.0894587281081191,False,False
2021-12-01,M2,p10,I03,-0.04275372590952154,False,False
2021-12-01,M2,p10,I04,-0.09016260154392398,False,False
2021-12-01,M2,p10,I05,0.18279797847751175,False,False
2021-12-01,M2,p10,I06,0.05104976327251256,False,False
2022-01-03,M1,mu5,A01,0.008295568906576439,False,False
2022-01-03,M1,mu5,A02,-2.985362222625672e-05,False,False
2022-01-03,M1,mu5,A03,0.00792402441161062,False,False
2022-01-03,M1,mu5,A04,-0.002240756550552232,False,False
2022-01-03,M1,mu5,A05,-0.00022615066432750923,False,False
2022-01-03,M1,mu5,B01,0.003805195140713538,False,False
2022-01-03,M1,mu5,B02,0.00522293010779225,False,False
2022-01-03,M1,mu5,B03,-0.0023784944487626482,False,False
2022-01-03,M1,mu5,C01,0.003595905571170192,False,False
2022-01-03,M1,mu5,C02,0.0030775961128199068,False,False
2022-01-03,M1,mu5,C03,0.0007752852285206438,False,False
2022-01-03,M1,mu5,D01,-0.00038709991253295075,False,False
2022-01-03,M1,mu5,D02,0.0016178902717164387,False,False
2022-01-03,M1,mu5,D03,0.005918689182342425,False,False
2022-01-03,M1,mu5,E01,-0.0030887890093867633,False,False
2022-01-03,M1,mu5,F01,-0.000850988828829568,False,False
2022-01-03,M1,mu5,F02,0.004025232344747743,False,False
2022-01-03,M1,mu5,F03,0.0023007021191278404,False,False
2022-01-03,M1,mu5,F04,0.0038204986585544574,False,False
2022-01-03,M1,q90,A01,-0.009122725804607911,False,False
2022-01-03,M1,q90,A02,0.0,True,False
2022-01-03,M1,q90,A03,-0.010911309360270073,False,False
2022-01-03,M1,q90,A04,0.013228699432895955,False,False
2022-01-03,M1,q90,A05,0.0,True,False
2022-01-03,M1,q90,B01,0.0,True,False
2022-01-03,M1,q90,B02,0.0,True,False
2022-01-03,M1,q90,B03,0.0,True,False
2022-01-03,M1,q90,C01,0.0,True,False
2022-01-03,M1,q90,C02,0.0,True,False
2022-01-03,M1,q90,C03,0.0,True,False
2022-01-03,M1,q90,D01,0.0,True,False
2022-01-03,M1,q90,D02,0.0,True,False
2022-01-03,M1,q90,D03,-0.012318721984924582,False,False
2022-01-03,M1,q90,E01,0.0038096718132134663,False,False
2022-01-03,M1,q90,F01,0.0,True,False
2022-01-03,M1,q90,F02,0.0,True,False
2022-01-03,M1,q90,F03,-0.005988493674772146,False,False
2022-01-03,M1,q90,F04,0.0,True,False
2022-01-03,M1,p10,A01,-0.307297941498963,False,False
2022-01-03,M1,p10,A02,-0.009855022901745093,False,False
2022-01-03,M1,p10,A03,-0.2719538641114245,False,False
2022-01-03,M1,p10,A04,0.2681763840007201,False,False
2022-01-03,M1,p10,A05,0.19229411341843577,False,False
2022-01-03,M1,p10,B01,0.09050018610292375,False,False
2022-01-03,M1,p10,B02,-0.2278804500739433,False,False
2022-01-03,M1,p10,B03,0.41083257888078867,False,False
2022-01-03,M1,p10,C01,-0.02030826797792717,False,False
2022-01-03,M1,p10,C02,-0.028659225396454845,False,False
2022-01-03,M1,p10,C03,0.09671747794183141,False,False
2022-01-03,M1,p10,D01,0.051518998180064265,False,False
2022-01-03,M1,p10,D02,-0.18151247924786051,False,False
2022-01-03,M1,p10,D03,-0.36995416355418576,False,False
2022-01-03,M1,p10,E01,0.21606898372444175,False,False
2022-01-03,M1,p10,F01,0.2862342297686155,False,False
2022-01-03,M1,p10,F02,-0.02371527811289632,False,False
2022-01-03,M1,p10,F03,-0.21349009426485224,False,False
2022-01-03,M1,p10,F04,-0.1855900996242112,False,False
2022-01-03,M2,mu5,A01_spline_0,-0.02294886883479129,False,False
2022-01-03,M2,mu5,A01_spline_1,-0.0003653389706168126,False,False
2022-01-03,M2,mu5,A01_spline_2,0.0006872665660578301,False,False
2022-01-03,M2,mu5,A02_spline_0,0.004468528730625026,False,False
2022-01-03,M2,mu5,A02_spline_1,0.0016504344857432873,False,False
2022-01-03,M2,mu5,A02_spline_2,0.00744557355361348,False,False
2022-01-03,M2,mu5,A03_spline_0,-0.010025995272932842,False,False
2022-01-03,M2,mu5,A03_spline_1,0.004427843083728647,False,False
2022-01-03,M2,mu5,A03_spline_2,0.0010728142053483256,False,False
2022-01-03,M2,mu5,A04_spline_0,0.001079674151921263,False,False
2022-01-03,M2,mu5,A04_spline_1,0.0033002800806918513,False,False
2022-01-03,M2,mu5,A04_spline_2,-0.0006412888764720174,False,False
2022-01-03,M2,mu5,A05_spline_0,-0.004510219268125037,False,False
2022-01-03,M2,mu5,A05_spline_1,0.005278517851531217,False,False
2022-01-03,M2,mu5,A05_spline_2,0.00075930367186479,False,False
2022-01-03,M2,mu5,B01_spline_0,-0.002752736987793894,False,False
2022-01-03,M2,mu5,B01_spline_1,-0.0018663648787315182,False,False
2022-01-03,M2,mu5,B01_spline_2,-0.0009370502753356211,False,False
2022-01-03,M2,mu5,B02_spline_0,-0.0009310871855035662,False,False
2022-01-03,M2,mu5,B02_spline_1,0.001424299578607134,False,False
2022-01-03,M2,mu5,B02_spline_2,0.002469650098588359,False,False
2022-01-03,M2,mu5,B03_spline_0,0.0040110569327892285,False,False
2022-01-03,M2,mu5,B03_spline_1,0.0023314540308406267,False,False
2022-01-03,M2,mu5,B03_spline_2,0.0012518566168618775,False,False
2022-01-03,M2,mu5,C01_spline_0,0.004462180513977849,False,False
2022-01-03,M2,mu5,C01_spline_1,-0.009761187445902769,False,False
2022-01-03,M2,mu5,C01_spline_2,-0.0017713098452547327,False,False
2022-01-03,M2,mu5,C02_spline_0,0.0015497071465727843,False,False
2022-01-03,M2,mu5,C02_spline_1,-0.0020018505789526626,False,False
2022-01-03,M2,mu5,C02_spline_2,-0.005076654623877833,False,False
2022-01-03,M2,mu5,C03_spline_0,-0.0027258596943418086,False,False
2022-01-03,M2,mu5,C03_spline_1,-0.00400044163352795,False,False
2022-01-03,M2,mu5,C03_spline_2,0.005375017053932625,False,False
2022-01-03,M2,mu5,D01_spline_0,-0.004910864910821123,False,False
2022-01-03,M2,mu5,D01_spline_1,0.0018584737610172761,False,False
2022-01-03,M2,mu5,D01_spline_2,-0.0032147924715029467,False,False
2022-01-03,M2,mu5,D02_spline_0,-0.00217888753342784,False,False
2022-01-03,M2,mu5,D02_spline_1,-0.0019092989643689695,False,False
2022-01-03,M2,mu5,D02_spline_2,-0.0013707958332239718,False,False
2022-01-03,M2,mu5,D03_spline_0,0.0027116276139019235,False,False
2022-01-03,M2,mu5,D03_spline_1,-0.004274610909493161,False,False
2022-01-03,M2,mu5,D03_spline_2,0.003542314458094445,False,False
2022-01-03,M2,mu5,E01_spline_0,0.0007312180505445062,False,False
2022-01-03,M2,mu5,E01_spline_1,0.003654636093405661,False,False
2022-01-03,M2,mu5,E01_spline_2,-0.006850953170062835,False,False
2022-01-03,M2,mu5,F01_spline_0,-0.0021137431823882395,False,False
2022-01-03,M2,mu5,F01_spline_1,0.0026866356265905717,False,False
2022-01-03,M2,mu5,F01_spline_2,-0.0008925483666132731,False,False
2022-01-03,M2,mu5,F02_spline_0,0.003955699515223865,False,False
2022-01-03,M2,mu5,F02_spline_1,6.967767874368688e-05,False,False
2022-01-03,M2,mu5,F02_spline_2,0.0034108113921198684,False,False
2022-01-03,M2,mu5,F03_spline_0,-0.001977430031746349,False,False
2022-01-03,M2,mu5,F03_spline_1,-0.0016655057052102557,False,False
2022-01-03,M2,mu5,F03_spline_2,0.0021809420795612065,False,False
2022-01-03,M2,mu5,F04_spline_0,-0.005739294794748499,False,False
2022-01-03,M2,mu5,F04_spline_1,0.0016810710539327772,False,False
2022-01-03,M2,mu5,F04_spline_2,-0.002307328959383235,False,False
2022-01-03,M2,mu5,I01,-0.00042772278754046617,False,False
2022-01-03,M2,mu5,I02,0.004069214023349011,False,False
2022-01-03,M2,mu5,I03,0.002804182920059748,False,False
2022-01-03,M2,mu5,I04,0.000940497103247877,False,False
2022-01-03,M2,mu5,I05,-0.009952166988037211,False,False
2022-01-03,M2,mu5,I06,-0.005385305383520644,False,False
2022-01-03,M2,q90,A01_spline_0,0.0327656317178392,False,False
2022-01-03,M2,q90,A01_spline_1,0.0,True,False
2022-01-03,M2,q90,A01_spline_2,0.0,True,False
2022-01-03,M2,q90,A02_spline_0,-0.002549167954340685,False,False
2022-01-03,M2,q90,A02_spline_1,0.0007794263814758065,False,False
2022-01-03,M2,q90,A02_spline_2,0.0,True,False
2022-01-03,M2,q90,A03_spline_0,0.006893663581454551,False,False
2022-01-03,M2,q90,A03_spline_1,0.0,True,False
2022-01-03,M2,q90,A03_spline_2,0.0,True,False
2022-01-03,M2,q90,A04_spline_0,0.0,True,False
2022-01-03,M2,q90,A04_spline_1,0.0,True,False
2022-01-03,M2,q90,A04_spline_2,0.0,True,False
2022-01-03,M2,q90,A05_spline_0,0.0,True,False
2022-01-03,M2,q90,A05_spline_1,0.0,True,False
2022-01-03,M2,q90,A05_spline_2,0.0,True,False
2022-01-03,M2,q90,B01_spline_0,0.0,True,False
2022-01-03,M2,q90,B01_spline_1,0.0,True,False
2022-01-03,M2,q90,B01_spline_2,0.0,True,False
2022-01-03,M2,q90,B02_spline_0,0.0,True,False
2022-01-03,M2,q90,B02_spline_1,0.0,True,False
2022-01-03,M2,q90,B02_spline_2,0.0,True,False
2022-01-03,M2,q90,B03_spline_0,0.0,True,False
2022-01-03,M2,q90,B03_spline_1,0.0,True,False
2022-01-03,M2,q90,B03_spline_2,0.0,True,False
2022-01-03,M2,q90,C01_spline_0,-0.01145549285325874,False,False
2022-01-03,M2,q90,C01_spline_1,0.0,True,False
2022-01-03,M2,q90,C01_spline_2,0.0,True,False
2022-01-03,M2,q90,C02_spline_0,-0.0028256130820519787,False,False
2022-01-03,M2,q90,C02_spline_1,0.0,True,False
2022-01-03,M2,q90,C02_spline_2,0.0,True,False
2022-01-03,M2,q90,C03_spline_0,0.0,True,False
2022-01-03,M2,q90,C03_spline_1,0.0,True,False
2022-01-03,M2,q90,C03_spline_2,0.0,True,False
2022-01-03,M2,q90,D01_spline_0,0.0,True,False
2022-01-03,M2,q90,D01_spline_1,0.0,True,False
2022-01-03,M2,q90,D01_spline_2,0.0,True,False
2022-01-03,M2,q90,D02_spline_0,0.008267814426555307,False,False
2022-01-03,M2,q90,D02_spline_1,0.0,True,False
2022-01-03,M2,q90,D02_spline_2,0.0,True,False
2022-01-03,M2,q90,D03_spline_0,0.0,True,False
2022-01-03,M2,q90,D03_spline_1,0.005958828139910994,False,False
2022-01-03,M2,q90,D03_spline_2,0.0,True,False
2022-01-03,M2,q90,E01_spline_0,0.0,True,False
2022-01-03,M2,q90,E01_spline_1,0.0,True,False
2022-01-03,M2,q90,E01_spline_2,0.011446918979001705,False,False
2022-01-03,M2,q90,F01_spline_0,-0.004139151865367266,False,False
2022-01-03,M2,q90,F01_spline_1,0.0,True,False
2022-01-03,M2,q90,F01_spline_2,0.0,True,False
2022-01-03,M2,q90,F02_spline_0,-0.0012939997078170282,False,False
2022-01-03,M2,q90,F02_spline_1,0.0,True,False
2022-01-03,M2,q90,F02_spline_2,0.0,True,False
2022-01-03,M2,q90,F03_spline_0,0.0,True,False
2022-01-03,M2,q90,F03_spline_1,0.0,True,False
2022-01-03,M2,q90,F03_spline_2,0.0,True,False
2022-01-03,M2,q90,F04_spline_0,0.008297922916742632,False,False
2022-01-03,M2,q90,F04_spline_1,0.0,True,False
2022-01-03,M2,q90,F04_spline_2,0.0,True,False
2022-01-03,M2,q90,I01,0.0,True,False
2022-01-03,M2,q90,I02,0.0,True,False
2022-01-03,M2,q90,I03,0.0,True,False
2022-01-03,M2,q90,I04,0.0,True,False
2022-01-03,M2,q90,I05,0.0,True,False
2022-01-03,M2,q90,I06,0.0,True,False
2022-01-03,M2,p10,A01_spline_0,0.5250924719215708,False,False
2022-01-03,M2,p10,A01_spline_1,0.05104341713653139,False,False
2022-01-03,M2,p10,A01_spline_2,0.018411308341539822,False,False
2022-01-03,M2,p10,A02_spline_0,-0.23151370748430922,False,False
2022-01-03,M2,p10,A02_spline_1,0.04107005341032463,False,False
2022-01-03,M2,p10,A02_spline_2,-0.12040005083785262,False,False
2022-01-03,M2,p10,A03_spline_0,0.4946588927654052,False,False
2022-01-03,M2,p10,A03_spline_1,-0.10387716444167748,False,False
2022-01-03,M2,p10,A03_spline_2,-0.09117839237718232,False,False
2022-01-03,M2,p10,A04_spline_0,-0.09556505998646464,False,False
2022-01-03,M2,p10,A04_spline_1,-0.18358917745515632,False,False
2022-01-03,M2,p10,A04_spline_2,0.12676447166114882,False,False
2022-01-03,M2,p10,A05_spline_0,0.059395070678675096,False,False
2022-01-03,M2,p10,A05_spline_1,-0.22191800932290065,False,False
2022-01-03,M2,p10,A05_spline_2,0.14160696922051277,False,False
2022-01-03,M2,p10,B01_spline_0,-0.05708809048781444,False,False
2022-01-03,M2,p10,B01_spline_1,-0.035077980094351466,False,False
2022-01-03,M2,p10,B01_spline_2,0.1604691164223624,False,False
2022-01-03,M2,p10,B02_spline_0,0.07044408219982484,False,False
2022-01-03,M2,p10,B02_spline_1,-0.009568499915179806,False,False
2022-01-03,M2,p10,B02_spline_2,-0.14316237499235454,False,False
2022-01-03,M2,p10,B03_spline_0,-0.37143202914961965,False,False
2022-01-03,M2,p10,B03_spline_1,-0.12364866884908401,False,False
2022-01-03,M2,p10,B03_spline_2,0.08195510449028723,False,False
2022-01-03,M2,p10,C01_spline_0,-0.3750203615335299,False,False
2022-01-03,M2,p10,C01_spline_1,0.3666135868297608,False,False
2022-01-03,M2,p10,C01_spline_2,0.03592269649203951,False,False
2022-01-03,M2,p10,C02_spline_0,-0.370339632172732,False,False
2022-01-03,M2,p10,C02_spline_1,-0.007062206418015113,False,False
2022-01-03,M2,p10,C02_spline_2,0.2903743818180593,False,False
2022-01-03,M2,p10,C03_spline_0,0.054835700089745525,False,False
2022-01-03,M2,p10,C03_spline_1,0.09014847832121471,False,False
2022-01-03,M2,p10,C03_spline_2,-0.1972589884630863,False,False
2022-01-03,M2,p10,D01_spline_0,0.03421712250891113,False,False
2022-01-03,M2,p10,D01_spline_1,0.06475729359772417,False,False
2022-01-03,M2,p10,D01_spline_2,-0.03125717681222935,False,False
2022-01-03,M2,p10,D02_spline_0,0.15217841249323436,False,False
2022-01-03,M2,p10,D02_spline_1,0.03530638825642652,False,False
2022-01-03,M2,p10,D02_spline_2,-0.03754994878507796,False,False
2022-01-03,M2,p10,D03_spline_0,-0.21668782679721538,False,False
2022-01-03,M2,p10,D03_spline_1,0.35417555151872315,False,False
2022-01-03,M2,p10,D03_spline_2,-0.20586517274861113,False,False
2022-01-03,M2,p10,E01_spline_0,0.04996700027589781,False,False
2022-01-03,M2,p10,E01_spline_1,-0.20024968749591493,False,False
2022-01-03,M2,p10,E01_spline_2,0.20267952375401915,False,False
2022-01-03,M2,p10,F01_spline_0,0.07900896924647557,False,False
2022-01-03,M2,p10,F01_spline_1,-0.394942055864909,False,False
2022-01-03,M2,p10,F01_spline_2,0.20817819452821318,False,False
2022-01-03,M2,p10,F02_spline_0,-0.19206379738929863,False,False
2022-01-03,M2,p10,F02_spline_1,-0.12887975817436495,False,False
2022-01-03,M2,p10,F02_spline_2,-0.08553608032547291,False,False
2022-01-03,M2,p10,F03_spline_0,0.15392799708034205,False,False
2022-01-03,M2,p10,F03_spline_1,0.11256695967066818,False,False
2022-01-03,M2,p10,F03_spline_2,-0.10667932956229605,False,False
2022-01-03,M2,p10,F04_spline_0,0.2717196443297075,False,False
2022-01-03,M2,p10,F04_spline_1,-0.17748758686989788,False,False
2022-01-03,M2,p10,F04_spline_2,0.12249212637700135,False,False
2022-01-03,M2,p10,I01,-0.03934405084458455,False,False
2022-01-03,M2,p10,I02,0.14342690080662177,False,False
2022-01-03,M2,p10,I03,-0.03758139751199701,False,False
2022-01-03,M2,p10,I04,-0.08357764905130435,False,False
2022-01-03,M2,p10,I05,0.19200201655241764,False,False
2022-01-03,M2,p10,I06,0.07010944634349187,False,False
2022-02-01,M1,mu5,A01,0.0073530997133247926,False,False
2022-02-01,M1,mu5,A02,-0.0013387875105324543,False,False
2022-02-01,M1,mu5,A03,0.007902303589846777,False,False
2022-02-01,M1,mu5,A04,-0.002625996032370788,False,False
2022-02-01,M1,mu5,A05,0.0007762160521443192,False,False
2022-02-01,M1,mu5,B01,0.004154367175922022,False,False
2022-02-01,M1,mu5,B02,0.005148787907884657,False,False
2022-02-01,M1,mu5,B03,-0.0014031582870247788,False,False
2022-02-01,M1,mu5,C01,0.002476665931243652,False,False
2022-02-01,M1,mu5,C02,0.0036706381826083264,False,False
2022-02-01,M1,mu5,C03,0.0001459218429917244,False,False
2022-02-01,M1,mu5,D01,-0.0004287217353114004,False,False
2022-02-01,M1,mu5,D02,0.0009009686777579631,False,False
2022-02-01,M1,mu5,D03,0.005319403353814411,False,False
2022-02-01,M1,mu5,E01,-0.0028784530481684775,False,False
2022-02-01,M1,mu5,F01,-0.00040762607544844466,False,False
2022-02-01,M1,mu5,F02,0.004746993000273484,False,False
2022-02-01,M1,mu5,F03,0.0013930553617601453,False,False
2022-02-01,M1,mu5,F04,0.005330502704154794,False,False
2022-02-01,M1,q90,A01,-0.007223613510431653,False,False
2022-02-01,M1,q90,A02,0.0,True,False
2022-02-01,M1,q90,A03,-0.012568748327859198,False,False
2022-02-01,M1,q90,A04,0.016705119158518,False,False
2022-02-01,M1,q90,A05,0.0,True,False
2022-02-01,M1,q90,B01,0.0,True,False
2022-02-01,M1,q90,B02,0.0,True,False
2022-02-01,M1,q90,B03,0.0,True,False
2022-02-01,M1,q90,C01,0.0,True,False
2022-02-01,M1,q90,C02,0.0,True,False
2022-02-01,M1,q90,C03,0.0,True,False
2022-02-01,M1,q90,D01,0.0,True,False
2022-02-01,M1,q90,D02,0.0,True,False
2022-02-01,M1,q90,D03,-0.011566970787903643,False,False
2022-02-01,M1,q90,E01,0.003313207762561624,False,False
2022-02-01,M1,q90,F01,0.0,True,False
2022-02-01,M1,q90,F02,0.0,True,False
2022-02-01,M1,q90,F03,-0.0029440360216940182,False,False
2022-02-01,M1,q90,F04,0.0,True,False
2022-02-01,M1,p10,A01,-0.2701335383955675,False,False
2022-02-01,M1,p10,A02,0.01514418528764115,False,False
2022-02-01,M1,p10,A03,-0.3021233572974299,False,False
2022-02-01,M1,p10,A04,0.25817105650890787,False,False
2022-02-01,M1,p10,A05,0.14479652326374295,False,False
2022-02-01,M1,p10,B01,0.07483721531861139,False,False
2022-02-01,M1,p10,B02,-0.23501939537643587,False,False
2022-02-01,M1,p10,B03,0.39075645155991456,False,False
2022-02-01,M1,p10,C01,0.01421717397032663,False,False
2022-02-01,M1,p10,C02,-0.045733738006884156,False,False
2022-02-01,M1,p10,C03,0.07989146681385516,False,False
2022-02-01,M1,p10,D01,0.04183163097929962,False,False
2022-02-01,M1,p10,D02,-0.16402151316686223,False,False
2022-02-01,M1,p10,D03,-0.3547172428750885,False,False
2022-02-01,M1,p10,E01,0.20997954758840287,False,False
2022-02-01,M1,p10,F01,0.26649631077608954,False,False
2022-02-01,M1,p10,F02,-0.047633467768785395,False,False
2022-02-01,M1,p10,F03,-0.1957364093685687,False,False
2022-02-01,M1,p10,F04,-0.21101192833039,False,False
2022-02-01,M2,mu5,A01_spline_0,-0.022545813636806755,False,False
2022-02-01,M2,mu5,A01_spline_1,0.0008306978904355153,False,False
2022-02-01,M2,mu5,A01_spline_2,-0.00026615819122915736,False,False
2022-02-01,M2,mu5,A02_spline_0,0.004776928710753749,False,False
2022-02-01,M2,mu5,A02_spline_1,0.002854407839514243,False,False
2022-02-01,M2,mu5,A02_spline_2,0.006677464040161403,False,False
2022-02-01,M2,mu5,A03_spline_0,-0.01005178698769113,False,False
2022-02-01,M2,mu5,A03_spline_1,0.003729475670905596,False,False
2022-02-01,M2,mu5,A03_spline_2,0.0007902297394235369,False,False
2022-02-01,M2,mu5,A04_spline_0,0.0011340738143996876,False,False
2022-02-01,M2,mu5,A04_spline_1,0.0034858331684630714,False,False
2022-02-01,M2,mu5,A04_spline_2,-0.0008750770621510897,False,False
2022-02-01,M2,mu5,A05_spline_0,-0.0045902432473797,False,False
2022-02-01,M2,mu5,A05_spline_1,0.004499922270612787,False,False
2022-02-01,M2,mu5,A05_spline_2,0.0012676391504589503,False,False
2022-02-01,M2,mu5,B01_spline_0,-0.0036221385729566253,False,False
2022-02-01,M2,mu5,B01_spline_1,-0.002559782672033592,False,False
2022-02-01,M2,mu5,B01_spline_2,-0.00019294191180418475,False,False
2022-02-01,M2,mu5,B02_spline_0,-0.0009971600295808447,False,False
2022-02-01,M2,mu5,B02_spline_1,0.0012695650827756592,False,False
2022-02-01,M2,mu5,B02_spline_2,0.0025790045336860318,False,False
2022-02-01,M2,mu5,B03_spline_0,0.004540763174824342,False,False
2022-02-01,M2,mu5,B03_spline_1,0.0010241242161357226,False,False
2022-02-01,M2,mu5,B03_spline_2,0.002066459848047261,False,False
2022-02-01,M2,mu5,C01_spline_0,0.004666742396270926,False,False
2022-02-01,M2,mu5,C01_spline_1,-0.008426437551803957,False,False
2022-02-01,M2,mu5,C01_spline_2,-0.0029893011163948224,False,False
2022-02-01,M2,mu5,C02_spline_0,0.0011695867013467047,False,False
2022-02-01,M2,mu5,C02_spline_1,-0.002305015165259884,False,False
2022-02-01,M2,mu5,C02_spline_2,-0.004864278037709558,False,False
2022-02-01,M2,mu5,C03_spline_0,-0.0025630633676735704,False,False
2022-02-01,M2,mu5,C03_spline_1,-0.0031641665665338805,False,False
2022-02-01,M2,mu5,C03_spline_2,0.004498386944279689,False,False
2022-02-01,M2,mu5,D01_spline_0,-0.0043200965064511074,False,False
2022-02-01,M2,mu5,D01_spline_1,0.0014086541191027752,False,False
2022-02-01,M2,mu5,D01_spline_2,-0.0031659245255186855,False,False
2022-02-01,M2,mu5,D02_spline_0,-0.0008804120687195764,False,False
2022-02-01,M2,mu5,D02_spline_1,-0.0014851248832291868,False,False
2022-02-01,M2,mu5,D02_spline_2,-0.0030918830098287378,False,False
2022-02-01,M2,mu5,D03_spline_0,0.0027057572227778995,False,False
2022-02-01,M2,mu5,D03_spline_1,-0.004158573444775954,False,False
2022-02-01,M2,mu5,D03_spline_2,0.0027659888477381826,False,False
2022-02-01,M2,mu5,E01_spline_0,0.0009665135991340061,False,False
2022-02-01,M2,mu5,E01_spline_1,0.002466694043619847,False,False
2022-02-01,M2,mu5,E01_spline_2,-0.00645910694793695,False,False
2022-02-01,M2,mu5,F01_spline_0,-0.002330224026348548,False,False
2022-02-01,M2,mu5,F01_spline_1,0.002361245848935924,False,False
2022-02-01,M2,mu5,F01_spline_2,-0.00023210937774383392,False,False
2022-02-01,M2,mu5,F02_spline_0,0.004128314559359853,False,False
2022-02-01,M2,mu5,F02_spline_1,-0.0020222158566684722,False,False
2022-02-01,M2,mu5,F02_spline_2,0.0030386770542583006,False,False
2022-02-01,M2,mu5,F03_spline_0,-0.0019384596575256112,False,False
2022-02-01,M2,mu5,F03_spline_1,-0.0008417292984758836,False,False
2022-02-01,M2,mu5,F03_spline_2,0.0016779605826146755,False,False
2022-02-01,M2,mu5,F04_spline_0,-0.006243223461568356,False,False
2022-02-01,M2,mu5,F04_spline_1,-9.875414520356136e-05,False,False
2022-02-01,M2,mu5,F04_spline_2,-0.00042565100639960565,False,False
2022-02-01,M2,mu5,I01,-0.00012670081441603547,False,False
2022-02-01,M2,mu5,I02,0.004243134552523724,False,False
2022-02-01,M2,mu5,I03,0.002462178859480998,False,False
2022-02-01,M2,mu5,I04,0.0007436109509971122,False,False
2022-02-01,M2,mu5,I05,-0.010220934330367313,False,False
2022-02-01,M2,mu5,I06,-0.005261017654549912,False,False
2022-02-01,M2,q90,A01_spline_0,0.031663154728164083,False,False
2022-02-01,M2,q90,A01_spline_1,0.0,True,False
2022-02-01,M2,q90,A01_spline_2,0.0,True,False
2022-02-01,M2,q90,A02_spline_0,-0.0013839686761989802,False,False
2022-02-01,M2,q90,A02_spline_1,0.0,True,False
2022-02-01,M2,q90,A02_spline_2,0.0,True,False
2022-02-01,M2,q90,A03_spline_0,0.0038918122446217744,False,False
2022-02-01,M2,q90,A03_spline_1,0.0,True,False
2022-02-01,M2,q90,A03_spline_2,0.0,True,False
2022-02-01,M2,q90,A04_spline_0,0.0,True,False
2022-02-01,M2,q90,A04_spline_1,-0.0019345485903714656,False,False
2022-02-01,M2,q90,A04_spline_2,0.0,True,False
2022-02-01,M2,q90,A05_spline_0,0.0009851619363558891,False,False
2022-02-01,M2,q90,A05_spline_1,0.0,True,False
2022-02-01,M2,q90,A05_spline_2,0.0,True,False
2022-02-01,M2,q90,B01_spline_0,0.0,True,False
2022-02-01,M2,q90,B01_spline_1,0.0,True,False
2022-02-01,M2,q90,B01_spline_2,0.0,True,False
2022-02-01,M2,q90,B02_spline_0,0.0,True,False
2022-02-01,M2,q90,B02_spline_1,0.0,True,False
2022-02-01,M2,q90,B02_spline_2,0.0,True,False
2022-02-01,M2,q90,B03_spline_0,-0.0009272529923963766,False,False
2022-02-01,M2,q90,B03_spline_1,0.0,True,False
2022-02-01,M2,q90,B03_spline_2,0.0,True,False
2022-02-01,M2,q90,C01_spline_0,-0.012144613333217685,False,False
2022-02-01,M2,q90,C01_spline_1,0.0,True,False
2022-02-01,M2,q90,C01_spline_2,0.0,True,False
2022-02-01,M2,q90,C02_spline_0,-0.002894353385208621,False,False
2022-02-01,M2,q90,C02_spline_1,0.0,True,False
2022-02-01,M2,q90,C02_spline_2,0.000772637156185794,False,False
2022-02-01,M2,q90,C03_spline_0,0.0,True,False
2022-02-01,M2,q90,C03_spline_1,0.0,True,False
2022-02-01,M2,q90,C03_spline_2,0.0,True,False
2022-02-01,M2,q90,D01_spline_0,0.0,True,False
2022-02-01,M2,q90,D01_spline_1,0.0,True,False
2022-02-01,M2,q90,D01_spline_2,0.0,True,False
2022-02-01,M2,q90,D02_spline_0,0.007323317344540878,False,False
2022-02-01,M2,q90,D02_spline_1,0.0,True,False
2022-02-01,M2,q90,D02_spline_2,0.0,True,False
2022-02-01,M2,q90,D03_spline_0,0.0,True,False
2022-02-01,M2,q90,D03_spline_1,0.007180181919307109,False,False
2022-02-01,M2,q90,D03_spline_2,0.0,True,False
2022-02-01,M2,q90,E01_spline_0,0.0,True,False
2022-02-01,M2,q90,E01_spline_1,0.0,True,False
2022-02-01,M2,q90,E01_spline_2,0.011600067880994115,False,False
2022-02-01,M2,q90,F01_spline_0,0.0,True,False
2022-02-01,M2,q90,F01_spline_1,0.0,True,False
2022-02-01,M2,q90,F01_spline_2,0.0,True,False
2022-02-01,M2,q90,F02_spline_0,0.0,True,False
2022-02-01,M2,q90,F02_spline_1,0.0,True,False
2022-02-01,M2,q90,F02_spline_2,0.0,True,False
2022-02-01,M2,q90,F03_spline_0,0.0,True,False
2022-02-01,M2,q90,F03_spline_1,0.0,True,False
2022-02-01,M2,q90,F03_spline_2,0.0,True,False
2022-02-01,M2,q90,F04_spline_0,0.006470623612534739,False,False
2022-02-01,M2,q90,F04_spline_1,0.0,True,False
2022-02-01,M2,q90,F04_spline_2,0.0,True,False
2022-02-01,M2,q90,I01,0.0,True,False
2022-02-01,M2,q90,I02,0.0,True,False
2022-02-01,M2,q90,I03,0.0,True,False
2022-02-01,M2,q90,I04,0.0,True,False
2022-02-01,M2,q90,I05,0.0,True,False
2022-02-01,M2,q90,I06,0.0,True,False
2022-02-01,M2,p10,A01_spline_0,0.5229157238100086,False,False
2022-02-01,M2,p10,A01_spline_1,0.013439127940737032,False,False
2022-02-01,M2,p10,A01_spline_2,0.04905169755193706,False,False
2022-02-01,M2,p10,A02_spline_0,-0.21146661189923652,False,False
2022-02-01,M2,p10,A02_spline_1,0.011949561171878129,False,False
2022-02-01,M2,p10,A02_spline_2,-0.10052844809334219,False,False
2022-02-01,M2,p10,A03_spline_0,0.5125509755096556,False,False
2022-02-01,M2,p10,A03_spline_1,-0.07780298214739313,False,False
2022-02-01,M2,p10,A03_spline_2,-0.1042262818998925,False,False
2022-02-01,M2,p10,A04_spline_0,-0.10395984635564909,False,False
2022-02-01,M2,p10,A04_spline_1,-0.1735046581645313,False,False
2022-02-01,M2,p10,A04_spline_2,0.11745985917783427,False,False
2022-02-01,M2,p10,A05_spline_0,0.047780268352663254,False,False
2022-02-01,M2,p10,A05_spline_1,-0.18266579066967803,False,False
2022-02-01,M2,p10,A05_spline_2,0.10870364342154316,False,False
2022-02-01,M2,p10,B01_spline_0,-0.043339679572676204,False,False
2022-02-01,M2,p10,B01_spline_1,-0.011683989354569114,False,False
2022-02-01,M2,p10,B01_spline_2,0.13407014386688532,False,False
2022-02-01,M2,p10,B02_spline_0,0.05744680425038414,False,False
2022-02-01,M2,p10,B02_spline_1,-0.005752820236780697,False,False
2022-02-01,M2,p10,B02_spline_2,-0.1405211860224638,False,False
2022-02-01,M2,p10,B03_spline_0,-0.3991375305481713,False,False
2022-02-01,M2,p10,B03_spline_1,-0.08532954108887715,False,False
2022-02-01,M2,p10,B03_spline_2,0.06026329602819332,False,False
2022-02-01,M2,p10,C01_spline_0,-0.38307125959105365,False,False
2022-02-01,M2,p10,C01_spline_1,0.3193160120796083,False,False
2022-02-01,M2,p10,C01_spline_2,0.07579766888699822,False,False
2022-02-01,M2,p10,C02_spline_0,-0.3853793853157698,False,False
2022-02-01,M2,p10,C02_spline_1,0.01620409087562066,False,False
2022-02-01,M2,p10,C02_spline_2,0.26661350801670547,False,False
2022-02-01,M2,p10,C03_spline_0,0.03997770549584534,False,False
2022-02-01,M2,p10,C03_spline_1,0.09445801944897265,False,False
2022-02-01,M2,p10,C03_spline_2,-0.1995121723313274,False,False
2022-02-01,M2,p10,D01_spline_0,0.046880747415720306,False,False
2022-02-01,M2,p10,D01_spline_1,0.07364403399244301,False,False
2022-02-01,M2,p10,D01_spline_2,-0.05036446706472814,False,False
2022-02-01,M2,p10,D02_spline_0,0.12302284161722096,False,False
2022-02-01,M2,p10,D02_spline_1,0.023207310039422075,False,False
2022-02-01,M2,p10,D02_spline_2,-0.0021089473099434415,False,False
2022-02-01,M2,p10,D03_spline_0,-0.22227633786095038,False,False
2022-02-01,M2,p10,D03_spline_1,0.33914235365039536,False,False
2022-02-01,M2,p10,D03_spline_2,-0.17883855583674016,False,False
2022-02-01,M2,p10,E01_spline_0,0.052549634174437906,False,False
2022-02-01,M2,p10,E01_spline_1,-0.16896287894595163,False,False
2022-02-01,M2,p10,E01_spline_2,0.18225656199037854,False,False
2022-02-01,M2,p10,F01_spline_0,0.0651483203465686,False,False
2022-02-01,M2,p10,F01_spline_1,-0.36552235731806015,False,False
2022-02-01,M2,p10,F01_spline_2,0.18709874849949815,False,False
2022-02-01,M2,p10,F02_spline_0,-0.19642972506542014,False,False
2022-02-01,M2,p10,F02_spline_1,-0.06487313400694496,False,False
2022-02-01,M2,p10,F02_spline_2,-0.05743428178315395,False,False
2022-02-01,M2,p10,F03_spline_0,0.16776005588447976,False,False
2022-02-01,M2,p10,F03_spline_1,0.08274381425882524,False,False
2022-02-01,M2,p10,F03_spline_2,-0.08126689144812174,False,False
2022-02-01,M2,p10,F04_spline_0,0.2803522233632966,False,False
2022-02-01,M2,p10,F04_spline_1,-0.1276755425714695,False,False
2022-02-01,M2,p10,F04_spline_2,0.06909886958779952,False,False
2022-02-01,M2,p10,I01,-0.061563401001753996,False,False
2022-02-01,M2,p10,I02,0.1449881991534244,False,False
2022-02-01,M2,p10,I03,-0.02539090941751997,False,False
2022-02-01,M2,p10,I04,-0.07524386970834794,False,False
2022-02-01,M2,p10,I05,0.22496199917951482,False,False
2022-02-01,M2,p10,I06,0.04421175348630984,False,False
2022-03-01,M1,mu5,A01,0.007702255092551943,False,False
2022-03-01,M1,mu5,A02,-0.001547021292351113,False,False
2022-03-01,M1,mu5,A03,0.0066620948675726105,False,False
2022-03-01,M1,mu5,A04,-0.002962629755639928,False,False
2022-03-01,M1,mu5,A05,0.0020362924205916616,False,False
2022-03-01,M1,mu5,B01,0.004383449204778826,False,False
2022-03-01,M1,mu5,B02,0.005471065297723341,False,False
2022-03-01,M1,mu5,B03,-0.0017775100428419665,False,False
2022-03-01,M1,mu5,C01,0.0024197973907938036,False,False
2022-03-01,M1,mu5,C02,0.004018531968363535,False,False
2022-03-01,M1,mu5,C03,0.00016321038915302152,False,False
2022-03-01,M1,mu5,D01,-0.000997533428746935,False,False
2022-03-01,M1,mu5,D02,0.0008276910653816285,False,False
2022-03-01,M1,mu5,D03,0.00560385749408306,False,False
2022-03-01,M1,mu5,E01,-0.003178266143359432,False,False
2022-03-01,M1,mu5,F01,-0.0004252728323449863,False,False
2022-03-01,M1,mu5,F02,0.004324494902510209,False,False
2022-03-01,M1,mu5,F03,0.0010677513895519185,False,False
2022-03-01,M1,mu5,F04,0.004527724042791484,False,False
2022-03-01,M1,q90,A01,-0.006154767804987266,False,False
2022-03-01,M1,q90,A02,0.0,True,False
2022-03-01,M1,q90,A03,-0.01222210865485323,False,False
2022-03-01,M1,q90,A04,0.018205034412343012,False,False
2022-03-01,M1,q90,A05,0.0,True,False
2022-03-01,M1,q90,B01,0.0,True,False
2022-03-01,M1,q90,B02,0.0,True,False
2022-03-01,M1,q90,B03,0.0,True,False
2022-03-01,M1,q90,C01,0.0,True,False
2022-03-01,M1,q90,C02,0.0,True,False
2022-03-01,M1,q90,C03,0.0,True,False
2022-03-01,M1,q90,D01,0.0022829058730056344,False,False
2022-03-01,M1,q90,D02,0.0,True,False
2022-03-01,M1,q90,D03,-0.011236229959932075,False,False
2022-03-01,M1,q90,E01,0.003642084346070379,False,False
2022-03-01,M1,q90,F01,0.0,True,False
2022-03-01,M1,q90,F02,0.0,True,False
2022-03-01,M1,q90,F03,0.0,True,False
2022-03-01,M1,q90,F04,0.0,True,False
2022-03-01,M1,p10,A01,-0.2585051396329251,False,False
2022-03-01,M1,p10,A02,0.016144231498658942,False,False
2022-03-01,M1,p10,A03,-0.29808852257709073,False,False
2022-03-01,M1,p10,A04,0.25706959558294284,False,False
2022-03-01,M1,p10,A05,0.13004242508487077,False,False
2022-03-01,M1,p10,B01,0.07439761706770312,False,False
2022-03-01,M1,p10,B02,-0.24084025421384872,False,False
2022-03-01,M1,p10,B03,0.3866694090029234,False,False
2022-03-01,M1,p10,C01,-0.010234155742318325,False,False
2022-03-01,M1,p10,C02,-0.040511246158666026,False,False
2022-03-01,M1,p10,C03,0.08016934981779869,False,False
2022-03-01,M1,p10,D01,0.05736861395915342,False,False
2022-03-01,M1,p10,D02,-0.15377178258343077,False,False
2022-03-01,M1,p10,D03,-0.36619789189468266,False,False
2022-03-01,M1,p10,E01,0.20357874668195852,False,False
2022-03-01,M1,p10,F01,0.2569537108430363,False,False
2022-03-01,M1,p10,F02,-0.03297834885894991,False,False
2022-03-01,M1,p10,F03,-0.19120304072898178,False,False
2022-03-01,M1,p10,F04,-0.19064381068663752,False,False
2022-03-01,M2,mu5,A01_spline_0,-0.0220113790644076,False,False
2022-03-01,M2,mu5,A01_spline_1,0.0002675476726234742,False,False
2022-03-01,M2,mu5,A01_spline_2,0.0003219736857583311,False,False
2022-03-01,M2,mu5,A02_spline_0,0.004456571421464807,False,False
2022-03-01,M2,mu5,A02_spline_1,0.0032347468587601708,False,False
2022-03-01,M2,mu5,A02_spline_2,0.0062740429667296205,False,False
2022-03-01,M2,mu5,A03_spline_0,-0.010517529892523398,False,False
2022-03-01,M2,mu5,A03_spline_1,0.004991711380247684,False,False
2022-03-01,M2,mu5,A03_spline_2,-0.0004275204758531242,False,False
2022-03-01,M2,mu5,A04_spline_0,0.0015029489739163608,False,False
2022-03-01,M2,mu5,A04_spline_1,0.003591777529889396,False,False
2022-03-01,M2,mu5,A04_spline_2,-0.0010626715370422582,False,False
2022-03-01,M2,mu5,A05_spline_0,-0.005460600626730661,False,False
2022-03-01,M2,mu5,A05_spline_1,0.0037419174171442054,False,False
2022-03-01,M2,mu5,A05_spline_2,0.0019837837753652835,False,False
2022-03-01,M2,mu5,B01_spline_0,-0.0043592301642105865,False,False
2022-03-01,M2,mu5,B01_spline_1,-0.0031762288240093353,False,False
2022-03-01,M2,mu5,B01_spline_2,0.00018175185922165516,False,False
2022-03-01,M2,mu5,B02_spline_0,-0.0008747993374812542,False,False
2022-03-01,M2,mu5,B02_spline_1,0.0008551346541189461,False,False
2022-03-01,M2,mu5,B02_spline_2,0.002018696647837305,False,False
2022-03-01,M2,mu5,B03_spline_0,0.004920996540684991,False,False
2022-03-01,M2,mu5,B03_spline_1,0.0008348903142219627,False,False
2022-03-01,M2,mu5,B03_spline_2,0.0021079313184098397,False,False
2022-03-01,M2,mu5,C01_spline_0,0.00494363016549246,False,False
2022-03-01,M2,mu5,C01_spline_1,-0.00761335256390093,False,False
2022-03-01,M2,mu5,C01_spline_2,-0.004057099044521631,False,False
2022-03-01,M2,mu5,C02_spline_0,0.0013100107012064396,False,False
2022-03-01,M2,mu5,C02_spline_1,-0.0030319582423450004,False,False
2022-03-01,M2,mu5,C02_spline_2,-0.004927915796294242,False,False
2022-03-01,M2,mu5,C03_spline_0,-0.0026204919056657477,False,False
2022-03-01,M2,mu5,C03_spline_1,-0.0030316896867039803,False,False
2022-03-01,M2,mu5,C03_spline_2,0.004703859253031042,False,False
2022-03-01,M2,mu5,D01_spline_0,-0.004142314303837954,False,False
2022-03-01,M2,mu5,D01_spline_1,0.0017177246802151066,False,False
2022-03-01,M2,mu5,D01_spline_2,-0.003915868921456535,False,False
2022-03-01,M2,mu5,D02_spline_0,-0.0012148672804141464,False,False
2022-03-01,M2,mu5,D02_spline_1,-0.0014924543770396164,False,False
2022-03-01,M2,mu5,D02_spline_2,-0.0034789807863516717,False,False
2022-03-01,M2,mu5,D03_spline_0,0.002282740051396527,False,False
2022-03-01,M2,mu5,D03_spline_1,-0.004197794629537453,False,False
2022-03-01,M2,mu5,D03_spline_2,0.0017631045666288369,False,False
2022-03-01,M2,mu5,E01_spline_0,0.002183265784915536,False,False
2022-03-01,M2,mu5,E01_spline_1,0.0022305523895998283,False,False
2022-03-01,M2,mu5,E01_spline_2,-0.006891625035187689,False,False
2022-03-01,M2,mu5,F01_spline_0,-0.0025691771137429163,False,False
2022-03-01,M2,mu5,F01_spline_1,0.0023400220173196433,False,False
2022-03-01,M2,mu5,F01_spline_2,-0.0006994023007328774,False,False
2022-03-01,M2,mu5,F02_spline_0,0.004530422235040425,False,False
2022-03-01,M2,mu5,F02_spline_1,-0.0031942674090118537,False,False
2022-03-01,M2,mu5,F02_spline_2,0.0030601423418237534,False,False
2022-03-01,M2,mu5,F03_spline_0,-0.0016414620316804536,False,False
2022-03-01,M2,mu5,F03_spline_1,-0.0008761888933243433,False,False
2022-03-01,M2,mu5,F03_spline_2,0.001201397825791668,False,False
2022-03-01,M2,mu5,F04_spline_0,-0.006680710381313619,False,False
2022-03-01,M2,mu5,F04_spline_1,-0.00028143379472700576,False,False
2022-03-01,M2,mu5,F04_spline_2,-0.0006639887030320001,False,False
2022-03-01,M2,mu5,I01,-0.00016110397917575578,False,False
2022-03-01,M2,mu5,I02,0.004612250307967624,False,False
2022-03-01,M2,mu5,I03,0.001904191344497338,False,False
2022-03-01,M2,mu5,I04,0.0012644186602428914,False,False
2022-03-01,M2,mu5,I05,-0.010349344579154351,False,False
2022-03-01,M2,mu5,I06,-0.004494687148921101,False,False
2022-03-01,M2,q90,A01_spline_0,0.030859124405354155,False,False
2022-03-01,M2,q90,A01_spline_1,0.0,True,False
2022-03-01,M2,q90,A01_spline_2,0.0,True,False
2022-03-01,M2,q90,A02_spline_0,-0.0011468194220065197,False,False
2022-03-01,M2,q90,A02_spline_1,0.0,True,False
2022-03-01,M2,q90,A02_spline_2,0.0,True,False
2022-03-01,M2,q90,A03_spline_0,0.0047517935810691934,False,False
2022-03-01,M2,q90,A03_spline_1,0.0,True,False
2022-03-01,M2,q90,A03_spline_2,0.0,True,False
2022-03-01,M2,q90,A04_spline_0,0.0,True,False
2022-03-01,M2,q90,A04_spline_1,0.0,True,False
2022-03-01,M2,q90,A04_spline_2,0.0,True,False
2022-03-01,M2,q90,A05_spline_0,0.001729371197253159,False,False
2022-03-01,M2,q90,A05_spline_1,0.0,True,False
2022-03-01,M2,q90,A05_spline_2,0.0,True,False
2022-03-01,M2,q90,B01_spline_0,0.0,True,False
2022-03-01,M2,q90,B01_spline_1,0.0,True,False
2022-03-01,M2,q90,B01_spline_2,0.0,True,False
2022-03-01,M2,q90,B02_spline_0,0.0,True,False
2022-03-01,M2,q90,B02_spline_1,0.0,True,False
2022-03-01,M2,q90,B02_spline_2,0.0,True,False
2022-03-01,M2,q90,B03_spline_0,-0.0016965422680364694,False,False
2022-03-01,M2,q90,B03_spline_1,0.0,True,False
2022-03-01,M2,q90,B03_spline_2,0.0,True,False
2022-03-01,M2,q90,C01_spline_0,-0.01231111515203838,False,False
2022-03-01,M2,q90,C01_spline_1,0.0,True,False
2022-03-01,M2,q90,C01_spline_2,0.0,True,False
2022-03-01,M2,q90,C02_spline_0,-0.003130327757090683,False,False
2022-03-01,M2,q90,C02_spline_1,0.0,True,False
2022-03-01,M2,q90,C02_spline_2,0.0007399400764627011,False,False
2022-03-01,M2,q90,C03_spline_0,0.0,True,False
2022-03-01,M2,q90,C03_spline_1,0.0,True,False
2022-03-01,M2,q90,C03_spline_2,0.0,True,False
2022-03-01,M2,q90,D01_spline_0,0.0,True,False
2022-03-01,M2,q90,D01_spline_1,0.0,True,False
2022-03-01,M2,q90,D01_spline_2,0.0,True,False
2022-03-01,M2,q90,D02_spline_0,0.005819724834412868,False,False
2022-03-01,M2,q90,D02_spline_1,0.0,True,False
2022-03-01,M2,q90,D02_spline_2,0.0,True,False
2022-03-01,M2,q90,D03_spline_0,0.0,True,False
2022-03-01,M2,q90,D03_spline_1,0.0047162915061159895,False,False
2022-03-01,M2,q90,D03_spline_2,0.0,True,False
2022-03-01,M2,q90,E01_spline_0,0.0,True,False
2022-03-01,M2,q90,E01_spline_1,0.0,True,False
2022-03-01,M2,q90,E01_spline_2,0.01147320649606083,False,False
2022-03-01,M2,q90,F01_spline_0,-0.0017577796982563597,False,False
2022-03-01,M2,q90,F01_spline_1,0.0,True,False
2022-03-01,M2,q90,F01_spline_2,0.0,True,False
2022-03-01,M2,q90,F02_spline_0,0.0,True,False
2022-03-01,M2,q90,F02_spline_1,0.0,True,False
2022-03-01,M2,q90,F02_spline_2,0.0,True,False
2022-03-01,M2,q90,F03_spline_0,0.0,True,False
2022-03-01,M2,q90,F03_spline_1,0.0,True,False
2022-03-01,M2,q90,F03_spline_2,0.0,True,False
2022-03-01,M2,q90,F04_spline_0,0.007327747588342246,False,False
2022-03-01,M2,q90,F04_spline_1,0.0,True,False
2022-03-01,M2,q90,F04_spline_2,0.0,True,False
2022-03-01,M2,q90,I01,0.0,True,False
2022-03-01,M2,q90,I02,0.0,True,False
2022-03-01,M2,q90,I03,0.0,True,False
2022-03-01,M2,q90,I04,0.0,True,False
2022-03-01,M2,q90,I05,0.0,True,False
2022-03-01,M2,q90,I06,0.0,True,False
2022-03-01,M2,p10,A01_spline_0,0.5060166252608185,False,False
2022-03-01,M2,p10,A01_spline_1,0.015509690287953917,False,False
2022-03-01,M2,p10,A01_spline_2,0.055122938035924156,False,False
2022-03-01,M2,p10,A02_spline_0,-0.20163325709568755,False,False
2022-03-01,M2,p10,A02_spline_1,0.008415832615296515,False,False
2022-03-01,M2,p10,A02_spline_2,-0.09141514382829849,False,False
2022-03-01,M2,p10,A03_spline_0,0.521757676298834,False,False
2022-03-01,M2,p10,A03_spline_1,-0.08631467295986595,False,False
2022-03-01,M2,p10,A03_spline_2,-0.09441198037291514,False,False
2022-03-01,M2,p10,A04_spline_0,-0.11624066957300783,False,False
2022-03-01,M2,p10,A04_spline_1,-0.1678332811223878,False,False
2022-03-01,M2,p10,A04_spline_2,0.11819100758439861,False,False
2022-03-01,M2,p10,A05_spline_0,0.03518454781160141,False,False
2022-03-01,M2,p10,A05_spline_1,-0.1605832416502643,False,False
2022-03-01,M2,p10,A05_spline_2,0.08796646912357951,False,False
2022-03-01,M2,p10,B01_spline_0,-0.04276040188475195,False,False
2022-03-01,M2,p10,B01_spline_1,-0.0002072379441628739,False,False
2022-03-01,M2,p10,B01_spline_2,0.1265389381683734,False,False
2022-03-01,M2,p10,B02_spline_0,0.05259070690101428,False,False
2022-03-01,M2,p10,B02_spline_1,-0.008190980397939368,False,False
2022-03-01,M2,p10,B02_spline_2,-0.1310879613911297,False,False
2022-03-01,M2,p10,B03_spline_0,-0.4173600291489799,False,False
2022-03-01,M2,p10,B03_spline_1,-0.05818532446950105,False,False
2022-03-01,M2,p10,B03_spline_2,0.04363401161477937,False,False
2022-03-01,M2,p10,C01_spline_0,-0.3919264990798727,False,False
2022-03-01,M2,p10,C01_spline_1,0.3142273279933737,False,False
2022-03-01,M2,p10,C01_spline_2,0.08136022339443622,False,False
2022-03-01,M2,p10,C02_spline_0,-0.3971704520608951,False,False
2022-03-01,M2,p10,C02_spline_1,0.018247751737959884,False,False
2022-03-01,M2,p10,C02_spline_2,0.2617857365853765,False,False
2022-03-01,M2,p10,C03_spline_0,0.01991333820445304,False,False
2022-03-01,M2,p10,C03_spline_1,0.10785675356352468,False,False
2022-03-01,M2,p10,C03_spline_2,-0.2108308033704843,False,False
2022-03-01,M2,p10,D01_spline_0,0.04532807447171026,False,False
2022-03-01,M2,p10,D01_spline_1,0.0705360570245318,False,False
2022-03-01,M2,p10,D01_spline_2,-0.0444647580221549,False,False
2022-03-01,M2,p10,D02_spline_0,0.12102680024629407,False,False
2022-03-01,M2,p10,D02_spline_1,0.01547141355685789,False,False
2022-03-01,M2,p10,D02_spline_2,0.010247930212976429,False,False
2022-03-01,M2,p10,D03_spline_0,-0.20865733901078073,False,False
2022-03-01,M2,p10,D03_spline_1,0.3294696058362145,False,False
2022-03-01,M2,p10,D03_spline_2,-0.16829587777919872,False,False
2022-03-01,M2,p10,E01_spline_0,0.04293601298910454,False,False
2022-03-01,M2,p10,E01_spline_1,-0.15090984192862414,False,False
2022-03-01,M2,p10,E01_spline_2,0.17137440634139117,False,False
2022-03-01,M2,p10,F01_spline_0,0.06217751871423397,False,False
2022-03-01,M2,p10,F01_spline_1,-0.3486532093373655,False,False
2022-03-01,M2,p10,F01_spline_2,0.17793714020052703,False,False
2022-03-01,M2,p10,F02_spline_0,-0.199916815972487,False,False
2022-03-01,M2,p10,F02_spline_1,-0.030742214771851552,False,False
2022-03-01,M2,p10,F02_spline_2,-0.064719738651792,False,False
2022-03-01,M2,p10,F03_spline_0,0.16771088402441803,False,False
2022-03-01,M2,p10,F03_spline_1,0.08139577146327173,False,False
2022-03-01,M2,p10,F03_spline_2,-0.07448214974914735,False,False
2022-03-01,M2,p10,F04_spline_0,0.2879134646122439,False,False
2022-03-01,M2,p10,F04_spline_1,-0.1244705386922091,False,False
2022-03-01,M2,p10,F04_spline_2,0.06669090867654522,False,False
2022-03-01,M2,p10,I01,-0.07036958191554533,False,False
2022-03-01,M2,p10,I02,0.14203169060314533,False,False
2022-03-01,M2,p10,I03,-0.025283421348961683,False,False
2022-03-01,M2,p10,I04,-0.07789809199374396,False,False
2022-03-01,M2,p10,I05,0.24751391634977377,False,False
2022-03-01,M2,p10,I06,0.04064705038162529,False,False
2022-04-01,M1,mu5,A01,0.007214317035569654,False,False
2022-04-01,M1,mu5,A02,-0.001187388405890308,False,False
2022-04-01,M1,mu5,A03,0.007630416548139509,False,False
2022-04-01,M1,mu5,A04,-0.003438696449293138,False,False
2022-04-01,M1,mu5,A05,0.0015395177183868856,False,False
2022-04-01,M1,mu5,B01,0.005121673883513471,False,False
2022-04-01,M1,mu5,B02,0.006392386547966558,False,False
2022-04-01,M1,mu5,B03,-0.0019213135159370784,False,False
2022-04-01,M1,mu5,C01,0.002561099623811352,False,False
2022-04-01,M1,mu5,C02,0.0044740569737763535,False,False
2022-04-01,M1,mu5,C03,-0.0005733598822882504,False,False
2022-04-01,M1,mu5,D01,-0.0006325225312433406,False,False
2022-04-01,M1,mu5,D02,0.0007694555862170709,False,False
2022-04-01,M1,mu5,D03,0.005592066304907056,False,False
2022-04-01,M1,mu5,E01,-0.002501935779399588,False,False
2022-04-01,M1,mu5,F01,-0.0006061350421734718,False,False
2022-04-01,M1,mu5,F02,0.003968585686102003,False,False
2022-04-01,M1,mu5,F03,0.0017396582508677166,False,False
2022-04-01,M1,mu5,F04,0.003978867152443979,False,False
2022-04-01,M1,q90,A01,-0.0020418779158853416,False,False
2022-04-01,M1,q90,A02,0.0,True,False
2022-04-01,M1,q90,A03,-0.00917265847056642,False,False
2022-04-01,M1,q90,A04,0.018386884833953936,False,False
2022-04-01,M1,q90,A05,0.0,True,False
2022-04-01,M1,q90,B01,0.0,True,False
2022-04-01,M1,q90,B02,0.0,True,False
2022-04-01,M1,q90,B03,0.0,True,False
2022-04-01,M1,q90,C01,0.0,True,False
2022-04-01,M1,q90,C02,0.0,True,False
2022-04-01,M1,q90,C03,0.0,True,False
2022-04-01,M1,q90,D01,0.0067564302096418845,False,False
2022-04-01,M1,q90,D02,0.0,True,False
2022-04-01,M1,q90,D03,-0.0107000440198413,False,False
2022-04-01,M1,q90,E01,0.0018096503050130687,False,False
2022-04-01,M1,q90,F01,0.0,True,False
2022-04-01,M1,q90,F02,0.0,True,False
2022-04-01,M1,q90,F03,-0.0008114341957140378,False,False
2022-04-01,M1,q90,F04,0.0,True,False
2022-04-01,M1,p10,A01,-0.24391288748868858,False,False
2022-04-01,M1,p10,A02,0.0022535055823437533,False,False
2022-04-01,M1,p10,A03,-0.3163718906618801,False,False
2022-04-01,M1,p10,A04,0.26130450742204825,False,False
2022-04-01,M1,p10,A05,0.14016770963200162,False,False
2022-04-01,M1,p10,B01,0.053689039366677224,False,False
2022-04-01,M1,p10,B02,-0.24619797086988965,False,False
2022-04-01,M1,p10,B03,0.37424601275548464,False,False
2022-04-01,M1,p10,C01,-0.03252194657597806,False,False
2022-04-01,M1,p10,C02,-0.006966393380153625,False,False
2022-04-01,M1,p10,C03,0.08528654902185198,False,False
2022-04-01,M1,p10,D01,0.08829549962626157,False,False
2022-04-01,M1,p10,D02,-0.1384351353966959,False,False
2022-04-01,M1,p10,D03,-0.3691628428171907,False,False
2022-04-01,M1,p10,E01,0.1691833926425735,False,False
2022-04-01,M1,p10,F01,0.2529332276526391,False,False
2022-04-01,M1,p10,F02,-0.008458266768457382,False,False
2022-04-01,M1,p10,F03,-0.2009032299194874,False,False
2022-04-01,M1,p10,F04,-0.212541170269106,False,False
2022-04-01,M2,mu5,A01_spline_0,-0.022490217070012784,False,False
2022-04-01,M2,mu5,A01_spline_1,0.0005831069197033893,False,False
2022-04-01,M2,mu5,A01_spline_2,0.00021022569782625476,False,False
2022-04-01,M2,mu5,A02_spline_0,0.004610576673734497,False,False
2022-04-01,M2,mu5,A02_spline_1,0.0028957000942920197,False,False
2022-04-01,M2,mu5,A02_spline_2,0.006892828472079906,False,False
2022-04-01,M2,mu5,A03_spline_0,-0.010057715376133067,False,False
2022-04-01,M2,mu5,A03_spline_1,0.003646936385025883,False,False
2022-04-01,M2,mu5,A03_spline_2,0.0012143496948937454,False,False
2022-04-01,M2,mu5,A04_spline_0,0.001293927608881122,False,False
2022-04-01,M2,mu5,A04_spline_1,0.0038625775755225015,False,False
2022-04-01,M2,mu5,A04_spline_2,-0.001428720740336626,False,False
2022-04-01,M2,mu5,A05_spline_0,-0.004521114352286509,False,False
2022-04-01,M2,mu5,A05_spline_1,0.0025904967311515823,False,False
2022-04-01,M2,mu5,A05_spline_2,0.0004187017428512346,False,False
2022-04-01,M2,mu5,B01_spline_0,-0.004668553800777045,False,False
2022-04-01,M2,mu5,B01_spline_1,-0.003505325074474745,False,False
2022-04-01,M2,mu5,B01_spline_2,0.00048383041475644943,False,False
2022-04-01,M2,mu5,B02_spline_0,-0.000646216455653917,False,False
2022-04-01,M2,mu5,B02_spline_1,-0.00041943522403686524,False,False
2022-04-01,M2,mu5,B02_spline_2,0.002470724839538802,False,False
2022-04-01,M2,mu5,B03_spline_0,0.004928054368675633,False,False
2022-04-01,M2,mu5,B03_spline_1,0.0008093043587315966,False,False
2022-04-01,M2,mu5,B03_spline_2,0.002110716477660361,False,False
2022-04-01,M2,mu5,C01_spline_0,0.004720503991050864,False,False
2022-04-01,M2,mu5,C01_spline_1,-0.007423030228765758,False,False
2022-04-01,M2,mu5,C01_spline_2,-0.004073882625588141,False,False
2022-04-01,M2,mu5,C02_spline_0,0.0010404848716713702,False,False
2022-04-01,M2,mu5,C02_spline_1,-0.003578643507658895,False,False
2022-04-01,M2,mu5,C02_spline_2,-0.00461014861925692,False,False
2022-04-01,M2,mu5,C03_spline_0,-0.002238144723749631,False,False
2022-04-01,M2,mu5,C03_spline_1,-0.002752045960942204,False,False
2022-04-01,M2,mu5,C03_spline_2,0.0038720570757537352,False,False
2022-04-01,M2,mu5,D01_spline_0,-0.0043940521359911245,False,False
2022-04-01,M2,mu5,D01_spline_1,0.00084897253068319,False,False
2022-04-01,M2,mu5,D01_spline_2,-0.002827627360606147,False,False
2022-04-01,M2,mu5,D02_spline_0,-0.000984866223755386,False,False
2022-04-01,M2,mu5,D02_spline_1,-0.0015600097370615218,False,False
2022-04-01,M2,mu5,D02_spline_2,-0.0035085252383681327,False,False
2022-04-01,M2,mu5,D03_spline_0,0.002152717397565425,False,False
2022-04-01,M2,mu5,D03_spline_1,-0.003989227401658038,False,False
2022-04-01,M2,mu5,D03_spline_2,0.001475594855877534,False,False
2022-04-01,M2,mu5,E01_spline_0,0.0019046376905300661,False,False
2022-04-01,M2,mu5,E01_spline_1,0.0015712484804345566,False,False
2022-04-01,M2,mu5,E01_spline_2,-0.006890458094508455,False,False
2022-04-01,M2,mu5,F01_spline_0,-0.0025915101597051146,False,False
2022-04-01,M2,mu5,F01_spline_1,0.002147677372832518,False,False
2022-04-01,M2,mu5,F01_spline_2,-0.0011141562369357118,False,False
2022-04-01,M2,mu5,F02_spline_0,0.004764008299428852,False,False
2022-04-01,M2,mu5,F02_spline_1,-0.002988143447449336,False,False
2022-04-01,M2,mu5,F02_spline_2,0.002800313109971424,False,False
2022-04-01,M2,mu5,F03_spline_0,-0.0013822171553486767,False,False
2022-04-01,M2,mu5,F03_spline_1,-0.0013516455967779472,False,False
2022-04-01,M2,mu5,F03_spline_2,0.0010128470941673001,False,False
2022-04-01,M2,mu5,F04_spline_0,-0.006662802673847396,False,False
2022-04-01,M2,mu5,F04_spline_1,0.0001436854908296037,False,False
2022-04-01,M2,mu5,F04_spline_2,-0.0009462421298093529,False,False
2022-04-01,M2,mu5,I01,-0.0002534004359145743,False,False
2022-04-01,M2,mu5,I02,0.003522728684269015,False,False
2022-04-01,M2,mu5,I03,0.0014588296344558516,False,False
2022-04-01,M2,mu5,I04,0.0017969324697739387,False,False
2022-04-01,M2,mu5,I05,-0.010147063968762542,False,False
2022-04-01,M2,mu5,I06,-0.004058840558575827,False,False
2022-04-01,M2,q90,A01_spline_0,0.03019020496661534,False,False
2022-04-01,M2,q90,A01_spline_1,0.0,True,False
2022-04-01,M2,q90,A01_spline_2,0.0,True,False
2022-04-01,M2,q90,A02_spline_0,-0.0012913039429348439,False,False
2022-04-01,M2,q90,A02_spline_1,0.0,True,False
2022-04-01,M2,q90,A02_spline_2,0.0,True,False
2022-04-01,M2,q90,A03_spline_0,0.005677287241127394,False,False
2022-04-01,M2,q90,A03_spline_1,0.0,True,False
2022-04-01,M2,q90,A03_spline_2,0.0,True,False
2022-04-01,M2,q90,A04_spline_0,0.0,True,False
2022-04-01,M2,q90,A04_spline_1,0.0,True,False
2022-04-01,M2,q90,A04_spline_2,0.0003034135272955218,False,False
2022-04-01,M2,q90,A05_spline_0,0.0002058603543053412,False,False
2022-04-01,M2,q90,A05_spline_1,0.0,True,False
2022-04-01,M2,q90,A05_spline_2,0.0,True,False
2022-04-01,M2,q90,B01_spline_0,0.0,True,False
2022-04-01,M2,q90,B01_spline_1,0.0,True,False
2022-04-01,M2,q90,B01_spline_2,0.0,True,False
2022-04-01,M2,q90,B02_spline_0,0.0,True,False
2022-04-01,M2,q90,B02_spline_1,0.0,True,False
2022-04-01,M2,q90,B02_spline_2,0.0,True,False
2022-04-01,M2,q90,B03_spline_0,-0.0015191255319548765,False,False
2022-04-01,M2,q90,B03_spline_1,0.0,True,False
2022-04-01,M2,q90,B03_spline_2,0.0,True,False
2022-04-01,M2,q90,C01_spline_0,-0.012107394255082976,False,False
2022-04-01,M2,q90,C01_spline_1,0.0,True,False
2022-04-01,M2,q90,C01_spline_2,0.0,True,False
2022-04-01,M2,q90,C02_spline_0,-0.002434572945186517,False,False
2022-04-01,M2,q90,C02_spline_1,0.0,True,False
2022-04-01,M2,q90,C02_spline_2,0.0026367028467308064,False,False
2022-04-01,M2,q90,C03_spline_0,0.0,True,False
2022-04-01,M2,q90,C03_spline_1,0.0,True,False
2022-04-01,M2,q90,C03_spline_2,0.0,True,False
2022-04-01,M2,q90,D01_spline_0,0.0,True,False
2022-04-01,M2,q90,D01_spline_1,0.0,True,False
2022-04-01,M2,q90,D01_spline_2,0.0,True,False
2022-04-01,M2,q90,D02_spline_0,0.006284375210365263,False,False
2022-04-01,M2,q90,D02_spline_1,0.0,True,False
2022-04-01,M2,q90,D02_spline_2,0.0,True,False
2022-04-01,M2,q90,D03_spline_0,0.0,True,False
2022-04-01,M2,q90,D03_spline_1,0.00562465647991443,False,False
2022-04-01,M2,q90,D03_spline_2,0.0,True,False
2022-04-01,M2,q90,E01_spline_0,0.0,True,False
2022-04-01,M2,q90,E01_spline_1,0.0,True,False
2022-04-01,M2,q90,E01_spline_2,0.010974021747677863,False,False
2022-04-01,M2,q90,F01_spline_0,-0.004057880872571273,False,False
2022-04-01,M2,q90,F01_spline_1,0.0,True,False
2022-04-01,M2,q90,F01_spline_2,0.0,True,False
2022-04-01,M2,q90,F02_spline_0,0.0,True,False
2022-04-01,M2,q90,F02_spline_1,0.0,True,False
2022-04-01,M2,q90,F02_spline_2,0.0,True,False
2022-04-01,M2,q90,F03_spline_0,0.0,True,False
2022-04-01,M2,q90,F03_spline_1,0.0,True,False
2022-04-01,M2,q90,F03_spline_2,0.0,True,False
2022-04-01,M2,q90,F04_spline_0,0.0072434531429171715,False,False
2022-04-01,M2,q90,F04_spline_1,0.0,True,False
2022-04-01,M2,q90,F04_spline_2,0.0,True,False
2022-04-01,M2,q90,I01,0.0,True,False
2022-04-01,M2,q90,I02,0.0,True,False
2022-04-01,M2,q90,I03,0.0,True,False
2022-04-01,M2,q90,I04,0.0,True,False
2022-04-01,M2,q90,I05,0.0,True,False
2022-04-01,M2,q90,I06,0.0,True,False
2022-04-01,M2,p10,A01_spline_0,0.5221776929586717,False,False
2022-04-01,M2,p10,A01_spline_1,0.0050191884749109725,False,False
2022-04-01,M2,p10,A01_spline_2,0.06894609623753283,False,False
2022-04-01,M2,p10,A02_spline_0,-0.21072643906587316,False,False
2022-04-01,M2,p10,A02_spline_1,0.020838404248322246,False,False
2022-04-01,M2,p10,A02_spline_2,-0.10453310957494934,False,False
2022-04-01,M2,p10,A03_spline_0,0.537796366911126,False,False
2022-04-01,M2,p10,A03_spline_1,-0.0804740398921707,False,False
2022-04-01,M2,p10,A03_spline_2,-0.10531041451249633,False,False
2022-04-01,M2,p10,A04_spline_0,-0.12391302075864083,False,False
2022-04-01,M2,p10,A04_spline_1,-0.16744748644074192,False,False
2022-04-01,M2,p10,A04_spline_2,0.11863348372109697,False,False
2022-04-01,M2,p10,A05_spline_0,0.03555860904399738,False,False
2022-04-01,M2,p10,A05_spline_1,-0.15712757290292462,False,False
2022-04-01,M2,p10,A05_spline_2,0.10280547032818103,False,False
2022-04-01,M2,p10,B01_spline_0,-0.05071949636952504,False,False
2022-04-01,M2,p10,B01_spline_1,0.005589543249967244,False,False
2022-04-01,M2,p10,B01_spline_2,0.11941815749251261,False,False
2022-04-01,M2,p10,B02_spline_0,0.046833454294172266,False,False
2022-04-01,M2,p10,B02_spline_1,0.00063377212103898,False,False
2022-04-01,M2,p10,B02_spline_2,-0.1417791411408101,False,False
2022-04-01,M2,p10,B03_spline_0,-0.4208895010462585,False,False
2022-04-01,M2,p10,B03_spline_1,-0.05188633587876338,False,False
2022-04-01,M2,p10,B03_spline_2,0.03939158609634108,False,False
2022-04-01,M2,p10,C01_spline_0,-0.3882353647736823,False,False
2022-04-01,M2,p10,C01_spline_1,0.3210467639416061,False,False
2022-04-01,M2,p10,C01_spline_2,0.06710673088856042,False,False
2022-04-01,M2,p10,C02_spline_0,-0.4055124579280568,False,False
2022-04-01,M2,p10,C02_spline_1,0.0003568024539340562,False,False
2022-04-01,M2,p10,C02_spline_2,0.27305590366652827,False,False
2022-04-01,M2,p10,C03_spline_0,0.013561990061324886,False,False
2022-04-01,M2,p10,C03_spline_1,0.10896485938152375,False,False
2022-04-01,M2,p10,C03_spline_2,-0.2075097935806573,False,False
2022-04-01,M2,p10,D01_spline_0,0.04195364291718647,False,False
2022-04-01,M2,p10,D01_spline_1,0.07120639714827469,False,False
2022-04-01,M2,p10,D01_spline_2,-0.04420368620878311,False,False
2022-04-01,M2,p10,D02_spline_0,0.11693179580178217,False,False
2022-04-01,M2,p10,D02_spline_1,0.010762944224555798,False,False
2022-04-01,M2,p10,D02_spline_2,0.009636736998314407,False,False
2022-04-01,M2,p10,D03_spline_0,-0.19998546555816085,False,False
2022-04-01,M2,p10,D03_spline_1,0.3232650530784885,False,False
2022-04-01,M2,p10,D03_spline_2,-0.17424416136980053,False,False
2022-04-01,M2,p10,E01_spline_0,0.0539315543695858,False,False
2022-04-01,M2,p10,E01_spline_1,-0.13131157502955185,False,False
2022-04-01,M2,p10,E01_spline_2,0.1516141820536376,False,False
2022-04-01,M2,p10,F01_spline_0,0.05059226069122741,False,False
2022-04-01,M2,p10,F01_spline_1,-0.33879282564262375,False,False
2022-04-01,M2,p10,F01_spline_2,0.17745193847204369,False,False
2022-04-01,M2,p10,F02_spline_0,-0.2032728788330619,False,False
2022-04-01,M2,p10,F02_spline_1,-0.055869661722144984,False,False
2022-04-01,M2,p10,F02_spline_2,-0.06617447974801201,False,False
2022-04-01,M2,p10,F03_spline_0,0.1763310837985236,False,False
2022-04-01,M2,p10,F03_spline_1,0.08332659100935239,False,False
2022-04-01,M2,p10,F03_spline_2,-0.06967132476479551,False,False
2022-04-01,M2,p10,F04_spline_0,0.2780839716406697,False,False
2022-04-01,M2,p10,F04_spline_1,-0.12073348876160359,False,False
2022-04-01,M2,p10,F04_spline_2,0.05956579296681626,False,False
2022-04-01,M2,p10,I01,-0.08928212655027988,False,False
2022-04-01,M2,p10,I02,0.1452674852387313,False,False
2022-04-01,M2,p10,I03,-0.025940422737447868,False,False
2022-04-01,M2,p10,I04,-0.08292466876559046,False,False
2022-04-01,M2,p10,I05,0.2624375301104739,False,False
2022-04-01,M2,p10,I06,0.046845962424570745,False,False
2022-05-02,M1,mu5,A01,0.00646040751399179,False,False
2022-05-02,M1,mu5,A02,-0.0020060705002309795,False,False
2022-05-02,M1,mu5,A03,0.0071508592749648684,False,False
2022-05-02,M1,mu5,A04,-0.0029713570808792013,False,False
2022-05-02,M1,mu5,A05,0.0018835080088572679,False,False
2022-05-02,M1,mu5,B01,0.004532833743061261,False,False
2022-05-02,M1,mu5,B02,0.005712637425989938,False,False
2022-05-02,M1,mu5,B03,-0.0007897526606303551,False,False
2022-05-02,M1,mu5,C01,0.002678263656558626,False,False
2022-05-02,M1,mu5,C02,0.004661674295073756,False,False
2022-05-02,M1,mu5,C03,-0.0005691445974655933,False,False
2022-05-02,M1,mu5,D01,-0.001092834364664028,False,False
2022-05-02,M1,mu5,D02,0.0002335758301855354,False,False
2022-05-02,M1,mu5,D03,0.0048569070154018896,False,False
2022-05-02,M1,mu5,E01,-0.0025492933255854976,False,False
2022-05-02,M1,mu5,F01,-0.0004076148639488748,False,False
2022-05-02,M1,mu5,F02,0.004769648718049428,False,False
2022-05-02,M1,mu5,F03,0.001434451220874333,False,False
2022-05-02,M1,mu5,F04,0.005247966224891298,False,False
2022-05-02,M1,q90,A01,-0.00030464623360831325,False,False
2022-05-02,M1,q90,A02,0.0,True,False
2022-05-02,M1,q90,A03,-0.011033419781476957,False,False
2022-05-02,M1,q90,A04,0.017412411905095487,False,False
2022-05-02,M1,q90,A05,0.0,True,False
2022-05-02,M1,q90,B01,0.0,True,False
2022-05-02,M1,q90,B02,0.0,True,False
2022-05-02,M1,q90,B03,0.0,True,False
2022-05-02,M1,q90,C01,0.0,True,False
2022-05-02,M1,q90,C02,0.0,True,False
2022-05-02,M1,q90,C03,0.0,True,False
2022-05-02,M1,q90,D01,0.00475057638040895,False,False
2022-05-02,M1,q90,D02,0.0,True,False
2022-05-02,M1,q90,D03,-0.010154556566636894,False,False
2022-05-02,M1,q90,E01,0.0006311288137713139,False,False
2022-05-02,M1,q90,F01,0.0,True,False
2022-05-02,M1,q90,F02,-0.003973152165978846,False,False
2022-05-02,M1,q90,F03,0.0,True,False
2022-05-02,M1,q90,F04,0.0,True,False
2022-05-02,M1,p10,A01,-0.181091949454099,False,False
2022-05-02,M1,p10,A02,0.03715808704329373,False,False
2022-05-02,M1,p10,A03,-0.31983581192588373,False,False
2022-05-02,M1,p10,A04,0.2242105755945042,False,False
2022-05-02,M1,p10,A05,0.10106921789902942,False,False
2022-05-02,M1,p10,B01,0.09555791937237232,False,False
2022-05-02,M1,p10,B02,-0.19315671750117777,False,False
2022-05-02,M1,p10,B03,0.30490548957446845,False,False
2022-05-02,M1,p10,C01,-0.04815494141250614,False,False
2022-05-02,M1,p10,C02,-0.06886928063335755,False,False
2022-05-02,M1,p10,C03,0.08446382798827937,False,False
2022-05-02,M1,p10,D01,0.1067992751627675,False,False
2022-05-02,M1,p10,D02,-0.1394239003788323,False,False
2022-05-02,M1,p10,D03,-0.307659664376202,False,False
2022-05-02,M1,p10,E01,0.1710865725595897,False,False
2022-05-02,M1,p10,F01,0.23753776128657225,False,False
2022-05-02,M1,p10,F02,-0.08003831413010852,False,False
2022-05-02,M1,p10,F03,-0.18314965076620196,False,False
2022-05-02,M1,p10,F04,-0.2757843655019184,False,False
2022-05-02,M2,mu5,A01_spline_0,-0.022068031415078355,False,False
2022-05-02,M2,mu5,A01_spline_1,0.0012535067688469385,False,False
2022-05-02,M2,mu5,A01_spline_2,-0.0007588326868257174,False,False
2022-05-02,M2,mu5,A02_spline_0,0.004929331314889785,False,False
2022-05-02,M2,mu5,A02_spline_1,0.003410101727782791,False,False
2022-05-02,M2,mu5,A02_spline_2,0.0063434764055135505,False,False
2022-05-02,M2,mu5,A03_spline_0,-0.010119285664257871,False,False
2022-05-02,M2,mu5,A03_spline_1,0.0036352953518794815,False,False
2022-05-02,M2,mu5,A03_spline_2,0.0009819444378018761,False,False
2022-05-02,M2,mu5,A04_spline_0,0.0013229124871347538,False,False
2022-05-02,M2,mu5,A04_spline_1,0.003595926587037758,False,False
2022-05-02,M2,mu5,A04_spline_2,-0.0011747235958204964,False,False
2022-05-02,M2,mu5,A05_spline_0,-0.005634530559695759,False,False
2022-05-02,M2,mu5,A05_spline_1,0.0027389239057604782,False,False
2022-05-02,M2,mu5,A05_spline_2,0.00016224045737174824,False,False
2022-05-02,M2,mu5,B01_spline_0,-0.004261139443514753,False,False
2022-05-02,M2,mu5,B01_spline_1,-0.003407533325342791,False,False
2022-05-02,M2,mu5,B01_spline_2,-1.7114810940495676e-05,False,False
2022-05-02,M2,mu5,B02_spline_0,-0.0006225216376892849,False,False
2022-05-02,M2,mu5,B02_spline_1,-0.0003522068196696881,False,False
2022-05-02,M2,mu5,B02_spline_2,0.002376738656442505,False,False
2022-05-02,M2,mu5,B03_spline_0,0.004947944499706468,False,False
2022-05-02,M2,mu5,B03_spline_1,0.00015600735487441685,False,False
2022-05-02,M2,mu5,B03_spline_2,0.0026853050985003895,False,False
2022-05-02,M2,mu5,C01_spline_0,0.004768487578908753,False,False
2022-05-02,M2,mu5,C01_spline_1,-0.00784878885719651,False,False
2022-05-02,M2,mu5,C01_spline_2,-0.00377233602442655,False,False
2022-05-02,M2,mu5,C02_spline_0,0.001041641584072299,False,False
2022-05-02,M2,mu5,C02_spline_1,-0.0037869477265815724,False,False
2022-05-02,M2,mu5,C02_spline_2,-0.004289813670671692,False,False
2022-05-02,M2,mu5,C03_spline_0,-0.0019334171102148145,False,False
2022-05-02,M2,mu5,C03_spline_1,-0.002694304917482573,False,False
2022-05-02,M2,mu5,C03_spline_2,0.0037363057686836875,False,False
2022-05-02,M2,mu5,D01_spline_0,-0.0040944925160910335,False,False
2022-05-02,M2,mu5,D01_spline_1,0.0010419754872159639,False,False
2022-05-02,M2,mu5,D01_spline_2,-0.0034064257775457624,False,False
2022-05-02,M2,mu5,D02_spline_0,-0.0007439425358164455,False,False
2022-05-02,M2,mu5,D02_spline_1,-0.0013619251543377756,False,False
2022-05-02,M2,mu5,D02_spline_2,-0.004047689093856347,False,False
2022-05-02,M2,mu5,D03_spline_0,0.002111888990055993,False,False
2022-05-02,M2,mu5,D03_spline_1,-0.004149306661766355,False,False
2022-05-02,M2,mu5,D03_spline_2,0.0008744978129185362,False,False
2022-05-02,M2,mu5,E01_spline_0,0.001874556024767699,False,False
2022-05-02,M2,mu5,E01_spline_1,0.0013449002582799413,False,False
2022-05-02,M2,mu5,E01_spline_2,-0.006520486340183051,False,False
2022-05-02,M2,mu5,F01_spline_0,-0.0023911884347932173,False,False
2022-05-02,M2,mu5,F01_spline_1,0.0019386763231301692,False,False
2022-05-02,M2,mu5,F01_spline_2,-0.0009927232736342776,False,False
2022-05-02,M2,mu5,F02_spline_0,0.004798188331149658,False,False
2022-05-02,M2,mu5,F02_spline_1,-0.004832915166364064,False,False
2022-05-02,M2,mu5,F02_spline_2,0.0025548489825872253,False,False
2022-05-02,M2,mu5,F03_spline_0,-0.0015430370218404237,False,False
2022-05-02,M2,mu5,F03_spline_1,-0.0012298085876149604,False,False
2022-05-02,M2,mu5,F03_spline_2,0.0009948274756793481,False,False
2022-05-02,M2,mu5,F04_spline_0,-0.006801147492322046,False,False
2022-05-02,M2,mu5,F04_spline_1,-0.0005948039085843706,False,False
2022-05-02,M2,mu5,F04_spline_2,-0.00011427704583284932,False,False
2022-05-02,M2,mu5,I01,7.729332825778888e-05,False,False
2022-05-02,M2,mu5,I02,0.0035440784736574787,False,False
2022-05-02,M2,mu5,I03,0.0012550849107959366,False,False
2022-05-02,M2,mu5,I04,0.0015184413865255127,False,False
2022-05-02,M2,mu5,I05,-0.010344525722633328,False,False
2022-05-02,M2,mu5,I06,-0.0038422018317280787,False,False
2022-05-02,M2,q90,A01_spline_0,0.03059314694602697,False,False
2022-05-02,M2,q90,A01_spline_1,0.0,True,False
2022-05-02,M2,q90,A01_spline_2,0.0,True,False
2022-05-02,M2,q90,A02_spline_0,-0.0016934567794592323,False,False
2022-05-02,M2,q90,A02_spline_1,0.0,True,False
2022-05-02,M2,q90,A02_spline_2,0.0,True,False
2022-05-02,M2,q90,A03_spline_0,0.006625311176006925,False,False
2022-05-02,M2,q90,A03_spline_1,0.0,True,False
2022-05-02,M2,q90,A03_spline_2,0.0,True,False
2022-05-02,M2,q90,A04_spline_0,0.0,True,False
2022-05-02,M2,q90,A04_spline_1,0.0,True,False
2022-05-02,M2,q90,A04_spline_2,0.0,True,False
2022-05-02,M2,q90,A05_spline_0,0.0022736252730192856,False,False
2022-05-02,M2,q90,A05_spline_1,0.0,True,False
2022-05-02,M2,q90,A05_spline_2,0.0,True,False
2022-05-02,M2,q90,B01_spline_0,0.0,True,False
2022-05-02,M2,q90,B01_spline_1,0.0,True,False
2022-05-02,M2,q90,B01_spline_2,0.0,True,False
2022-05-02,M2,q90,B02_spline_0,0.0,True,False
2022-05-02,M2,q90,B02_spline_1,0.0,True,False
2022-05-02,M2,q90,B02_spline_2,0.0,True,False
2022-05-02,M2,q90,B03_spline_0,-0.001318780794353703,False,False
2022-05-02,M2,q90,B03_spline_1,0.0,True,False
2022-05-02,M2,q90,B03_spline_2,0.0,True,False
2022-05-02,M2,q90,C01_spline_0,-0.013110205095013271,False,False
2022-05-02,M2,q90,C01_spline_1,0.0,True,False
2022-05-02,M2,q90,C01_spline_2,0.0,True,False
2022-05-02,M2,q90,C02_spline_0,-0.0022876482292290734,False,False
2022-05-02,M2,q90,C02_spline_1,0.0,True,False
2022-05-02,M2,q90,C02_spline_2,0.0,True,False
2022-05-02,M2,q90,C03_spline_0,0.0,True,False
2022-05-02,M2,q90,C03_spline_1,0.0,True,False
2022-05-02,M2,q90,C03_spline_2,0.0,True,False
2022-05-02,M2,q90,D01_spline_0,0.0,True,False
2022-05-02,M2,q90,D01_spline_1,0.0,True,False
2022-05-02,M2,q90,D01_spline_2,0.0,True,False
2022-05-02,M2,q90,D02_spline_0,0.005550957082389643,False,False
2022-05-02,M2,q90,D02_spline_1,0.0,True,False
2022-05-02,M2,q90,D02_spline_2,0.0,True,False
2022-05-02,M2,q90,D03_spline_0,0.0,True,False
2022-05-02,M2,q90,D03_spline_1,0.002401680986436478,False,False
2022-05-02,M2,q90,D03_spline_2,0.0,True,False
2022-05-02,M2,q90,E01_spline_0,0.0,True,False
2022-05-02,M2,q90,E01_spline_1,0.0,True,False
2022-05-02,M2,q90,E01_spline_2,0.009006729296588476,False,False
2022-05-02,M2,q90,F01_spline_0,-0.005888119090388612,False,False
2022-05-02,M2,q90,F01_spline_1,0.0,True,False
2022-05-02,M2,q90,F01_spline_2,0.0,True,False
2022-05-02,M2,q90,F02_spline_0,0.0,True,False
2022-05-02,M2,q90,F02_spline_1,0.0,True,False
2022-05-02,M2,q90,F02_spline_2,0.0,True,False
2022-05-02,M2,q90,F03_spline_0,0.0,True,False
2022-05-02,M2,q90,F03_spline_1,0.0,True,False
2022-05-02,M2,q90,F03_spline_2,0.0,True,False
2022-05-02,M2,q90,F04_spline_0,0.007404547704424973,False,False
2022-05-02,M2,q90,F04_spline_1,0.0,True,False
2022-05-02,M2,q90,F04_spline_2,-0.004972695654832535,False,False
2022-05-02,M2,q90,I01,0.0,True,False
2022-05-02,M2,q90,I02,0.0,True,False
2022-05-02,M2,q90,I03,0.0,True,False
2022-05-02,M2,q90,I04,0.0,True,False
2022-05-02,M2,q90,I05,0.0,True,False
2022-05-02,M2,q90,I06,0.0,True,False
2022-05-02,M2,p10,A01_spline_0,0.5017161105293749,False,False
2022-05-02,M2,p10,A01_spline_1,-0.0412134482139173,False,False
2022-05-02,M2,p10,A01_spline_2,0.13263156571467513,False,False
2022-05-02,M2,p10,A02_spline_0,-0.1928319211452185,False,False
2022-05-02,M2,p10,A02_spline_1,-0.024840706085306075,False,False
2022-05-02,M2,p10,A02_spline_2,-0.06726493460647916,False,False
2022-05-02,M2,p10,A03_spline_0,0.5290644349200754,False,False
2022-05-02,M2,p10,A03_spline_1,-0.06225938099169564,False,False
2022-05-02,M2,p10,A03_spline_2,-0.10620274037068941,False,False
2022-05-02,M2,p10,A04_spline_0,-0.11134872792125067,False,False
2022-05-02,M2,p10,A04_spline_1,-0.15171239483941865,False,False
2022-05-02,M2,p10,A04_spline_2,0.09858587042689407,False,False
2022-05-02,M2,p10,A05_spline_0,0.16793093924482294,False,False
2022-05-02,M2,p10,A05_spline_1,-0.21471349184960287,False,False
2022-05-02,M2,p10,A05_spline_2,0.079680582438381,False,False
2022-05-02,M2,p10,B01_spline_0,-0.07946177356500553,False,False
2022-05-02,M2,p10,B01_spline_1,-0.03320648332504877,False,False
2022-05-02,M2,p10,B01_spline_2,0.16916392754876372,False,False
2022-05-02,M2,p10,B02_spline_0,0.06365426624900729,False,False
2022-05-02,M2,p10,B02_spline_1,-0.03159671288417451,False,False
2022-05-02,M2,p10,B02_spline_2,-0.09540456856067836,False,False
2022-05-02,M2,p10,B03_spline_0,-0.45219609894677193,False,False
2022-05-02,M2,p10,B03_spline_1,0.011205257063854336,False,False
2022-05-02,M2,p10,B03_spline_2,3.466182862134141e-05,False,False
2022-05-02,M2,p10,C01_spline_0,-0.398407216153175,False,False
2022-05-02,M2,p10,C01_spline_1,0.3755435428238348,False,False
2022-05-02,M2,p10,C01_spline_2,0.029301447009490708,False,False
2022-05-02,M2,p10,C02_spline_0,-0.3234694547737201,False,False
2022-05-02,M2,p10,C02_spline_1,0.053545191644968626,False,False
2022-05-02,M2,p10,C02_spline_2,0.19280521299455272,False,False
2022-05-02,M2,p10,C03_spline_0,-0.02029003206401575,False,False
2022-05-02,M2,p10,C03_spline_1,0.09841504386329233,False,False
2022-05-02,M2,p10,C03_spline_2,-0.19028220832446074,False,False
2022-05-02,M2,p10,D01_spline_0,0.04461249805643409,False,False
2022-05-02,M2,p10,D01_spline_1,0.04559118679576829,False,False
2022-05-02,M2,p10,D01_spline_2,-0.009716672841802998,False,False
2022-05-02,M2,p10,D02_spline_0,0.10532348853460223,False,False
2022-05-02,M2,p10,D02_spline_1,0.02945182793629818,False,False
2022-05-02,M2,p10,D02_spline_2,-0.011355725213156765,False,False
2022-05-02,M2,p10,D03_spline_0,-0.17985726677490735,False,False
2022-05-02,M2,p10,D03_spline_1,0.27802830491911334,False,False
2022-05-02,M2,p10,D03_spline_2,-0.1057412517849059,False,False
2022-05-02,M2,p10,E01_spline_0,0.06682566429014096,False,False
2022-05-02,M2,p10,E01_spline_1,-0.12774437966452096,False,False
2022-05-02,M2,p10,E01_spline_2,0.1376621578855702,False,False
2022-05-02,M2,p10,F01_spline_0,0.03714482628159555,False,False
2022-05-02,M2,p10,F01_spline_1,-0.3230322798681579,False,False
2022-05-02,M2,p10,F01_spline_2,0.17261871623368777,False,False
2022-05-02,M2,p10,F02_spline_0,-0.21938199478065545,False,False
2022-05-02,M2,p10,F02_spline_1,0.09364488045257066,False,False
2022-05-02,M2,p10,F02_spline_2,-0.044699037774541414,False,False
2022-05-02,M2,p10,F03_spline_0,0.1868722109192485,False,False
2022-05-02,M2,p10,F03_spline_1,0.05901977449361426,False,False
2022-05-02,M2,p10,F03_spline_2,-0.06627565468985698,False,False
2022-05-02,M2,p10,F04_spline_0,0.29867118727997705,False,False
2022-05-02,M2,p10,F04_spline_1,-0.055997179124863544,False,False
2022-05-02,M2,p10,F04_spline_2,-0.014021333328647132,False,False
2022-05-02,M2,p10,I01,-0.12393092956081467,False,False
2022-05-02,M2,p10,I02,0.128697921200499,False,False
2022-05-02,M2,p10,I03,-0.009347422305834116,False,False
2022-05-02,M2,p10,I04,-0.057119397073587055,False,False
2022-05-02,M2,p10,I05,0.27610666439594866,False,False
2022-05-02,M2,p10,I06,0.022494380926175114,False,False
2022-06-01,M1,mu5,A01,0.006466188743797527,False,False
2022-06-01,M1,mu5,A02,-0.001978104982752242,False,False
2022-06-01,M1,mu5,A03,0.007171679436520492,False,False
2022-06-01,M1,mu5,A04,-0.002992868666764422,False,False
2022-06-01,M1,mu5,A05,0.0018248580780894736,False,False
2022-06-01,M1,mu5,B01,0.004619178786321123,False,False
2022-06-01,M1,mu5,B02,0.0054979172960895745,False,False
2022-06-01,M1,mu5,B03,-0.0007485252429512085,False,False
2022-06-01,M1,mu5,C01,0.00236595816164211,False,False
2022-06-01,M1,mu5,C02,0.004654194070206148,False,False
2022-06-01,M1,mu5,C03,-0.0005103147801570493,False,False
2022-06-01,M1,mu5,D01,-0.001202370943817209,False,False
2022-06-01,M1,mu5,D02,0.00037255825662701255,False,False
2022-06-01,M1,mu5,D03,0.004768474474712221,False,False
2022-06-01,M1,mu5,E01,-0.002466190697579622,False,False
2022-06-01,M1,mu5,F01,-0.0006063159140495436,False,False
2022-06-01,M1,mu5,F02,0.0048855269872601905,False,False
2022-06-01,M1,mu5,F03,0.0014176426561808653,False,False
2022-06-01,M1,mu5,F04,0.005673218582239632,False,False
2022-06-01,M1,q90,A01,-0.0009576519177541785,False,False
2022-06-01,M1,q90,A02,0.0,True,False
2022-06-01,M1,q90,A03,-0.012001765214849316,False,False
2022-06-01,M1,q90,A04,0.01712705152060352,False,False
2022-06-01,M1,q90,A05,0.0,True,False
2022-06-01,M1,q90,B01,0.0,True,False
2022-06-01,M1,q90,B02,0.0,True,False
2022-06-01,M1,q90,B03,0.0,True,False
2022-06-01,M1,q90,C01,0.0,True,False
2022-06-01,M1,q90,C02,0.0,True,False
2022-06-01,M1,q90,C03,0.0,True,False
2022-06-01,M1,q90,D01,0.0012796622874714856,False,False
2022-06-01,M1,q90,D02,0.0,True,False
2022-06-01,M1,q90,D03,-0.010879834378839508,False,False
2022-06-01,M1,q90,E01,0.0,True,False
2022-06-01,M1,q90,F01,0.0,True,False
2022-06-01,M1,q90,F02,-0.007139756007083284,False,False
2022-06-01,M1,q90,F03,0.0,True,False
2022-06-01,M1,q90,F04,0.0,True,False
2022-06-01,M1,p10,A01,-0.18857526641157765,False,False
2022-06-01,M1,p10,A02,0.025363406987248555,False,False
2022-06-01,M1,p10,A03,-0.3282981865078181,False,False
2022-06-01,M1,p10,A04,0.22750209564029367,False,False
2022-06-01,M1,p10,A05,0.09804192722535303,False,False
2022-06-01,M1,p10,B01,0.08168980163763777,False,False
2022-06-01,M1,p10,B02,-0.18030586487561626,False,False
2022-06-01,M1,p10,B03,0.312419712210105,False,False
2022-06-01,M1,p10,C01,-0.03330545308582395,False,False
2022-06-01,M1,p10,C02,-0.07382159716005415,False,False
2022-06-01,M1,p10,C03,0.04935454302187687,False,False
2022-06-01,M1,p10,D01,0.11374368875474981,False,False
2022-06-01,M1,p10,D02,-0.14530256577436143,False,False
2022-06-01,M1,p10,D03,-0.3137026460390072,False,False
2022-06-01,M1,p10,E01,0.17729254383428716,False,False
2022-06-01,M1,p10,F01,0.24809244353240162,False,False
2022-06-01,M1,p10,F02,-0.07948185427623176,False,False
2022-06-01,M1,p10,F03,-0.1835029444092265,False,False
2022-06-01,M1,p10,F04,-0.2844512250266419,False,False
2022-06-01,M2,mu5,A01_spline_0,-0.02199197875754811,False,False
2022-06-01,M2,mu5,A01_spline_1,0.001349828665255556,False,False
2022-06-01,M2,mu5,A01_spline_2,-0.000797378481332938,False,False
2022-06-01,M2,mu5,A02_spline_0,0.005047631348340489,False,False
2022-06-01,M2,mu5,A02_spline_1,0.0033070528722240586,False,False
2022-06-01,M2,mu5,A02_spline_2,0.006266017539960407,False,False
2022-06-01,M2,mu5,A03_spline_0,-0.009633153194434592,False,False
2022-06-01,M2,mu5,A03_spline_1,0.003317826561209311,False,False
2022-06-01,M2,mu5,A03_spline_2,0.001001931364153422,False,False
2022-06-01,M2,mu5,A04_spline_0,0.001288769412674167,False,False
2022-06-01,M2,mu5,A04_spline_1,0.003559691885782989,False,False
2022-06-01,M2,mu5,A04_spline_2,-0.0011590921398142362,False,False
2022-06-01,M2,mu5,A05_spline_0,-0.005541657431639219,False,False
2022-06-01,M2,mu5,A05_spline_1,0.0026694970582255744,False,False
2022-06-01,M2,mu5,A05_spline_2,-0.00021131584384614672,False,False
2022-06-01,M2,mu5,B01_spline_0,-0.004392516623224909,False,False
2022-06-01,M2,mu5,B01_spline_1,-0.003359796863558166,False,False
2022-06-01,M2,mu5,B01_spline_2,3.4714996152537553e-05,False,False
2022-06-01,M2,mu5,B02_spline_0,-0.0006779996779121458,False,False
2022-06-01,M2,mu5,B02_spline_1,-0.00013133892000960967,False,False
2022-06-01,M2,mu5,B02_spline_2,0.002365935433003667,False,False
2022-06-01,M2,mu5,B03_spline_0,0.0049507789958693465,False,False
2022-06-01,M2,mu5,B03_spline_1,7.591727768028545e-05,False,False
2022-06-01,M2,mu5,B03_spline_2,0.00260878786183114,False,False
2022-06-01,M2,mu5,C01_spline_0,0.004739662879231825,False,False
2022-06-01,M2,mu5,C01_spline_1,-0.007777073336016211,False,False
2022-06-01,M2,mu5,C01_spline_2,-0.00397500001530664,False,False
2022-06-01,M2,mu5,C02_spline_0,0.001401365807273966,False,False
2022-06-01,M2,mu5,C02_spline_1,-0.003982130247504693,False,False
2022-06-01,M2,mu5,C02_spline_2,-0.0044874694825795345,False,False
2022-06-01,M2,mu5,C03_spline_0,-0.002304661256413542,False,False
2022-06-01,M2,mu5,C03_spline_1,-0.0025648136300152873,False,False
2022-06-01,M2,mu5,C03_spline_2,0.003642137951692088,False,False
2022-06-01,M2,mu5,D01_spline_0,-0.003958998406100653,False,False
2022-06-01,M2,mu5,D01_spline_1,0.0014564968872916291,False,False
2022-06-01,M2,mu5,D01_spline_2,-0.0037756259030044237,False,False
2022-06-01,M2,mu5,D02_spline_0,-0.0005887648043498088,False,False
2022-06-01,M2,mu5,D02_spline_1,-0.0013659539189679435,False,False
2022-06-01,M2,mu5,D02_spline_2,-0.003911798474180092,False,False
2022-06-01,M2,mu5,D03_spline_0,0.0019523464390289998,False,False
2022-06-01,M2,mu5,D03_spline_1,-0.003716816040009209,False,False
2022-06-01,M2,mu5,D03_spline_2,0.0010359065655973227,False,False
2022-06-01,M2,mu5,E01_spline_0,0.001290147286055592,False,False
2022-06-01,M2,mu5,E01_spline_1,0.0014683714118720824,False,False
2022-06-01,M2,mu5,E01_spline_2,-0.006805625829546245,False,False
2022-06-01,M2,mu5,F01_spline_0,-0.001996936425049745,False,False
2022-06-01,M2,mu5,F01_spline_1,0.0018643566711871447,False,False
2022-06-01,M2,mu5,F01_spline_2,-0.0010263097307669636,False,False
2022-06-01,M2,mu5,F02_spline_0,0.004424878331402522,False,False
2022-06-01,M2,mu5,F02_spline_1,-0.0050535573793838075,False,False
2022-06-01,M2,mu5,F02_spline_2,0.0028417014991632137,False,False
2022-06-01,M2,mu5,F03_spline_0,-0.0016197924987802438,False,False
2022-06-01,M2,mu5,F03_spline_1,-0.0010484655879948962,False,False
2022-06-01,M2,mu5,F03_spline_2,0.0007940494673792143,False,False
2022-06-01,M2,mu5,F04_spline_0,-0.006792351118855443,False,False
2022-06-01,M2,mu5,F04_spline_1,-0.0008272109975209,False,False
2022-06-01,M2,mu5,F04_spline_2,0.00016724298992356799,False,False
2022-06-01,M2,mu5,I01,-5.5146163949021734e-05,False,False
2022-06-01,M2,mu5,I02,0.0034035947132445843,False,False
2022-06-01,M2,mu5,I03,0.0012320115962548188,False,False
2022-06-01,M2,mu5,I04,0.0008720927993244643,False,False
2022-06-01,M2,mu5,I05,-0.010341989771781412,False,False
2022-06-01,M2,mu5,I06,-0.003948886074307984,False,False
2022-06-01,M2,q90,A01_spline_0,0.02991458540750025,False,False
2022-06-01,M2,q90,A01_spline_1,0.0,True,False
2022-06-01,M2,q90,A01_spline_2,0.0,True,False
2022-06-01,M2,q90,A02_spline_0,-0.0017117355119978784,False,False
2022-06-01,M2,q90,A02_spline_1,0.0,True,False
2022-06-01,M2,q90,A02_spline_2,0.0,True,False
2022-06-01,M2,q90,A03_spline_0,0.0064931885294839215,False,False
2022-06-01,M2,q90,A03_spline_1,0.0,True,False
2022-06-01,M2,q90,A03_spline_2,0.0,True,False
2022-06-01,M2,q90,A04_spline_0,0.0,True,False
2022-06-01,M2,q90,A04_spline_1,0.0,True,False
2022-06-01,M2,q90,A04_spline_2,0.0,True,False
2022-06-01,M2,q90,A05_spline_0,0.0024456984846618073,False,False
2022-06-01,M2,q90,A05_spline_1,0.0,True,False
2022-06-01,M2,q90,A05_spline_2,0.0,True,False
2022-06-01,M2,q90,B01_spline_0,0.0,True,False
2022-06-01,M2,q90,B01_spline_1,0.0,True,False
2022-06-01,M2,q90,B01_spline_2,0.0,True,False
2022-06-01,M2,q90,B02_spline_0,0.0,True,False
2022-06-01,M2,q90,B02_spline_1,0.0,True,False
2022-06-01,M2,q90,B02_spline_2,0.0,True,False
2022-06-01,M2,q90,B03_spline_0,-0.0013954643191079429,False,False
2022-06-01,M2,q90,B03_spline_1,0.0,True,False
2022-06-01,M2,q90,B03_spline_2,0.0,True,False
2022-06-01,M2,q90,C01_spline_0,-0.013023578277489544,False,False
2022-06-01,M2,q90,C01_spline_1,0.0,True,False
2022-06-01,M2,q90,C01_spline_2,0.0,True,False
2022-06-01,M2,q90,C02_spline_0,-0.002413173282723072,False,False
2022-06-01,M2,q90,C02_spline_1,0.0,True,False
2022-06-01,M2,q90,C02_spline_2,0.0,True,False
2022-06-01,M2,q90,C03_spline_0,0.0,True,False
2022-06-01,M2,q90,C03_spline_1,0.0,True,False
2022-06-01,M2,q90,C03_spline_2,0.0,True,False
2022-06-01,M2,q90,D01_spline_0,0.0,True,False
2022-06-01,M2,q90,D01_spline_1,0.0,True,False
2022-06-01,M2,q90,D01_spline_2,0.0,True,False
2022-06-01,M2,q90,D02_spline_0,0.00565722384164639,False,False
2022-06-01,M2,q90,D02_spline_1,0.0,True,False
2022-06-01,M2,q90,D02_spline_2,0.0,True,False
2022-06-01,M2,q90,D03_spline_0,0.0,True,False
2022-06-01,M2,q90,D03_spline_1,0.0014283493468320503,False,False
2022-06-01,M2,q90,D03_spline_2,0.0,True,False
2022-06-01,M2,q90,E01_spline_0,0.0,True,False
2022-06-01,M2,q90,E01_spline_1,0.0,True,False
2022-06-01,M2,q90,E01_spline_2,0.008410733318719164,False,False
2022-06-01,M2,q90,F01_spline_0,-0.006025311471393763,False,False
2022-06-01,M2,q90,F01_spline_1,0.0,True,False
2022-06-01,M2,q90,F01_spline_2,0.0,True,False
2022-06-01,M2,q90,F02_spline_0,0.0,True,False
2022-06-01,M2,q90,F02_spline_1,0.0,True,False
2022-06-01,M2,q90,F02_spline_2,0.0,True,False
2022-06-01,M2,q90,F03_spline_0,0.0,True,False
2022-06-01,M2,q90,F03_spline_1,0.0,True,False
2022-06-01,M2,q90,F03_spline_2,0.0,True,False
2022-06-01,M2,q90,F04_spline_0,0.007669162093804841,False,False
2022-06-01,M2,q90,F04_spline_1,0.0,True,False
2022-06-01,M2,q90,F04_spline_2,-0.004663643590173883,False,False
2022-06-01,M2,q90,I01,0.0,True,False
2022-06-01,M2,q90,I02,0.0,True,False
2022-06-01,M2,q90,I03,0.0,True,False
2022-06-01,M2,q90,I04,0.0,True,False
2022-06-01,M2,q90,I05,0.0,True,False
2022-06-01,M2,q90,I06,0.0,True,False
2022-06-01,M2,p10,A01_spline_0,0.4839179365800969,False,False
2022-06-01,M2,p10,A01_spline_1,-0.04455977142693479,False,False
2022-06-01,M2,p10,A01_spline_2,0.14055407809759762,False,False
2022-06-01,M2,p10,A02_spline_0,-0.18649646532086675,False,False
2022-06-01,M2,p10,A02_spline_1,-0.019651310957800417,False,False
2022-06-01,M2,p10,A02_spline_2,-0.05975659903874322,False,False
2022-06-01,M2,p10,A03_spline_0,0.5269635256523537,False,False
2022-06-01,M2,p10,A03_spline_1,-0.05235908439847841,False,False
2022-06-01,M2,p10,A03_spline_2,-0.11479057965531367,False,False
2022-06-01,M2,p10,A04_spline_0,-0.1438163292786172,False,False
2022-06-01,M2,p10,A04_spline_1,-0.14553884700941166,False,False
2022-06-01,M2,p10,A04_spline_2,0.10069270534353571,False,False
2022-06-01,M2,p10,A05_spline_0,0.15467867422194137,False,False
2022-06-01,M2,p10,A05_spline_1,-0.19905581463648522,False,False
2022-06-01,M2,p10,A05_spline_2,0.08211866059407714,False,False
2022-06-01,M2,p10,B01_spline_0,-0.07676745329456454,False,False
2022-06-01,M2,p10,B01_spline_1,-0.03128796215355153,False,False
2022-06-01,M2,p10,B01_spline_2,0.16430740692545098,False,False
2022-06-01,M2,p10,B02_spline_0,0.06020806138936088,False,False
2022-06-01,M2,p10,B02_spline_1,-0.050134591733303376,False,False
2022-06-01,M2,p10,B02_spline_2,-0.09047593749891325,False,False
2022-06-01,M2,p10,B03_spline_0,-0.4516551700912733,False,False
2022-06-01,M2,p10,B03_spline_1,0.009300506057500135,False,False
2022-06-01,M2,p10,B03_spline_2,0.007663298953973146,False,False
2022-06-01,M2,p10,C01_spline_0,-0.40106932799027595,False,False
2022-06-01,M2,p10,C01_spline_1,0.3612144686949384,False,False
2022-06-01,M2,p10,C01_spline_2,0.03916099594776931,False,False
2022-06-01,M2,p10,C02_spline_0,-0.3273253039958701,False,False
2022-06-01,M2,p10,C02_spline_1,0.0525002873057588,False,False
2022-06-01,M2,p10,C02_spline_2,0.1754492684150273,False,False
2022-06-01,M2,p10,C03_spline_0,-0.007829918320014622,False,False
2022-06-01,M2,p10,C03_spline_1,0.12248732435898961,False,False
2022-06-01,M2,p10,C03_spline_2,-0.22346916327165198,False,False
2022-06-01,M2,p10,D01_spline_0,0.05156274736845451,False,False
2022-06-01,M2,p10,D01_spline_1,0.022522243429336262,False,False
2022-06-01,M2,p10,D01_spline_2,0.004686671217136728,False,False
2022-06-01,M2,p10,D02_spline_0,0.10775066414741728,False,False
2022-06-01,M2,p10,D02_spline_1,0.030322162000108836,False,False
2022-06-01,M2,p10,D02_spline_2,-0.012882636012664272,False,False
2022-06-01,M2,p10,D03_spline_0,-0.17103446701190345,False,False
2022-06-01,M2,p10,D03_spline_1,0.25181492447474985,False,False
2022-06-01,M2,p10,D03_spline_2,-0.11719350230862889,False,False
2022-06-01,M2,p10,E01_spline_0,0.05891918266368431,False,False
2022-06-01,M2,p10,E01_spline_1,-0.13521700631563635,False,False
2022-06-01,M2,p10,E01_spline_2,0.14904735614146605,False,False
2022-06-01,M2,p10,F01_spline_0,0.028254755387284,False,False
2022-06-01,M2,p10,F01_spline_1,-0.3122655242300486,False,False
2022-06-01,M2,p10,F01_spline_2,0.17357777434434904,False,False
2022-06-01,M2,p10,F02_spline_0,-0.20599081922907722,False,False
2022-06-01,M2,p10,F02_spline_1,0.12516711272135495,False,False
2022-06-01,M2,p10,F02_spline_2,-0.05785425490491739,False,False
2022-06-01,M2,p10,F03_spline_0,0.19826000340505606,False,False
2022-06-01,M2,p10,F03_spline_1,0.05323928156493353,False,False
2022-06-01,M2,p10,F03_spline_2,-0.04748644840326661,False,False
2022-06-01,M2,p10,F04_spline_0,0.30749685484509176,False,False
2022-06-01,M2,p10,F04_spline_1,-0.04837753191938427,False,False
2022-06-01,M2,p10,F04_spline_2,-0.025500997811061122,False,False
2022-06-01,M2,p10,I01,-0.12665027047421296,False,False
2022-06-01,M2,p10,I02,0.08226782235339129,False,False
2022-06-01,M2,p10,I03,-0.0048274494988727375,False,False
2022-06-01,M2,p10,I04,-0.04183741305023234,False,False
2022-06-01,M2,p10,I05,0.2794321374560969,False,False
2022-06-01,M2,p10,I06,0.015064953142032381,False,False
2022-07-01,M1,mu5,A01,0.006824394735198834,False,False
2022-07-01,M1,mu5,A02,-0.001808937946209549,False,False
2022-07-01,M1,mu5,A03,0.006968769789633233,False,False
2022-07-01,M1,mu5,A04,-0.0032767655393644572,False,False
2022-07-01,M1,mu5,A05,0.002640830925833689,False,False
2022-07-01,M1,mu5,B01,0.004223542911254359,False,False
2022-07-01,M1,mu5,B02,0.0049038708657309716,False,False
2022-07-01,M1,mu5,B03,-0.00041388300758369407,False,False
2022-07-01,M1,mu5,C01,0.0028413676182944755,False,False
2022-07-01,M1,mu5,C02,0.005022047236330332,False,False
2022-07-01,M1,mu5,C03,-0.0005559062906725413,False,False
2022-07-01,M1,mu5,D01,-0.0012834617676114669,False,False
2022-07-01,M1,mu5,D02,-0.0001231317315598853,False,False
2022-07-01,M1,mu5,D03,0.004705477588052926,False,False
2022-07-01,M1,mu5,E01,-0.002503648438800688,False,False
2022-07-01,M1,mu5,F01,-0.0007432396927118482,False,False
2022-07-01,M1,mu5,F02,0.003404308965105578,False,False
2022-07-01,M1,mu5,F03,0.0013425113111207303,False,False
2022-07-01,M1,mu5,F04,0.005514691958320379,False,False
2022-07-01,M1,q90,A01,0.0,True,False
2022-07-01,M1,q90,A02,0.0,True,False
2022-07-01,M1,q90,A03,-0.01002272374214514,False,False
2022-07-01,M1,q90,A04,0.01822537017282841,False,False
2022-07-01,M1,q90,A05,0.0,True,False
2022-07-01,M1,q90,B01,0.0,True,False
2022-07-01,M1,q90,B02,0.0,True,False
2022-07-01,M1,q90,B03,0.0,True,False
2022-07-01,M1,q90,C01,0.0,True,False
2022-07-01,M1,q90,C02,0.0,True,False
2022-07-01,M1,q90,C03,0.0,True,False
2022-07-01,M1,q90,D01,0.007317126350407952,False,False
2022-07-01,M1,q90,D02,0.0,True,False
2022-07-01,M1,q90,D03,-0.007815986099268287,False,False
2022-07-01,M1,q90,E01,0.0016467281913050585,False,False
2022-07-01,M1,q90,F01,0.0,True,False
2022-07-01,M1,q90,F02,0.0,True,False
2022-07-01,M1,q90,F03,0.0,True,False
2022-07-01,M1,q90,F04,0.0,True,False
2022-07-01,M1,p10,A01,-0.1704551573096692,False,False
2022-07-01,M1,p10,A02,0.031099154048549963,False,False
2022-07-01,M1,p10,A03,-0.3097349598301489,False,False
2022-07-01,M1,p10,A04,0.23006238685300318,False,False
2022-07-01,M1,p10,A05,0.0458357302644045,False,False
2022-07-01,M1,p10,B01,0.15988914012648267,False,False
2022-07-01,M1,p10,B02,-0.13694816565397483,False,False
2022-07-01,M1,p10,B03,0.27471682182071683,False,False
2022-07-01,M1,p10,C01,-0.1321533713176354,False,False
2022-07-01,M1,p10,C02,-0.09093486513815818,False,False
2022-07-01,M1,p10,C03,0.05266150276199948,False,False
2022-07-01,M1,p10,D01,0.13318230085582008,False,False
2022-07-01,M1,p10,D02,-0.07429174790691014,False,False
2022-07-01,M1,p10,D03,-0.2576084714804856,False,False
2022-07-01,M1,p10,E01,0.17010794879497754,False,False
2022-07-01,M1,p10,F01,0.21980079741286576,False,False
2022-07-01,M1,p10,F02,0.03219590726675366,False,False
2022-07-01,M1,p10,F03,-0.16961324566695066,False,False
2022-07-01,M1,p10,F04,-0.28434188348777745,False,False
2022-07-01,M2,mu5,A01_spline_0,-0.02212463316231121,False,False
2022-07-01,M2,mu5,A01_spline_1,0.0014386310610785753,False,False
2022-07-01,M2,mu5,A01_spline_2,-0.0008355803855003084,False,False
2022-07-01,M2,mu5,A02_spline_0,0.004762524667658636,False,False
2022-07-01,M2,mu5,A02_spline_1,0.0033360032553873395,False,False
2022-07-01,M2,mu5,A02_spline_2,0.005934272318281407,False,False
2022-07-01,M2,mu5,A03_spline_0,-0.010508234156718197,False,False
2022-07-01,M2,mu5,A03_spline_1,0.003636759874971657,False,False
2022-07-01,M2,mu5,A03_spline_2,0.0013786357889295307,False,False
2022-07-01,M2,mu5,A04_spline_0,0.0016146643986304028,False,False
2022-07-01,M2,mu5,A04_spline_1,0.0035936917637819747,False,False
2022-07-01,M2,mu5,A04_spline_2,-0.0010690851266956319,False,False
2022-07-01,M2,mu5,A05_spline_0,-0.005055378232504289,False,False
2022-07-01,M2,mu5,A05_spline_1,0.0013060644925808928,False,False
2022-07-01,M2,mu5,A05_spline_2,5.976555256695208e-06,False,False
2022-07-01,M2,mu5,B01_spline_0,-0.00307896076737814,False,False
2022-07-01,M2,mu5,B01_spline_1,-0.0030808962954403255,False,False
2022-07-01,M2,mu5,B01_spline_2,-0.0010573579360120705,False,False
2022-07-01,M2,mu5,B02_spline_0,-0.0010206354427852588,False,False
2022-07-01,M2,mu5,B02_spline_1,0.0007005299593453255,False,False
2022-07-01,M2,mu5,B02_spline_2,0.0019297898853347668,False,False
2022-07-01,M2,mu5,B03_spline_0,0.004591323311156574,False,False
2022-07-01,M2,mu5,B03_spline_1,-0.00042938944396081176,False,False
2022-07-01,M2,mu5,B03_spline_2,0.0032671846941939326,False,False
2022-07-01,M2,mu5,C01_spline_0,0.0032423818576633695,False,False
2022-07-01,M2,mu5,C01_spline_1,-0.007527108911451212,False,False
2022-07-01,M2,mu5,C01_spline_2,-0.003023348183905277,False,False
2022-07-01,M2,mu5,C02_spline_0,0.0014977212336947541,False,False
2022-07-01,M2,mu5,C02_spline_1,-0.004481932074541715,False,False
2022-07-01,M2,mu5,C02_spline_2,-0.004379369342689452,False,False
2022-07-01,M2,mu5,C03_spline_0,-0.002118532102608827,False,False
2022-07-01,M2,mu5,C03_spline_1,-0.0023685704614990763,False,False
2022-07-01,M2,mu5,C03_spline_2,0.003722814020528904,False,False
2022-07-01,M2,mu5,D01_spline_0,-0.004003666285620651,False,False
2022-07-01,M2,mu5,D01_spline_1,0.001031616321252496,False,False
2022-07-01,M2,mu5,D01_spline_2,-0.0034247848126201866,False,False
2022-07-01,M2,mu5,D02_spline_0,-0.0007866547947174275,False,False
2022-07-01,M2,mu5,D02_spline_1,-0.0006769674535520527,False,False
2022-07-01,M2,mu5,D02_spline_2,-0.0046481507977657755,False,False
2022-07-01,M2,mu5,D03_spline_0,0.0018697850878969312,False,False
2022-07-01,M2,mu5,D03_spline_1,-0.0027991557185377634,False,False
2022-07-01,M2,mu5,D03_spline_2,0.0005717396374707586,False,False
2022-07-01,M2,mu5,E01_spline_0,0.0017011843523692394,False,False
2022-07-01,M2,mu5,E01_spline_1,0.001552318061897435,False,False
2022-07-01,M2,mu5,E01_spline_2,-0.0062384212753712346,False,False
2022-07-01,M2,mu5,F01_spline_0,-0.000198348455930278,False,False
2022-07-01,M2,mu5,F01_spline_1,0.0012072873445154592,False,False
2022-07-01,M2,mu5,F01_spline_2,-0.0012142487725754919,False,False
2022-07-01,M2,mu5,F02_spline_0,0.0043828442805966565,False,False
2022-07-01,M2,mu5,F02_spline_1,-0.0026517069349881973,False,False
2022-07-01,M2,mu5,F02_spline_2,0.0016318849969360028,False,False
2022-07-01,M2,mu5,F03_spline_0,-0.002722207059433998,False,False
2022-07-01,M2,mu5,F03_spline_1,-0.0004901888322438339,False,False
2022-07-01,M2,mu5,F03_spline_2,0.0004714323865210461,False,False
2022-07-01,M2,mu5,F04_spline_0,-0.006496217351255014,False,False
2022-07-01,M2,mu5,F04_spline_1,-0.0012189738308022592,False,False
2022-07-01,M2,mu5,F04_spline_2,0.00047019751944112455,False,False
2022-07-01,M2,mu5,I01,-0.00012357638202340144,False,False
2022-07-01,M2,mu5,I02,0.003570875942906541,False,False
2022-07-01,M2,mu5,I03,0.0009970357588183977,False,False
2022-07-01,M2,mu5,I04,0.0009844617902986961,False,False
2022-07-01,M2,mu5,I05,-0.009135875871652445,False,False
2022-07-01,M2,mu5,I06,-0.0032180905142747736,False,False
2022-07-01,M2,q90,A01_spline_0,0.029948624439644196,False,False
2022-07-01,M2,q90,A01_spline_1,0.0,True,False
2022-07-01,M2,q90,A01_spline_2,0.0,True,False
2022-07-01,M2,q90,A02_spline_0,-0.0013019919110572,False,False
2022-07-01,M2,q90,A02_spline_1,0.0,True,False
2022-07-01,M2,q90,A02_spline_2,0.0,True,False
2022-07-01,M2,q90,A03_spline_0,0.006451292276446795,False,False
2022-07-01,M2,q90,A03_spline_1,0.0,True,False
2022-07-01,M2,q90,A03_spline_2,0.0,True,False
2022-07-01,M2,q90,A04_spline_0,0.0,True,False
2022-07-01,M2,q90,A04_spline_1,0.0,True,False
2022-07-01,M2,q90,A04_spline_2,0.0,True,False
2022-07-01,M2,q90,A05_spline_0,0.0014871237057837085,False,False
2022-07-01,M2,q90,A05_spline_1,0.0,True,False
2022-07-01,M2,q90,A05_spline_2,-0.0011219534057559189,False,False
2022-07-01,M2,q90,B01_spline_0,0.0,True,False
2022-07-01,M2,q90,B01_spline_1,0.0,True,False
2022-07-01,M2,q90,B01_spline_2,0.0,True,False
2022-07-01,M2,q90,B02_spline_0,0.0,True,False
2022-07-01,M2,q90,B02_spline_1,0.0,True,False
2022-07-01,M2,q90,B02_spline_2,0.0,True,False
2022-07-01,M2,q90,B03_spline_0,-0.0011221751197181653,False,False
2022-07-01,M2,q90,B03_spline_1,0.0,True,False
2022-07-01,M2,q90,B03_spline_2,0.0,True,False
2022-07-01,M2,q90,C01_spline_0,-0.012656337764504803,False,False
2022-07-01,M2,q90,C01_spline_1,0.0,True,False
2022-07-01,M2,q90,C01_spline_2,0.0,True,False
2022-07-01,M2,q90,C02_spline_0,-0.002296191686983714,False,False
2022-07-01,M2,q90,C02_spline_1,0.0,True,False
2022-07-01,M2,q90,C02_spline_2,0.0,True,False
2022-07-01,M2,q90,C03_spline_0,0.0,True,False
2022-07-01,M2,q90,C03_spline_1,0.0,True,False
2022-07-01,M2,q90,C03_spline_2,0.0,True,False
2022-07-01,M2,q90,D01_spline_0,0.0,True,False
2022-07-01,M2,q90,D01_spline_1,0.0,True,False
2022-07-01,M2,q90,D01_spline_2,0.0,True,False
2022-07-01,M2,q90,D02_spline_0,0.004810437492593153,False,False
2022-07-01,M2,q90,D02_spline_1,0.0,True,False
2022-07-01,M2,q90,D02_spline_2,0.0,True,False
2022-07-01,M2,q90,D03_spline_0,0.0,True,False
2022-07-01,M2,q90,D03_spline_1,0.0,True,False
2022-07-01,M2,q90,D03_spline_2,0.0,True,False
2022-07-01,M2,q90,E01_spline_0,0.0,True,False
2022-07-01,M2,q90,E01_spline_1,0.0,True,False
2022-07-01,M2,q90,E01_spline_2,0.005706359967780812,False,False
2022-07-01,M2,q90,F01_spline_0,-0.006232726313929424,False,False
2022-07-01,M2,q90,F01_spline_1,0.0,True,False
2022-07-01,M2,q90,F01_spline_2,0.0,True,False
2022-07-01,M2,q90,F02_spline_0,0.0,True,False
2022-07-01,M2,q90,F02_spline_1,0.0,True,False
2022-07-01,M2,q90,F02_spline_2,0.0017155014070311869,False,False
2022-07-01,M2,q90,F03_spline_0,0.0,True,False
2022-07-01,M2,q90,F03_spline_1,0.0,True,False
2022-07-01,M2,q90,F03_spline_2,0.0,True,False
2022-07-01,M2,q90,F04_spline_0,0.008045189638646127,False,False
2022-07-01,M2,q90,F04_spline_1,0.0,True,False
2022-07-01,M2,q90,F04_spline_2,-0.005615435069114211,False,False
2022-07-01,M2,q90,I01,0.0,True,False
2022-07-01,M2,q90,I02,0.0,True,False
2022-07-01,M2,q90,I03,0.0,True,False
2022-07-01,M2,q90,I04,0.0,True,False
2022-07-01,M2,q90,I05,0.0,True,False
2022-07-01,M2,q90,I06,0.0,True,False
2022-07-01,M2,p10,A01_spline_0,0.47217494309043523,False,False
2022-07-01,M2,p10,A01_spline_1,-0.07542883410422536,False,False
2022-07-01,M2,p10,A01_spline_2,0.16696676356272694,False,False
2022-07-01,M2,p10,A02_spline_0,-0.1759221518546016,False,False
2022-07-01,M2,p10,A02_spline_1,-0.034112107635803385,False,False
2022-07-01,M2,p10,A02_spline_2,-0.032355384934586215,False,False
2022-07-01,M2,p10,A03_spline_0,0.5613848267825465,False,False
2022-07-01,M2,p10,A03_spline_1,-0.06273739073404677,False,False
2022-07-01,M2,p10,A03_spline_2,-0.11655042305084637,False,False
2022-07-01,M2,p10,A04_spline_0,-0.1656160283063841,False,False
2022-07-01,M2,p10,A04_spline_1,-0.1426606962980933,False,False
2022-07-01,M2,p10,A04_spline_2,0.09366429779692365,False,False
2022-07-01,M2,p10,A05_spline_0,0.11929621034250541,False,False
2022-07-01,M2,p10,A05_spline_1,-0.14267706711889788,False,False
2022-07-01,M2,p10,A05_spline_2,0.034748948527769566,False,False
2022-07-01,M2,p10,B01_spline_0,-0.16960305474442108,False,False
2022-07-01,M2,p10,B01_spline_1,-0.07257275259346532,False,False
2022-07-01,M2,p10,B01_spline_2,0.255861709009311,False,False
2022-07-01,M2,p10,B02_spline_0,0.07934932697807975,False,False
2022-07-01,M2,p10,B02_spline_1,-0.09363695954680962,False,False
2022-07-01,M2,p10,B02_spline_2,-0.06934604029002295,False,False
2022-07-01,M2,p10,B03_spline_0,-0.42403523141216976,False,False
2022-07-01,M2,p10,B03_spline_1,0.03572990471064264,False,False
2022-07-01,M2,p10,B03_spline_2,-0.02573581782050265,False,False
2022-07-01,M2,p10,C01_spline_0,-0.2620427612505577,False,False
2022-07-01,M2,p10,C01_spline_1,0.37810722400877544,False,False
2022-07-01,M2,p10,C01_spline_2,-0.0548827393520132,False,False
2022-07-01,M2,p10,C02_spline_0,-0.35439938160804346,False,False
2022-07-01,M2,p10,C02_spline_1,0.08198903703144035,False,False
2022-07-01,M2,p10,C02_spline_2,0.13857602246075973,False,False
2022-07-01,M2,p10,C03_spline_0,-0.03904994556617455,False,False
2022-07-01,M2,p10,C03_spline_1,0.12095087473077006,False,False
2022-07-01,M2,p10,C03_spline_2,-0.22626259297543172,False,False
2022-07-01,M2,p10,D01_spline_0,0.056689980835758304,False,False
2022-07-01,M2,p10,D01_spline_1,0.017177023774034243,False,False
2022-07-01,M2,p10,D01_spline_2,0.011447851426091876,False,False
2022-07-01,M2,p10,D02_spline_0,0.11852322610438076,False,False
2022-07-01,M2,p10,D02_spline_1,-0.04025593817404663,False,False
2022-07-01,M2,p10,D02_spline_2,0.06833476284964873,False,False
2022-07-01,M2,p10,D03_spline_0,-0.15581505574911284,False,False
2022-07-01,M2,p10,D03_spline_1,0.17603562219798644,False,False
2022-07-01,M2,p10,D03_spline_2,-0.06257735375605936,False,False
2022-07-01,M2,p10,E01_spline_0,0.026935715792151847,False,False
2022-07-01,M2,p10,E01_spline_1,-0.115383427493133,False,False
2022-07-01,M2,p10,E01_spline_2,0.12359430906795156,False,False
2022-07-01,M2,p10,F01_spline_0,-0.018112304684795768,False,False
2022-07-01,M2,p10,F01_spline_1,-0.24181469662180924,False,False
2022-07-01,M2,p10,F01_spline_2,0.13664132729297654,False,False
2022-07-01,M2,p10,F02_spline_0,-0.23548323957934197,False,False
2022-07-01,M2,p10,F02_spline_1,-0.039742771993865104,False,False
2022-07-01,M2,p10,F02_spline_2,0.01424051749943317,False,False
2022-07-01,M2,p10,F03_spline_0,0.2401369090909345,False,False
2022-07-01,M2,p10,F03_spline_1,0.020241057640825472,False,False
2022-07-01,M2,p10,F03_spline_2,-0.025266698626617005,False,False
2022-07-01,M2,p10,F04_spline_0,0.29243113535630333,False,False
2022-07-01,M2,p10,F04_spline_1,-0.0008716039529130746,False,False
2022-07-01,M2,p10,F04_spline_2,-0.05717207046252052,False,False
2022-07-01,M2,p10,I01,-0.1415396108528433,False,False
2022-07-01,M2,p10,I02,0.09309139194984264,False,False
2022-07-01,M2,p10,I03,0.0015208918158025211,False,False
2022-07-01,M2,p10,I04,-0.10316489829959753,False,False
2022-07-01,M2,p10,I05,0.2606255524687662,False,False
2022-07-01,M2,p10,I06,0.015095557313880984,False,False
2022-08-01,M1,mu5,A01,0.007600083273926169,False,False
2022-08-01,M1,mu5,A02,-0.001170291683219545,False,False
2022-08-01,M1,mu5,A03,0.006951577772066308,False,False
2022-08-01,M1,mu5,A04,-0.003221648423888096,False,False
2022-08-01,M1,mu5,A05,0.002559186948389759,False,False
2022-08-01,M1,mu5,B01,0.0057186312286574455,False,False
2022-08-01,M1,mu5,B02,0.004958542607901583,False,False
2022-08-01,M1,mu5,B03,-0.0005250452255290187,False,False
2022-08-01,M1,mu5,C01,0.0013098398692314474,False,False
2022-08-01,M1,mu5,C02,0.005202695429966344,False,False
2022-08-01,M1,mu5,C03,-0.0005439850177163139,False,False
2022-08-01,M1,mu5,D01,-0.0011527185844262965,False,False
2022-08-01,M1,mu5,D02,0.0005179554069898288,False,False
2022-08-01,M1,mu5,D03,0.00500941976761373,False,False
2022-08-01,M1,mu5,E01,-0.0023045224510881927,False,False
2022-08-01,M1,mu5,F01,-0.00037230782666045894,False,False
2022-08-01,M1,mu5,F02,0.003057133751306461,False,False
2022-08-01,M1,mu5,F03,0.0013565395203150306,False,False
2022-08-01,M1,mu5,F04,0.004706682957363877,False,False
2022-08-01,M1,q90,A01,-9.880312396271025e-05,False,False
2022-08-01,M1,q90,A02,0.0,True,False
2022-08-01,M1,q90,A03,-0.009766805469254547,False,False
2022-08-01,M1,q90,A04,0.017189028429226195,False,False
2022-08-01,M1,q90,A05,0.0,True,False
2022-08-01,M1,q90,B01,0.0,True,False
2022-08-01,M1,q90,B02,0.0,True,False
2022-08-01,M1,q90,B03,0.0,True,False
2022-08-01,M1,q90,C01,0.0,True,False
2022-08-01,M1,q90,C02,0.0,True,False
2022-08-01,M1,q90,C03,0.0,True,False
2022-08-01,M1,q90,D01,0.002847038227743984,False,False
2022-08-01,M1,q90,D02,0.0,True,False
2022-08-01,M1,q90,D03,-0.007414276774059894,False,False
2022-08-01,M1,q90,E01,0.0003449349459081023,False,False
2022-08-01,M1,q90,F01,0.0,True,False
2022-08-01,M1,q90,F02,0.0,True,False
2022-08-01,M1,q90,F03,0.0,True,False
2022-08-01,M1,q90,F04,0.0,True,False
2022-08-01,M1,p10,A01,-0.2025929527661841,False,False
2022-08-01,M1,p10,A02,0.009576099297448242,False,False
2022-08-01,M1,p10,A03,-0.3158787011120928,False,False
2022-08-01,M1,p10,A04,0.23262797482261124,False,False
2022-08-01,M1,p10,A05,0.047868760614220095,False,False
2022-08-01,M1,p10,B01,0.09603993475087905,False,False
2022-08-01,M1,p10,B02,-0.14570556867817058,False,False
2022-08-01,M1,p10,B03,0.28326467743058004,False,False
2022-08-01,M1,p10,C01,-0.06438331579451965,False,False
2022-08-01,M1,p10,C02,-0.09413472374995213,False,False
2022-08-01,M1,p10,C03,0.04801157071390118,False,False
2022-08-01,M1,p10,D01,0.13157136951636866,False,False
2022-08-01,M1,p10,D02,-0.10595706866145227,False,False
2022-08-01,M1,p10,D03,-0.28383909941038454,False,False
2022-08-01,M1,p10,E01,0.16060269986774234,False,False
2022-08-01,M1,p10,F01,0.19593229929935874,False,False
2022-08-01,M1,p10,F02,0.0647412166467375,False,False
2022-08-01,M1,p10,F03,-0.1703961673133708,False,False
2022-08-01,M1,p10,F04,-0.24378479775306253,False,False
2022-08-01,M2,mu5,A01_spline_0,-0.022265366347718384,False,False
2022-08-01,M2,mu5,A01_spline_1,0.001029390757623006,False,False
2022-08-01,M2,mu5,A01_spline_2,-0.0005683534621798605,False,False
2022-08-01,M2,mu5,A02_spline_0,0.00468958350606646,False,False
2022-08-01,M2,mu5,A02_spline_1,0.00303833190398135,False,False
2022-08-01,M2,mu5,A02_spline_2,0.006194947025205329,False,False
2022-08-01,M2,mu5,A03_spline_0,-0.010262407089987007,False,False
2022-08-01,M2,mu5,A03_spline_1,0.003610484719838757,False,False
2022-08-01,M2,mu5,A03_spline_2,0.001459761851451402,False,False
2022-08-01,M2,mu5,A04_spline_0,0.0014325361893704237,False,False
2022-08-01,M2,mu5,A04_spline_1,0.0035867184716070937,False,False
2022-08-01,M2,mu5,A04_spline_2,-0.0010444543921686957,False,False
2022-08-01,M2,mu5,A05_spline_0,-0.004662093287566988,False,False
2022-08-01,M2,mu5,A05_spline_1,0.0010840199226184533,False,False
2022-08-01,M2,mu5,A05_spline_2,1.7963919233430765e-05,False,False
2022-08-01,M2,mu5,B01_spline_0,-0.003618030649077143,False,False
2022-08-01,M2,mu5,B01_spline_1,-0.0034109473270621535,False,False
2022-08-01,M2,mu5,B01_spline_2,-0.0005211832375017762,False,False
2022-08-01,M2,mu5,B02_spline_0,-0.0007543944194203049,False,False
2022-08-01,M2,mu5,B02_spline_1,0.00013727642542824513,False,False
2022-08-01,M2,mu5,B02_spline_2,0.002201478254534041,False,False
2022-08-01,M2,mu5,B03_spline_0,0.004691338752533398,False,False
2022-08-01,M2,mu5,B03_spline_1,-0.0002938296887588193,False,False
2022-08-01,M2,mu5,B03_spline_2,0.003024495830292051,False,False
2022-08-01,M2,mu5,C01_spline_0,0.003461152920610188,False,False
2022-08-01,M2,mu5,C01_spline_1,-0.0069089349487931806,False,False
2022-08-01,M2,mu5,C01_spline_2,-0.0037042054808656497,False,False
2022-08-01,M2,mu5,C02_spline_0,0.0014361113359171434,False,False
2022-08-01,M2,mu5,C02_spline_1,-0.004558712395088616,False,False
2022-08-01,M2,mu5,C02_spline_2,-0.0042682414817226,False,False
2022-08-01,M2,mu5,C03_spline_0,-0.0020395242476325803,False,False
2022-08-01,M2,mu5,C03_spline_1,-0.0023488278490469,False,False
2022-08-01,M2,mu5,C03_spline_2,0.00360543047092889,False,False
2022-08-01,M2,mu5,D01_spline_0,-0.004222623062707838,False,False
2022-08-01,M2,mu5,D01_spline_1,0.0007082621479884694,False,False
2022-08-01,M2,mu5,D01_spline_2,-0.00292790834799305,False,False
2022-08-01,M2,mu5,D02_spline_0,-0.0010820089223731568,False,False
2022-08-01,M2,mu5,D02_spline_1,-0.0005363759394158125,False,False
2022-08-01,M2,mu5,D02_spline_2,-0.004573107163922174,False,False
2022-08-01,M2,mu5,D03_spline_0,0.001710235828569581,False,False
2022-08-01,M2,mu5,D03_spline_1,-0.002624993851710692,False,False
2022-08-01,M2,mu5,D03_spline_2,0.0004978403010493506,False,False
2022-08-01,M2,mu5,E01_spline_0,0.0018269751426281712,False,False
2022-08-01,M2,mu5,E01_spline_1,0.0012740575344897687,False,False
2022-08-01,M2,mu5,E01_spline_2,-0.006183622819548264,False,False
2022-08-01,M2,mu5,F01_spline_0,-0.00010592143632192534,False,False
2022-08-01,M2,mu5,F01_spline_1,0.0011939154315182567,False,False
2022-08-01,M2,mu5,F01_spline_2,-0.0011449590761132365,False,False
2022-08-01,M2,mu5,F02_spline_0,0.004642409867196399,False,False
2022-08-01,M2,mu5,F02_spline_1,-0.0032959640980253216,False,False
2022-08-01,M2,mu5,F02_spline_2,0.0016072928853931045,False,False
2022-08-01,M2,mu5,F03_spline_0,-0.0026273648397388315,False,False
2022-08-01,M2,mu5,F03_spline_1,-0.0005038356489802701,False,False
2022-08-01,M2,mu5,F03_spline_2,0.0005876680855577699,False,False
2022-08-01,M2,mu5,F04_spline_0,-0.0059493896010926525,False,False
2022-08-01,M2,mu5,F04_spline_1,-0.0013727651503124523,False,False
2022-08-01,M2,mu5,F04_spline_2,0.00011358093049966328,False,False
2022-08-01,M2,mu5,I01,-0.00019346054420031622,False,False
2022-08-01,M2,mu5,I02,0.0036816715143177785,False,False
2022-08-01,M2,mu5,I03,0.0014768320687764335,False,False
2022-08-01,M2,mu5,I04,0.001021847516208103,False,False
2022-08-01,M2,mu5,I05,-0.00920903540016876,False,False
2022-08-01,M2,mu5,I06,-0.0032179962625106485,False,False
2022-08-01,M2,q90,A01_spline_0,0.029454656656405925,False,False
2022-08-01,M2,q90,A01_spline_1,0.0,True,False
2022-08-01,M2,q90,A01_spline_2,0.0,True,False
2022-08-01,M2,q90,A02_spline_0,-0.0010129214579375771,False,False
2022-08-01,M2,q90,A02_spline_1,0.0,True,False
2022-08-01,M2,q90,A02_spline_2,0.0,True,False
2022-08-01,M2,q90,A03_spline_0,0.0063868378661772075,False,False
2022-08-01,M2,q90,A03_spline_1,0.0,True,False
2022-08-01,M2,q90,A03_spline_2,0.0,True,False
2022-08-01,M2,q90,A04_spline_0,0.0,True,False
2022-08-01,M2,q90,A04_spline_1,0.0,True,False
2022-08-01,M2,q90,A04_spline_2,0.0,True,False
2022-08-01,M2,q90,A05_spline_0,0.0011077427413342593,False,False
2022-08-01,M2,q90,A05_spline_1,0.0,True,False
2022-08-01,M2,q90,A05_spline_2,-0.0016127381341506908,False,False
2022-08-01,M2,q90,B01_spline_0,0.0,True,False
2022-08-01,M2,q90,B01_spline_1,0.0,True,False
2022-08-01,M2,q90,B01_spline_2,0.0,True,False
2022-08-01,M2,q90,B02_spline_0,0.0,True,False
2022-08-01,M2,q90,B02_spline_1,0.0,True,False
2022-08-01,M2,q90,B02_spline_2,0.0,True,False
2022-08-01,M2,q90,B03_spline_0,-0.0009131197503195314,False,False
2022-08-01,M2,q90,B03_spline_1,0.0,True,False
2022-08-01,M2,q90,B03_spline_2,0.0,True,False
2022-08-01,M2,q90,C01_spline_0,-0.012196148492660971,False,False
2022-08-01,M2,q90,C01_spline_1,0.0,True,False
2022-08-01,M2,q90,C01_spline_2,0.0,True,False
2022-08-01,M2,q90,C02_spline_0,-0.0023983041058263524,False,False
2022-08-01,M2,q90,C02_spline_1,0.0,True,False
2022-08-01,M2,q90,C02_spline_2,0.0,True,False
2022-08-01,M2,q90,C03_spline_0,0.0,True,False
2022-08-01,M2,q90,C03_spline_1,0.0,True,False
2022-08-01,M2,q90,C03_spline_2,0.0,True,False
2022-08-01,M2,q90,D01_spline_0,0.0,True,False
2022-08-01,M2,q90,D01_spline_1,0.0,True,False
2022-08-01,M2,q90,D01_spline_2,0.0,True,False
2022-08-01,M2,q90,D02_spline_0,0.004521828137754441,False,False
2022-08-01,M2,q90,D02_spline_1,0.0,True,False
2022-08-01,M2,q90,D02_spline_2,0.0,True,False
2022-08-01,M2,q90,D03_spline_0,0.0,True,False
2022-08-01,M2,q90,D03_spline_1,0.0,True,False
2022-08-01,M2,q90,D03_spline_2,0.0,True,False
2022-08-01,M2,q90,E01_spline_0,0.0,True,False
2022-08-01,M2,q90,E01_spline_1,0.0,True,False
2022-08-01,M2,q90,E01_spline_2,0.007619806860646766,False,False
2022-08-01,M2,q90,F01_spline_0,-0.00606001382202765,False,False
2022-08-01,M2,q90,F01_spline_1,0.0,True,False
2022-08-01,M2,q90,F01_spline_2,0.0,True,False
2022-08-01,M2,q90,F02_spline_0,0.0,True,False
2022-08-01,M2,q90,F02_spline_1,0.0,True,False
2022-08-01,M2,q90,F02_spline_2,0.0024553153862995336,False,False
2022-08-01,M2,q90,F03_spline_0,0.0,True,False
2022-08-01,M2,q90,F03_spline_1,0.0,True,False
2022-08-01,M2,q90,F03_spline_2,0.0,True,False
2022-08-01,M2,q90,F04_spline_0,0.008385669488234791,False,False
2022-08-01,M2,q90,F04_spline_1,0.0,True,False
2022-08-01,M2,q90,F04_spline_2,-0.00479271694192871,False,False
2022-08-01,M2,q90,I01,0.0,True,False
2022-08-01,M2,q90,I02,0.0,True,False
2022-08-01,M2,q90,I03,0.0,True,False
2022-08-01,M2,q90,I04,0.0,True,False
2022-08-01,M2,q90,I05,0.0,True,False
2022-08-01,M2,q90,I06,0.0,True,False
2022-08-01,M2,p10,A01_spline_0,0.4884094147434684,False,False
2022-08-01,M2,p10,A01_spline_1,-0.04837584774969616,False,False
2022-08-01,M2,p10,A01_spline_2,0.1435962714054921,False,False
2022-08-01,M2,p10,A02_spline_0,-0.17235316998770842,False,False
2022-08-01,M2,p10,A02_spline_1,-0.013151336838255737,False,False
2022-08-01,M2,p10,A02_spline_2,-0.05490580622286426,False,False
2022-08-01,M2,p10,A03_spline_0,0.5537106324635815,False,False
2022-08-01,M2,p10,A03_spline_1,-0.0623753992614486,False,False
2022-08-01,M2,p10,A03_spline_2,-0.12004291352325966,False,False
2022-08-01,M2,p10,A04_spline_0,-0.15104340643313627,False,False
2022-08-01,M2,p10,A04_spline_1,-0.145888081250073,False,False
2022-08-01,M2,p10,A04_spline_2,0.09669681104104244,False,False
2022-08-01,M2,p10,A05_spline_0,0.09359015273951408,False,False
2022-08-01,M2,p10,A05_spline_1,-0.1289629574243872,False,False
2022-08-01,M2,p10,A05_spline_2,0.03390963702705195,False,False
2022-08-01,M2,p10,B01_spline_0,-0.12857272625834082,False,False
2022-08-01,M2,p10,B01_spline_1,-0.040068350157507863,False,False
2022-08-01,M2,p10,B01_spline_2,0.2048456485443864,False,False
2022-08-01,M2,p10,B02_spline_0,0.06506875421604255,False,False
2022-08-01,M2,p10,B02_spline_1,-0.06269472041882665,False,False
2022-08-01,M2,p10,B02_spline_2,-0.08616829325769941,False,False
2022-08-01,M2,p10,B03_spline_0,-0.42644660123727857,False,False
2022-08-01,M2,p10,B03_spline_1,0.029892036768446765,False,False
2022-08-01,M2,p10,B03_spline_2,-0.016844969897908242,False,False
2022-08-01,M2,p10,C01_spline_0,-0.3143544624578947,False,False
2022-08-01,M2,p10,C01_spline_1,0.3456202098556327,False,False
2022-08-01,M2,p10,C01_spline_2,0.0002811388062368995,False,False
2022-08-01,M2,p10,C02_spline_0,-0.3505797607728352,False,False
2022-08-01,M2,p10,C02_spline_1,0.08625205458643453,False,False
2022-08-01,M2,p10,C02_spline_2,0.13881057304234848,False,False
2022-08-01,M2,p10,C03_spline_0,-0.03682746126467034,False,False
2022-08-01,M2,p10,C03_spline_1,0.1177594979388132,False,False
2022-08-01,M2,p10,C03_spline_2,-0.21746577557365107,False,False
2022-08-01,M2,p10,D01_spline_0,0.06512907823851732,False,False
2022-08-01,M2,p10,D01_spline_1,0.024224259084554996,False,False
2022-08-01,M2,p10,D01_spline_2,-0.002846472448303681,False,False
2022-08-01,M2,p10,D02_spline_0,0.12905064935947594,False,False
2022-08-01,M2,p10,D02_spline_1,-0.02721401888738057,False,False
2022-08-01,M2,p10,D02_spline_2,0.04238197061543471,False,False
2022-08-01,M2,p10,D03_spline_0,-0.15734368103587695,False,False
2022-08-01,M2,p10,D03_spline_1,0.1841960712817058,False,False
2022-08-01,M2,p10,D03_spline_2,-0.06698894219920977,False,False
2022-08-01,M2,p10,E01_spline_0,0.02867265230141498,False,False
2022-08-01,M2,p10,E01_spline_1,-0.10751817632097707,False,False
2022-08-01,M2,p10,E01_spline_2,0.12150572939053574,False,False
2022-08-01,M2,p10,F01_spline_0,-0.020269157369447795,False,False
2022-08-01,M2,p10,F01_spline_1,-0.2324633193551118,False,False
2022-08-01,M2,p10,F01_spline_2,0.13259527611805752,False,False
2022-08-01,M2,p10,F02_spline_0,-0.24055499097146582,False,False
2022-08-01,M2,p10,F02_spline_1,-0.04206502104150465,False,False
2022-08-01,M2,p10,F02_spline_2,0.017479174469965168,False,False
2022-08-01,M2,p10,F03_spline_0,0.2275014895762339,False,False
2022-08-01,M2,p10,F03_spline_1,0.01747387128033657,False,False
2022-08-01,M2,p10,F03_spline_2,-0.026342847450780055,False,False
2022-08-01,M2,p10,F04_spline_0,0.26837649169509264,False,False
2022-08-01,M2,p10,F04_spline_1,-0.015721459088447198,False,False
2022-08-01,M2,p10,F04_spline_2,-0.02717783225129245,False,False
2022-08-01,M2,p10,I01,-0.13318313418021274,False,False
2022-08-01,M2,p10,I02,0.08703801557558791,False,False
2022-08-01,M2,p10,I03,-0.027294733391249305,False,False
2022-08-01,M2,p10,I04,-0.09583255763148597,False,False
2022-08-01,M2,p10,I05,0.25470373503898686,False,False
2022-08-01,M2,p10,I06,0.022528550474674773,False,False
2022-09-01,M1,mu5,A01,0.007837342240595941,False,False
2022-09-01,M1,mu5,A02,-0.0008571950510117295,False,False
2022-09-01,M1,mu5,A03,0.007001590541105465,False,False
2022-09-01,M1,mu5,A04,-0.0032523486606036035,False,False
2022-09-01,M1,mu5,A05,0.002473880346013024,False,False
2022-09-01,M1,mu5,B01,0.006312201934821103,False,False
2022-09-01,M1,mu5,B02,0.005002379148494241,False,False
2022-09-01,M1,mu5,B03,-0.0002691247252606444,False,False
2022-09-01,M1,mu5,C01,0.000760423255829158,False,False
2022-09-01,M1,mu5,C02,0.005344349173454117,False,False
2022-09-01,M1,mu5,C03,-0.0005902960438403289,False,False
2022-09-01,M1,mu5,D01,-0.0008447968655730973,False,False
2022-09-01,M1,mu5,D02,0.00043800368098601857,False,False
2022-09-01,M1,mu5,D03,0.004988538069473807,False,False
2022-09-01,M1,mu5,E01,-0.0021999898015391973,False,False
2022-09-01,M1,mu5,F01,-0.00025824408362708055,False,False
2022-09-01,M1,mu5,F02,0.003212612326165844,False,False
2022-09-01,M1,mu5,F03,0.0014967660447116483,False,False
2022-09-01,M1,mu5,F04,0.004543045402032336,False,False
2022-09-01,M1,q90,A01,-0.0005703222212380851,False,False
2022-09-01,M1,q90,A02,0.0,True,False
2022-09-01,M1,q90,A03,-0.00863875304946905,False,False
2022-09-01,M1,q90,A04,0.01678861977706293,False,False
2022-09-01,M1,q90,A05,0.0,True,False
2022-09-01,M1,q90,B01,0.0,True,False
2022-09-01,M1,q90,B02,0.0,True,False
2022-09-01,M1,q90,B03,0.0,True,False
2022-09-01,M1,q90,C01,0.0,True,False
2022-09-01,M1,q90,C02,0.0,True,False
2022-09-01,M1,q90,C03,0.0,True,False
2022-09-01,M1,q90,D01,0.0,True,False
2022-09-01,M1,q90,D02,0.0,True,False
2022-09-01,M1,q90,D03,-0.005768215333631286,False,False
2022-09-01,M1,q90,E01,0.0,True,False
2022-09-01,M1,q90,F01,0.0,True,False
2022-09-01,M1,q90,F02,0.0,True,False
2022-09-01,M1,q90,F03,0.0,True,False
2022-09-01,M1,q90,F04,0.0,True,False
2022-09-01,M1,p10,A01,-0.24502607994410494,False,False
2022-09-01,M1,p10,A02,-0.022779879237165825,False,False
2022-09-01,M1,p10,A03,-0.33122764046377534,False,False
2022-09-01,M1,p10,A04,0.24048896086076552,False,False
2022-09-01,M1,p10,A05,0.04419065862421578,False,False
2022-09-01,M1,p10,B01,0.03295295160457507,False,False
2022-09-01,M1,p10,B02,-0.17183754247349867,False,False
2022-09-01,M1,p10,B03,0.28672038854233195,False,False
2022-09-01,M1,p10,C01,0.002079033983382202,False,False
2022-09-01,M1,p10,C02,-0.11597087684697097,False,False
2022-09-01,M1,p10,C03,0.03521393297485742,False,False
2022-09-01,M1,p10,D01,0.09539353633354591,False,False
2022-09-01,M1,p10,D02,-0.12247381063434405,False,False
2022-09-01,M1,p10,D03,-0.2556557614650687,False,False
2022-09-01,M1,p10,E01,0.1454209354017033,False,False
2022-09-01,M1,p10,F01,0.18151175908381043,False,False
2022-09-01,M1,p10,F02,0.06118725925333242,False,False
2022-09-01,M1,p10,F03,-0.17537466376753935,False,False
2022-09-01,M1,p10,F04,-0.2192575019114568,False,False
2022-09-01,M2,mu5,A01_spline_0,-0.02223234172292554,False,False
2022-09-01,M2,mu5,A01_spline_1,0.0008986479082031828,False,False
2022-09-01,M2,mu5,A01_spline_2,-0.0006834679530681093,False,False
2022-09-01,M2,mu5,A02_spline_0,0.004824047687895901,False,False
2022-09-01,M2,mu5,A02_spline_1,0.00288204649846655,False,False
2022-09-01,M2,mu5,A02_spline_2,0.006230220486833497,False,False
2022-09-01,M2,mu5,A03_spline_0,-0.010101418167611306,False,False
2022-09-01,M2,mu5,A03_spline_1,0.0037810554481472157,False,False
2022-09-01,M2,mu5,A03_spline_2,0.0017265018654507155,False,False
2022-09-01,M2,mu5,A04_spline_0,0.0014587673841936015,False,False
2022-09-01,M2,mu5,A04_spline_1,0.003669197596196077,False,False
2022-09-01,M2,mu5,A04_spline_2,-0.00112704215724138,False,False
2022-09-01,M2,mu5,A05_spline_0,-0.004838510152683535,False,False
2022-09-01,M2,mu5,A05_spline_1,0.0016917908403604482,False,False
2022-09-01,M2,mu5,A05_spline_2,0.0004513785616749793,False,False
2022-09-01,M2,mu5,B01_spline_0,-0.003367813658778861,False,False
2022-09-01,M2,mu5,B01_spline_1,-0.0036849115354547993,False,False
2022-09-01,M2,mu5,B01_spline_2,-0.0004409616463435941,False,False
2022-09-01,M2,mu5,B02_spline_0,-0.0007226942766972136,False,False
2022-09-01,M2,mu5,B02_spline_1,4.255472034680758e-06,False,False
2022-09-01,M2,mu5,B02_spline_2,0.002307713815815163,False,False
2022-09-01,M2,mu5,B03_spline_0,0.004785106630006806,False,False
2022-09-01,M2,mu5,B03_spline_1,-0.000447708795791302,False,False
2022-09-01,M2,mu5,B03_spline_2,0.003134162866599562,False,False
2022-09-01,M2,mu5,C01_spline_0,0.003659065364016086,False,False
2022-09-01,M2,mu5,C01_spline_1,-0.007027410817434597,False,False
2022-09-01,M2,mu5,C01_spline_2,-0.003651614901220921,False,False
2022-09-01,M2,mu5,C02_spline_0,0.0013969949788752447,False,False
2022-09-01,M2,mu5,C02_spline_1,-0.004616309215392066,False,False
2022-09-01,M2,mu5,C02_spline_2,-0.004290209077284507,False,False
2022-09-01,M2,mu5,C03_spline_0,-0.002140795846438092,False,False
2022-09-01,M2,mu5,C03_spline_1,-0.002229903029379618,False,False
2022-09-01,M2,mu5,C03_spline_2,0.003571867662531984,False,False
2022-09-01,M2,mu5,D01_spline_0,-0.004154657937907105,False,False
2022-09-01,M2,mu5,D01_spline_1,0.0006467175234799796,False,False
2022-09-01,M2,mu5,D01_spline_2,-0.0029452173229833783,False,False
2022-09-01,M2,mu5,D02_spline_0,-0.0009269074277710347,False,False
2022-09-01,M2,mu5,D02_spline_1,-0.0005456833795929267,False,False
2022-09-01,M2,mu5,D02_spline_2,-0.004744011503394149,False,False
2022-09-01,M2,mu5,D03_spline_0,0.0011769357300023952,False,False
2022-09-01,M2,mu5,D03_spline_1,-0.0025340914006011786,False,False
2022-09-01,M2,mu5,D03_spline_2,0.0004891724578665047,False,False
2022-09-01,M2,mu5,E01_spline_0,0.0017314617942086412,False,False
2022-09-01,M2,mu5,E01_spline_1,0.001306170236762209,False,False
2022-09-01,M2,mu5,E01_spline_2,-0.00617421027665427,False,False
2022-09-01,M2,mu5,F01_spline_0,-0.00012358921451709973,False,False
2022-09-01,M2,mu5,F01_spline_1,0.0011757633438144537,False,False
2022-09-01,M2,mu5,F01_spline_2,-0.001058319057182551,False,False
2022-09-01,M2,mu5,F02_spline_0,0.004736678527441348,False,False
2022-09-01,M2,mu5,F02_spline_1,-0.003383749523203802,False,False
2022-09-01,M2,mu5,F02_spline_2,0.0017139950350974703,False,False
2022-09-01,M2,mu5,F03_spline_0,-0.0026671321106715973,False,False
2022-09-01,M2,mu5,F03_spline_1,-0.0005900094942291093,False,False
2022-09-01,M2,mu5,F03_spline_2,0.0006758368931849134,False,False
2022-09-01,M2,mu5,F04_spline_0,-0.005689259399281165,False,False
2022-09-01,M2,mu5,F04_spline_1,-0.0014631005831610274,False,False
2022-09-01,M2,mu5,F04_spline_2,0.00012726808212258937,False,False
2022-09-01,M2,mu5,I01,-0.00042555895793184705,False,False
2022-09-01,M2,mu5,I02,0.0037508554029081504,False,False
2022-09-01,M2,mu5,I03,0.0015232722057062524,False,False
2022-09-01,M2,mu5,I04,0.0009347496341344577,False,False
2022-09-01,M2,mu5,I05,-0.00877265763912681,False,False
2022-09-01,M2,mu5,I06,-0.003394837579814891,False,False
2022-09-01,M2,q90,A01_spline_0,0.029299398759616645,False,False
2022-09-01,M2,q90,A01_spline_1,0.0,True,False
2022-09-01,M2,q90,A01_spline_2,0.0,True,False
2022-09-01,M2,q90,A02_spline_0,-0.00015321528409042174,False,False
2022-09-01,M2,q90,A02_spline_1,0.0,True,False
2022-09-01,M2,q90,A02_spline_2,0.0,True,False
2022-09-01,M2,q90,A03_spline_0,0.006101777566455914,False,False
2022-09-01,M2,q90,A03_spline_1,0.0,True,False
2022-09-01,M2,q90,A03_spline_2,0.0,True,False
2022-09-01,M2,q90,A04_spline_0,0.0,True,False
2022-09-01,M2,q90,A04_spline_1,0.0,True,False
2022-09-01,M2,q90,A04_spline_2,0.0,True,False
2022-09-01,M2,q90,A05_spline_0,0.0013264766252307418,False,False
2022-09-01,M2,q90,A05_spline_1,0.0,True,False
2022-09-01,M2,q90,A05_spline_2,-0.0010998703995195604,False,False
2022-09-01,M2,q90,B01_spline_0,0.0,True,False
2022-09-01,M2,q90,B01_spline_1,0.0,True,False
2022-09-01,M2,q90,B01_spline_2,0.0,True,False
2022-09-01,M2,q90,B02_spline_0,0.0,True,False
2022-09-01,M2,q90,B02_spline_1,0.0,True,False
2022-09-01,M2,q90,B02_spline_2,0.0,True,False
2022-09-01,M2,q90,B03_spline_0,-0.0008999493654163076,False,False
2022-09-01,M2,q90,B03_spline_1,0.0,True,False
2022-09-01,M2,q90,B03_spline_2,0.0,True,False
2022-09-01,M2,q90,C01_spline_0,-0.011961063541113988,False,False
2022-09-01,M2,q90,C01_spline_1,0.0,True,False
2022-09-01,M2,q90,C01_spline_2,0.0,True,False
2022-09-01,M2,q90,C02_spline_0,-0.0022946644677000177,False,False
2022-09-01,M2,q90,C02_spline_1,0.0,True,False
2022-09-01,M2,q90,C02_spline_2,0.0,True,False
2022-09-01,M2,q90,C03_spline_0,0.0,True,False
2022-09-01,M2,q90,C03_spline_1,0.0,True,False
2022-09-01,M2,q90,C03_spline_2,0.0,True,False
2022-09-01,M2,q90,D01_spline_0,0.0,True,False
2022-09-01,M2,q90,D01_spline_1,0.0,True,False
2022-09-01,M2,q90,D01_spline_2,0.0,True,False
2022-09-01,M2,q90,D02_spline_0,0.008278773354280579,False,False
2022-09-01,M2,q90,D02_spline_1,0.0,True,False
2022-09-01,M2,q90,D02_spline_2,0.0,True,False
2022-09-01,M2,q90,D03_spline_0,0.0,True,False
2022-09-01,M2,q90,D03_spline_1,0.0,True,False
2022-09-01,M2,q90,D03_spline_2,0.0,True,False
2022-09-01,M2,q90,E01_spline_0,0.0,True,False
2022-09-01,M2,q90,E01_spline_1,0.0,True,False
2022-09-01,M2,q90,E01_spline_2,0.008054205398682578,False,False
2022-09-01,M2,q90,F01_spline_0,-0.005478272387794225,False,False
2022-09-01,M2,q90,F01_spline_1,0.0,True,False
2022-09-01,M2,q90,F01_spline_2,0.0,True,False
2022-09-01,M2,q90,F02_spline_0,0.0,True,False
2022-09-01,M2,q90,F02_spline_1,0.0,True,False
2022-09-01,M2,q90,F02_spline_2,0.0025487435900573316,False,False
2022-09-01,M2,q90,F03_spline_0,0.0,True,False
2022-09-01,M2,q90,F03_spline_1,0.0,True,False
2022-09-01,M2,q90,F03_spline_2,0.0,True,False
2022-09-01,M2,q90,F04_spline_0,0.003156437114237578,False,False
2022-09-01,M2,q90,F04_spline_1,0.0,True,False
2022-09-01,M2,q90,F04_spline_2,-0.004783326008114964,False,False
2022-09-01,M2,q90,I01,0.0,True,False
2022-09-01,M2,q90,I02,0.0,True,False
2022-09-01,M2,q90,I03,0.0,True,False
2022-09-01,M2,q90,I04,0.0,True,False
2022-09-01,M2,q90,I05,0.0,True,False
2022-09-01,M2,q90,I06,0.0,True,False
2022-09-01,M2,p10,A01_spline_0,0.4948714645847613,False,False
2022-09-01,M2,p10,A01_spline_1,-0.013844155366874257,False,False
2022-09-01,M2,p10,A01_spline_2,0.11766407111857823,False,False
2022-09-01,M2,p10,A02_spline_0,-0.16740372927682068,False,False
2022-09-01,M2,p10,A02_spline_1,0.0058376179418564485,False,False
2022-09-01,M2,p10,A02_spline_2,-0.07378709288624484,False,False
2022-09-01,M2,p10,A03_spline_0,0.5489137952799539,False,False
2022-09-01,M2,p10,A03_spline_1,-0.05654014496882558,False,False
2022-09-01,M2,p10,A03_spline_2,-0.1171949484659488,False,False
2022-09-01,M2,p10,A04_spline_0,-0.1509442082037138,False,False
2022-09-01,M2,p10,A04_spline_1,-0.1485118124537414,False,False
2022-09-01,M2,p10,A04_spline_2,0.10105011583696584,False,False
2022-09-01,M2,p10,A05_spline_0,0.0947987976701458,False,False
2022-09-01,M2,p10,A05_spline_1,-0.1164233179756656,False,False
2022-09-01,M2,p10,A05_spline_2,0.03593225559804486,False,False
2022-09-01,M2,p10,B01_spline_0,-0.07947124685757133,False,False
2022-09-01,M2,p10,B01_spline_1,-0.04384940358307332,False,False
2022-09-01,M2,p10,B01_spline_2,0.18133377591996244,False,False
2022-09-01,M2,p10,B02_spline_0,0.05948089153429905,False,False
2022-09-01,M2,p10,B02_spline_1,-0.05489544086968464,False,False
2022-09-01,M2,p10,B02_spline_2,-0.09594404295272328,False,False
2022-09-01,M2,p10,B03_spline_0,-0.42501410165322484,False,False
2022-09-01,M2,p10,B03_spline_1,0.02799841543074853,False,False
2022-09-01,M2,p10,B03_spline_2,-0.015828072788287573,False,False
2022-09-01,M2,p10,C01_spline_0,-0.37247665755247317,False,False
2022-09-01,M2,p10,C01_spline_1,0.32778568154063725,False,False
2022-09-01,M2,p10,C01_spline_2,0.04562425603596627,False,False
2022-09-01,M2,p10,C02_spline_0,-0.3490942305184554,False,False
2022-09-01,M2,p10,C02_spline_1,0.09743601737637803,False,False
2022-09-01,M2,p10,C02_spline_2,0.1266727656857267,False,False
2022-09-01,M2,p10,C03_spline_0,-0.030712809294629377,False,False
2022-09-01,M2,p10,C03_spline_1,0.12290328064246496,False,False
2022-09-01,M2,p10,C03_spline_2,-0.22256597131139705,False,False
2022-09-01,M2,p10,D01_spline_0,0.08406117181629098,False,False
2022-09-01,M2,p10,D01_spline_1,0.03496818191587039,False,False
2022-09-01,M2,p10,D01_spline_2,-0.03027646540608793,False,False
2022-09-01,M2,p10,D02_spline_0,0.15267962729603232,False,False
2022-09-01,M2,p10,D02_spline_1,-0.03060553703599153,False,False
2022-09-01,M2,p10,D02_spline_2,0.026184464929779095,False,False
2022-09-01,M2,p10,D03_spline_0,-0.19739482708505418,False,False
2022-09-01,M2,p10,D03_spline_1,0.18479465090751293,False,False
2022-09-01,M2,p10,D03_spline_2,-0.04959420686028387,False,False
2022-09-01,M2,p10,E01_spline_0,0.0197426057549348,False,False
2022-09-01,M2,p10,E01_spline_1,-0.09986953655083605,False,False
2022-09-01,M2,p10,E01_spline_2,0.1200638396194999,False,False
2022-09-01,M2,p10,F01_spline_0,-0.020008497562970167,False,False
2022-09-01,M2,p10,F01_spline_1,-0.22646345202167706,False,False
2022-09-01,M2,p10,F01_spline_2,0.12825159816224047,False,False
2022-09-01,M2,p10,F02_spline_0,-0.2369015472762986,False,False
2022-09-01,M2,p10,F02_spline_1,-0.04200041033227838,False,False
2022-09-01,M2,p10,F02_spline_2,0.0029625243981459015,False,False
2022-09-01,M2,p10,F03_spline_0,0.22622624915394723,False,False
2022-09-01,M2,p10,F03_spline_1,0.017527638270311043,False,False
2022-09-01,M2,p10,F03_spline_2,-0.0281513488692233,False,False
2022-09-01,M2,p10,F04_spline_0,0.25928114166413013,False,False
2022-09-01,M2,p10,F04_spline_1,-0.01822179786002424,False,False
2022-09-01,M2,p10,F04_spline_2,-0.016454267138132108,False,False
2022-09-01,M2,p10,I01,-0.13929499103718296,False,False
2022-09-01,M2,p10,I02,0.07721571085738911,False,False
2022-09-01,M2,p10,I03,-0.0297745728003353,False,False
2022-09-01,M2,p10,I04,-0.10250231237964794,False,False
2022-09-01,M2,p10,I05,0.2808478337687933,False,False
2022-09-01,M2,p10,I06,0.02423454985618246,False,False
2022-10-03,M1,mu5,A01,0.007502746542709781,False,False
2022-10-03,M1,mu5,A02,-0.001083756548068186,False,False
2022-10-03,M1,mu5,A03,0.006662475061144793,False,False
2022-10-03,M1,mu5,A04,-0.0034877302146330696,False,False
2022-10-03,M1,mu5,A05,0.0028771972386506706,False,False
2022-10-03,M1,mu5,B01,0.005614668703331569,False,False
2022-10-03,M1,mu5,B02,0.004697671344246073,False,False
2022-10-03,M1,mu5,B03,5.700828914529797e-05,False,False
2022-10-03,M1,mu5,C01,0.0016008833856496264,False,False
2022-10-03,M1,mu5,C02,0.0050861039074944865,False,False
2022-10-03,M1,mu5,C03,-0.00043311273514363627,False,False
2022-10-03,M1,mu5,D01,-0.000668450899718037,False,False
2022-10-03,M1,mu5,D02,0.00015614614250150763,False,False
2022-10-03,M1,mu5,D03,0.004194722838371106,False,False
2022-10-03,M1,mu5,E01,-0.0020115616343797083,False,False
2022-10-03,M1,mu5,F01,-0.000270801580453777,False,False
2022-10-03,M1,mu5,F02,0.003977966946110852,False,False
2022-10-03,M1,mu5,F03,0.0012429922483135555,False,False
2022-10-03,M1,mu5,F04,0.005357595062166728,False,False
2022-10-03,M1,q90,A01,-0.0007000769409285152,False,False
2022-10-03,M1,q90,A02,0.0,True,False
2022-10-03,M1,q90,A03,-0.006918829946758656,False,False
2022-10-03,M1,q90,A04,0.014513986470155976,False,False
2022-10-03,M1,q90,A05,0.0,True,False
2022-10-03,M1,q90,B01,0.0,True,False
2022-10-03,M1,q90,B02,0.0,True,False
2022-10-03,M1,q90,B03,0.0,True,False
2022-10-03,M1,q90,C01,0.002364098791368274,False,False
2022-10-03,M1,q90,C02,0.0,True,False
2022-10-03,M1,q90,C03,0.0,True,False
2022-10-03,M1,q90,D01,0.0,True,False
2022-10-03,M1,q90,D02,0.0,True,False
2022-10-03,M1,q90,D03,-0.007042159533618822,False,False
2022-10-03,M1,q90,E01,0.0,True,False
2022-10-03,M1,q90,F01,0.0,True,False
2022-10-03,M1,q90,F02,0.0,True,False
2022-10-03,M1,q90,F03,-0.0007025728333171812,False,False
2022-10-03,M1,q90,F04,0.0,True,False
2022-10-03,M1,p10,A01,-0.2722092831246295,False,False
2022-10-03,M1,p10,A02,-0.02878903201151976,False,False
2022-10-03,M1,p10,A03,-0.3354860765082541,False,False
2022-10-03,M1,p10,A04,0.24302665380634778,False,False
2022-10-03,M1,p10,A05,0.040083078303054125,False,False
2022-10-03,M1,p10,B01,-0.003824477675958316,False,False
2022-10-03,M1,p10,B02,-0.16478685292682138,False,False
2022-10-03,M1,p10,B03,0.2784607827633678,False,False
2022-10-03,M1,p10,C01,0.04551812905089379,False,False
2022-10-03,M1,p10,C02,-0.11874097914268503,False,False
2022-10-03,M1,p10,C03,0.031930624985006165,False,False
2022-10-03,M1,p10,D01,0.09363264012489461,False,False
2022-10-03,M1,p10,D02,-0.12632582119488683,False,False
2022-10-03,M1,p10,D03,-0.28678393225133053,False,False
2022-10-03,M1,p10,E01,0.1498210735526281,False,False
2022-10-03,M1,p10,F01,0.1935834249019806,False,False
2022-10-03,M1,p10,F02,0.0921354267264805,False,False
2022-10-03,M1,p10,F03,-0.1849597598702728,False,False
2022-10-03,M1,p10,F04,-0.192555396146784,False,False
2022-10-03,M2,mu5,A01_spline_0,-0.022159870963248687,False,False
2022-10-03,M2,mu5,A01_spline_1,0.001467556780829581,False,False
2022-10-03,M2,mu5,A01_spline_2,-0.0012830575835395825,False,False
2022-10-03,M2,mu5,A02_spline_0,0.005150621794444011,False,False
2022-10-03,M2,mu5,A02_spline_1,0.0028188380754502096,False,False
2022-10-03,M2,mu5,A02_spline_2,0.006100618054266835,False,False
2022-10-03,M2,mu5,A03_spline_0,-0.009820921552801993,False,False
2022-10-03,M2,mu5,A03_spline_1,0.0039011415963867676,False,False
2022-10-03,M2,mu5,A03_spline_2,0.0014086355152158102,False,False
2022-10-03,M2,mu5,A04_spline_0,0.0014956411077555922,False,False
2022-10-03,M2,mu5,A04_spline_1,0.0038911637962196466,False,False
2022-10-03,M2,mu5,A04_spline_2,-0.0015116239318595662,False,False
2022-10-03,M2,mu5,A05_spline_0,-0.005054487270983082,False,False
2022-10-03,M2,mu5,A05_spline_1,0.0018517436224855274,False,False
2022-10-03,M2,mu5,A05_spline_2,0.0007132525624974179,False,False
2022-10-03,M2,mu5,B01_spline_0,-0.002589988860435565,False,False
2022-10-03,M2,mu5,B01_spline_1,-0.0035081566640019495,False,False
2022-10-03,M2,mu5,B01_spline_2,-0.0010942822189403682,False,False
2022-10-03,M2,mu5,B02_spline_0,-0.0008820724830582482,False,False
2022-10-03,M2,mu5,B02_spline_1,0.00016494512294693096,False,False
2022-10-03,M2,mu5,B02_spline_2,0.0022324141173040947,False,False
2022-10-03,M2,mu5,B03_spline_0,0.004565046671219463,False,False
2022-10-03,M2,mu5,B03_spline_1,-7.04608627880546e-05,False,False
2022-10-03,M2,mu5,B03_spline_2,0.002772954480185306,False,False
2022-10-03,M2,mu5,C01_spline_0,0.0029033126779455434,False,False
2022-10-03,M2,mu5,C01_spline_1,-0.007277393574882772,False,False
2022-10-03,M2,mu5,C01_spline_2,-0.0029352151493570984,False,False
2022-10-03,M2,mu5,C02_spline_0,0.0016000806520951863,False,False
2022-10-03,M2,mu5,C02_spline_1,-0.004601931819966943,False,False
2022-10-03,M2,mu5,C02_spline_2,-0.004475155010148616,False,False
2022-10-03,M2,mu5,C03_spline_0,-0.0025413955003907585,False,False
2022-10-03,M2,mu5,C03_spline_1,-0.0023325899185631747,False,False
2022-10-03,M2,mu5,C03_spline_2,0.003647471023759128,False,False
2022-10-03,M2,mu5,D01_spline_0,-0.004200139799819246,False,False
2022-10-03,M2,mu5,D01_spline_1,0.0007846676385216628,False,False
2022-10-03,M2,mu5,D01_spline_2,-0.002955280769070388,False,False
2022-10-03,M2,mu5,D02_spline_0,-0.0010423180419704137,False,False
2022-10-03,M2,mu5,D02_spline_1,-0.0002484078488690579,False,False
2022-10-03,M2,mu5,D02_spline_2,-0.004951400883626181,False,False
2022-10-03,M2,mu5,D03_spline_0,0.0013829672405052161,False,False
2022-10-03,M2,mu5,D03_spline_1,-0.0016571377785636891,False,False
2022-10-03,M2,mu5,D03_spline_2,0.0009686986206795208,False,False
2022-10-03,M2,mu5,E01_spline_0,0.0015367262930110412,False,False
2022-10-03,M2,mu5,E01_spline_1,0.0012743865116205152,False,False
2022-10-03,M2,mu5,E01_spline_2,-0.006198569374296574,False,False
2022-10-03,M2,mu5,F01_spline_0,7.594472898934555e-05,False,False
2022-10-03,M2,mu5,F01_spline_1,0.001086535313810152,False,False
2022-10-03,M2,mu5,F01_spline_2,-0.0008949395994554128,False,False
2022-10-03,M2,mu5,F02_spline_0,0.00453288007814977,False,False
2022-10-03,M2,mu5,F02_spline_1,-0.004411344814651731,False,False
2022-10-03,M2,mu5,F02_spline_2,0.0018925904437955307,False,False
2022-10-03,M2,mu5,F03_spline_0,-0.0025129655205210115,False,False
2022-10-03,M2,mu5,F03_spline_1,-0.00041795565305927096,False,False
2022-10-03,M2,mu5,F03_spline_2,0.0005745559499335563,False,False
2022-10-03,M2,mu5,F04_spline_0,-0.005308171690850168,False,False
2022-10-03,M2,mu5,F04_spline_1,-0.002038023940763414,False,False
2022-10-03,M2,mu5,F04_spline_2,0.0005710068387929522,False,False
2022-10-03,M2,mu5,I01,-0.0005925170437178565,False,False
2022-10-03,M2,mu5,I02,0.003733426651400842,False,False
2022-10-03,M2,mu5,I03,0.0016467978237246095,False,False
2022-10-03,M2,mu5,I04,0.0007122780756674682,False,False
2022-10-03,M2,mu5,I05,-0.008909860368559876,False,False
2022-10-03,M2,mu5,I06,-0.0035741603449478084,False,False
2022-10-03,M2,q90,A01_spline_0,0.030490813449735907,False,False
2022-10-03,M2,q90,A01_spline_1,0.0,True,False
2022-10-03,M2,q90,A01_spline_2,0.0,True,False
2022-10-03,M2,q90,A02_spline_0,-0.0003789750176185784,False,False
2022-10-03,M2,q90,A02_spline_1,0.0,True,False
2022-10-03,M2,q90,A02_spline_2,0.0,True,False
2022-10-03,M2,q90,A03_spline_0,0.0039720235202582695,False,False
2022-10-03,M2,q90,A03_spline_1,0.0,True,False
2022-10-03,M2,q90,A03_spline_2,0.0,True,False
2022-10-03,M2,q90,A04_spline_0,0.0,True,False
2022-10-03,M2,q90,A04_spline_1,0.0,True,False
2022-10-03,M2,q90,A04_spline_2,0.0005504340632101964,False,False
2022-10-03,M2,q90,A05_spline_0,0.0041123112483121005,False,False
2022-10-03,M2,q90,A05_spline_1,0.0,True,False
2022-10-03,M2,q90,A05_spline_2,-0.0003929951216776715,False,False
2022-10-03,M2,q90,B01_spline_0,0.0,True,False
2022-10-03,M2,q90,B01_spline_1,0.0,True,False
2022-10-03,M2,q90,B01_spline_2,0.0,True,False
2022-10-03,M2,q90,B02_spline_0,0.0,True,False
2022-10-03,M2,q90,B02_spline_1,0.0,True,False
2022-10-03,M2,q90,B02_spline_2,0.0,True,False
2022-10-03,M2,q90,B03_spline_0,-0.000533964998651332,False,False
2022-10-03,M2,q90,B03_spline_1,0.0,True,False
2022-10-03,M2,q90,B03_spline_2,0.0,True,False
2022-10-03,M2,q90,C01_spline_0,-0.011299723341546651,False,False
2022-10-03,M2,q90,C01_spline_1,0.0,True,False
2022-10-03,M2,q90,C01_spline_2,0.0,True,False
2022-10-03,M2,q90,C02_spline_0,-0.0017562548465378798,False,False
2022-10-03,M2,q90,C02_spline_1,0.0,True,False
2022-10-03,M2,q90,C02_spline_2,0.0,True,False
2022-10-03,M2,q90,C03_spline_0,0.0,True,False
2022-10-03,M2,q90,C03_spline_1,0.0,True,False
2022-10-03,M2,q90,C03_spline_2,0.0,True,False
2022-10-03,M2,q90,D01_spline_0,0.0,True,False
2022-10-03,M2,q90,D01_spline_1,0.0,True,False
2022-10-03,M2,q90,D01_spline_2,0.0,True,False
2022-10-03,M2,q90,D02_spline_0,0.007377922817868732,False,False
2022-10-03,M2,q90,D02_spline_1,0.0,True,False
2022-10-03,M2,q90,D02_spline_2,0.0,True,False
2022-10-03,M2,q90,D03_spline_0,0.0,True,False
2022-10-03,M2,q90,D03_spline_1,0.0,True,False
2022-10-03,M2,q90,D03_spline_2,0.0,True,False
2022-10-03,M2,q90,E01_spline_0,0.0,True,False
2022-10-03,M2,q90,E01_spline_1,0.0,True,False
2022-10-03,M2,q90,E01_spline_2,0.007446561681132013,False,False
2022-10-03,M2,q90,F01_spline_0,-0.0009468382186834484,False,False
2022-10-03,M2,q90,F01_spline_1,0.0,True,False
2022-10-03,M2,q90,F01_spline_2,0.0,True,False
2022-10-03,M2,q90,F02_spline_0,0.0,True,False
2022-10-03,M2,q90,F02_spline_1,0.0,True,False
2022-10-03,M2,q90,F02_spline_2,0.003562523941043418,False,False
2022-10-03,M2,q90,F03_spline_0,0.0,True,False
2022-10-03,M2,q90,F03_spline_1,0.0,True,False
2022-10-03,M2,q90,F03_spline_2,0.0,True,False
2022-10-03,M2,q90,F04_spline_0,0.0037258934167917197,False,False
2022-10-03,M2,q90,F04_spline_1,0.0,True,False
2022-10-03,M2,q90,F04_spline_2,-0.005520298033674451,False,False
2022-10-03,M2,q90,I01,0.0,True,False
2022-10-03,M2,q90,I02,0.0,True,False
2022-10-03,M2,q90,I03,0.0,True,False
2022-10-03,M2,q90,I04,0.0,True,False
2022-10-03,M2,q90,I05,0.0,True,False
2022-10-03,M2,q90,I06,0.0,True,False
2022-10-03,M2,p10,A01_spline_0,0.49794734038987926,False,False
2022-10-03,M2,p10,A01_spline_1,-0.0025794246687464435,False,False
2022-10-03,M2,p10,A01_spline_2,0.10973655290146052,False,False
2022-10-03,M2,p10,A02_spline_0,-0.16302902290712212,False,False
2022-10-03,M2,p10,A02_spline_1,0.006067114556918029,False,False
2022-10-03,M2,p10,A02_spline_2,-0.07710295404187709,False,False
2022-10-03,M2,p10,A03_spline_0,0.5554419262317543,False,False
2022-10-03,M2,p10,A03_spline_1,-0.05931883774003169,False,False
2022-10-03,M2,p10,A03_spline_2,-0.12047747609564455,False,False
2022-10-03,M2,p10,A04_spline_0,-0.15355700694451166,False,False
2022-10-03,M2,p10,A04_spline_1,-0.14839039785893196,False,False
2022-10-03,M2,p10,A04_spline_2,0.09982924263830537,False,False
2022-10-03,M2,p10,A05_spline_0,0.09064278565308022,False,False
2022-10-03,M2,p10,A05_spline_1,-0.1123769018099039,False,False
2022-10-03,M2,p10,A05_spline_2,0.03661343570787074,False,False
2022-10-03,M2,p10,B01_spline_0,-0.076493900646588,False,False
2022-10-03,M2,p10,B01_spline_1,-0.02792163154930983,False,False
2022-10-03,M2,p10,B01_spline_2,0.16699400019386346,False,False
2022-10-03,M2,p10,B02_spline_0,0.05405538654111788,False,False
2022-10-03,M2,p10,B02_spline_1,-0.05827038552576,False,False
2022-10-03,M2,p10,B02_spline_2,-0.09341077621951538,False,False
2022-10-03,M2,p10,B03_spline_0,-0.4281830834322893,False,False
2022-10-03,M2,p10,B03_spline_1,0.03795347593760958,False,False
2022-10-03,M2,p10,B03_spline_2,-0.020899107926833325,False,False
2022-10-03,M2,p10,C01_spline_0,-0.39086420401851196,False,False
2022-10-03,M2,p10,C01_spline_1,0.3142131405666623,False,False
2022-10-03,M2,p10,C01_spline_2,0.06506253119666834,False,False
2022-10-03,M2,p10,C02_spline_0,-0.34170167716160893,False,False
2022-10-03,M2,p10,C02_spline_1,0.09456362673675181,False,False
2022-10-03,M2,p10,C02_spline_2,0.12954906924638837,False,False
2022-10-03,M2,p10,C03_spline_0,-0.0277846008832561,False,False
2022-10-03,M2,p10,C03_spline_1,0.12349858302317171,False,False
2022-10-03,M2,p10,C03_spline_2,-0.22603927957458878,False,False
2022-10-03,M2,p10,D01_spline_0,0.09052802285940964,False,False
2022-10-03,M2,p10,D01_spline_1,0.03530745970614565,False,False
2022-10-03,M2,p10,D01_spline_2,-0.03305254626985689,False,False
2022-10-03,M2,p10,D02_spline_0,0.1447087304965587,False,False
2022-10-03,M2,p10,D02_spline_1,-0.02565871355677487,False,False
2022-10-03,M2,p10,D02_spline_2,0.02655448513701195,False,False
2022-10-03,M2,p10,D03_spline_0,-0.1979536373783571,False,False
2022-10-03,M2,p10,D03_spline_1,0.19817304158592422,False,False
2022-10-03,M2,p10,D03_spline_2,-0.05248786175437985,False,False
2022-10-03,M2,p10,E01_spline_0,0.015851865400518545,False,False
2022-10-03,M2,p10,E01_spline_1,-0.09667906387753974,False,False
2022-10-03,M2,p10,E01_spline_2,0.1196964364342788,False,False
2022-10-03,M2,p10,F01_spline_0,-0.02280188555506629,False,False
2022-10-03,M2,p10,F01_spline_1,-0.23225328444368432,False,False
2022-10-03,M2,p10,F01_spline_2,0.13608545410276157,False,False
2022-10-03,M2,p10,F02_spline_0,-0.25157472368478434,False,False
2022-10-03,M2,p10,F02_spline_1,-0.06437998842852886,False,False
2022-10-03,M2,p10,F02_spline_2,0.0016594824607413852,False,False
2022-10-03,M2,p10,F03_spline_0,0.22721775006437017,False,False
2022-10-03,M2,p10,F03_spline_1,0.019274212862937273,False,False
2022-10-03,M2,p10,F03_spline_2,-0.029083947441556488,False,False
2022-10-03,M2,p10,F04_spline_0,0.27196360693942007,False,False
2022-10-03,M2,p10,F04_spline_1,-0.02873902964253675,False,False
2022-10-03,M2,p10,F04_spline_2,-0.006392945351968713,False,False
2022-10-03,M2,p10,I01,-0.14110209198037907,False,False
2022-10-03,M2,p10,I02,0.0751215138738851,False,False
2022-10-03,M2,p10,I03,-0.035674324658599245,False,False
2022-10-03,M2,p10,I04,-0.10424738721107872,False,False
2022-10-03,M2,p10,I05,0.27431247722881624,False,False
2022-10-03,M2,p10,I06,0.022949123237194082,False,False
2022-11-01,M1,mu5,A01,0.007456641582030071,False,False
2022-11-01,M1,mu5,A02,-0.00045616564430283035,False,False
2022-11-01,M1,mu5,A03,0.006407470219929929,False,False
2022-11-01,M1,mu5,A04,-0.0034195657289158607,False,False
2022-11-01,M1,mu5,A05,0.0026339179896079303,False,False
2022-11-01,M1,mu5,B01,0.0066249237358109204,False,False
2022-11-01,M1,mu5,B02,0.004040283803642733,False,False
2022-11-01,M1,mu5,B03,0.00020043252981763208,False,False
2022-11-01,M1,mu5,C01,0.000972818774657941,False,False
2022-11-01,M1,mu5,C02,0.004770942730291557,False,False
2022-11-01,M1,mu5,C03,-0.00034285951212427787,False,False
2022-11-01,M1,mu5,D01,-0.00034228007709664936,False,False
2022-11-01,M1,mu5,D02,0.0007111631308492305,False,False
2022-11-01,M1,mu5,D03,0.004416147701194072,False,False
2022-11-01,M1,mu5,E01,-0.00173103629601742,False,False
2022-11-01,M1,mu5,F01,-0.0002543410715458331,False,False
2022-11-01,M1,mu5,F02,0.004062271765398371,False,False
2022-11-01,M1,mu5,F03,0.0012810074419374777,False,False
2022-11-01,M1,mu5,F04,0.004043435461709863,False,False
2022-11-01,M1,q90,A01,-0.0011553926613707406,False,False
2022-11-01,M1,q90,A02,0.0,True,False
2022-11-01,M1,q90,A03,-0.006430263915552709,False,False
2022-11-01,M1,q90,A04,0.00704965786562517,False,False
2022-11-01,M1,q90,A05,-0.00010739519881105505,False,False
2022-11-01,M1,q90,B01,0.0,True,False
2022-11-01,M1,q90,B02,0.0,True,False
2022-11-01,M1,q90,B03,0.0,True,False
2022-11-01,M1,q90,C01,0.0034842887390004367,False,False
2022-11-01,M1,q90,C02,0.0,True,False
2022-11-01,M1,q90,C03,0.0,True,False
2022-11-01,M1,q90,D01,0.0,True,False
2022-11-01,M1,q90,D02,0.0,True,False
2022-11-01,M1,q90,D03,-0.0082950084547995,False,False
2022-11-01,M1,q90,E01,0.0,True,False
2022-11-01,M1,q90,F01,0.0,True,False
2022-11-01,M1,q90,F02,0.0,True,False
2022-11-01,M1,q90,F03,-0.009180705720603411,False,False
2022-11-01,M1,q90,F04,0.0,True,False
2022-11-01,M1,p10,A01,-0.2746518031384332,False,False
2022-11-01,M1,p10,A02,-0.0502787230892289,False,False
2022-11-01,M1,p10,A03,-0.3412506715447484,False,False
2022-11-01,M1,p10,A04,0.24999474525827164,False,False
2022-11-01,M1,p10,A05,0.049374175473359365,False,False
2022-11-01,M1,p10,B01,-0.05206808560149874,False,False
2022-11-01,M1,p10,B02,-0.14844656240782408,False,False
2022-11-01,M1,p10,B03,0.2737934373122849,False,False
2022-11-01,M1,p10,C01,0.07380538127002075,False,False
2022-11-01,M1,p10,C02,-0.11770628062541093,False,False
2022-11-01,M1,p10,C03,0.029304882973390234,False,False
2022-11-01,M1,p10,D01,0.08830917518592829,False,False
2022-11-01,M1,p10,D02,-0.142578343103879,False,False
2022-11-01,M1,p10,D03,-0.31688933065587965,False,False
2022-11-01,M1,p10,E01,0.1391000589470216,False,False
2022-11-01,M1,p10,F01,0.17667526241301648,False,False
2022-11-01,M1,p10,F02,0.137469406749586,False,False
2022-11-01,M1,p10,F03,-0.19326615081402326,False,False
2022-11-01,M1,p10,F04,-0.11886520223655829,False,False
2022-11-01,M2,mu5,A01_spline_0,-0.021793045672688156,False,False
2022-11-01,M2,mu5,A01_spline_1,0.001750721005899997,False,False
2022-11-01,M2,mu5,A01_spline_2,-0.0017091290012712377,False,False
2022-11-01,M2,mu5,A02_spline_0,0.004964542259910363,False,False
2022-11-01,M2,mu5,A02_spline_1,0.0019616335816352477,False,False
2022-11-01,M2,mu5,A02_spline_2,0.005800294703947929,False,False
2022-11-01,M2,mu5,A03_spline_0,-0.010067093967952398,False,False
2022-11-01,M2,mu5,A03_spline_1,0.004207673170662542,False,False
2022-11-01,M2,mu5,A03_spline_2,0.0012123332173552917,False,False
2022-11-01,M2,mu5,A04_spline_0,0.0016234169871176072,False,False
2022-11-01,M2,mu5,A04_spline_1,0.0037691118379366015,False,False
2022-11-01,M2,mu5,A04_spline_2,-0.0013244027744707787,False,False
2022-11-01,M2,mu5,A05_spline_0,-0.004255292739768478,False,False
2022-11-01,M2,mu5,A05_spline_1,0.0015566082513624644,False,False
2022-11-01,M2,mu5,A05_spline_2,0.0006499314891094701,False,False
2022-11-01,M2,mu5,B01_spline_0,-0.0023363418957725703,False,False
2022-11-01,M2,mu5,B01_spline_1,-0.0043791714096001275,False,False
2022-11-01,M2,mu5,B01_spline_2,-0.000868934568181694,False,False
2022-11-01,M2,mu5,B02_spline_0,-0.0010128385675503776,False,False
2022-11-01,M2,mu5,B02_spline_1,0.0008847276967783601,False,False
2022-11-01,M2,mu5,B02_spline_2,0.0020140170742658963,False,False
2022-11-01,M2,mu5,B03_spline_0,0.005062368446721659,False,False
2022-11-01,M2,mu5,B03_spline_1,-0.0005084499918043442,False,False
2022-11-01,M2,mu5,B03_spline_2,0.002807821925807516,False,False
2022-11-01,M2,mu5,C01_spline_0,0.002499630154599566,False,False
2022-11-01,M2,mu5,C01_spline_1,-0.006716620776339362,False,False
2022-11-01,M2,mu5,C01_spline_2,-0.0035771159676003376,False,False
2022-11-01,M2,mu5,C02_spline_0,0.0023690099173016227,False,False
2022-11-01,M2,mu5,C02_spline_1,-0.00474979025422965,False,False
2022-11-01,M2,mu5,C02_spline_2,-0.004861780140812093,False,False
2022-11-01,M2,mu5,C03_spline_0,-0.0031129822518856432,False,False
2022-11-01,M2,mu5,C03_spline_1,-0.002208624161903051,False,False
2022-11-01,M2,mu5,C03_spline_2,0.003729680788449235,False,False
2022-11-01,M2,mu5,D01_spline_0,-0.004282757998465796,False,False
2022-11-01,M2,mu5,D01_spline_1,0.00037949253461262624,False,False
2022-11-01,M2,mu5,D01_spline_2,-0.002735493493880155,False,False
2022-11-01,M2,mu5,D02_spline_0,-0.001223718912343312,False,False
2022-11-01,M2,mu5,D02_spline_1,-0.0007143170629687091,False,False
2022-11-01,M2,mu5,D02_spline_2,-0.0045805492542756385,False,False
2022-11-01,M2,mu5,D03_spline_0,0.0008840125002833698,False,False
2022-11-01,M2,mu5,D03_spline_1,-0.0013474758095283752,False,False
2022-11-01,M2,mu5,D03_spline_2,0.0010300678789407934,False,False
2022-11-01,M2,mu5,E01_spline_0,0.0017469655577517455,False,False
2022-11-01,M2,mu5,E01_spline_1,0.0006446634300395528,False,False
2022-11-01,M2,mu5,E01_spline_2,-0.005720354551604318,False,False
2022-11-01,M2,mu5,F01_spline_0,7.440450399935736e-05,False,False
2022-11-01,M2,mu5,F01_spline_1,0.0009768875818963875,False,False
2022-11-01,M2,mu5,F01_spline_2,-0.0008567380607041496,False,False
2022-11-01,M2,mu5,F02_spline_0,0.005184034862774798,False,False
2022-11-01,M2,mu5,F02_spline_1,-0.004926023947062565,False,False
2022-11-01,M2,mu5,F02_spline_2,0.0023955541413319416,False,False
2022-11-01,M2,mu5,F03_spline_0,-0.0024672076859295323,False,False
2022-11-01,M2,mu5,F03_spline_1,-0.00044651075958416836,False,False
2022-11-01,M2,mu5,F03_spline_2,0.0006435896904424072,False,False
2022-11-01,M2,mu5,F04_spline_0,-0.004988343824682536,False,False
2022-11-01,M2,mu5,F04_spline_1,-0.0018093077818640158,False,False
2022-11-01,M2,mu5,F04_spline_2,-0.00043440365843639653,False,False
2022-11-01,M2,mu5,I01,-0.00039664690608180817,False,False
2022-11-01,M2,mu5,I02,0.00406779906090818,False,False
2022-11-01,M2,mu5,I03,0.0015909893768395623,False,False
2022-11-01,M2,mu5,I04,0.0004921236545197452,False,False
2022-11-01,M2,mu5,I05,-0.0077243443586611175,False,False
2022-11-01,M2,mu5,I06,-0.0033128014691486025,False,False
2022-11-01,M2,q90,A01_spline_0,0.02788755339521756,False,False
2022-11-01,M2,q90,A01_spline_1,0.0,True,False
2022-11-01,M2,q90,A01_spline_2,0.0,True,False
2022-11-01,M2,q90,A02_spline_0,0.0,True,False
2022-11-01,M2,q90,A02_spline_1,0.0,True,False
2022-11-01,M2,q90,A02_spline_2,0.0,True,False
2022-11-01,M2,q90,A03_spline_0,0.004593823983735542,False,False
2022-11-01,M2,q90,A03_spline_1,0.0,True,False
2022-11-01,M2,q90,A03_spline_2,0.0,True,False
2022-11-01,M2,q90,A04_spline_0,0.0,True,False
2022-11-01,M2,q90,A04_spline_1,0.0,True,False
2022-11-01,M2,q90,A04_spline_2,0.000987658805799703,False,False
2022-11-01,M2,q90,A05_spline_0,0.0029907450442753056,False,False
2022-11-01,M2,q90,A05_spline_1,0.0,True,False
2022-11-01,M2,q90,A05_spline_2,-0.000372934216053205,False,False
2022-11-01,M2,q90,B01_spline_0,0.0,True,False
2022-11-01,M2,q90,B01_spline_1,0.0,True,False
2022-11-01,M2,q90,B01_spline_2,0.0,True,False
2022-11-01,M2,q90,B02_spline_0,0.0,True,False
2022-11-01,M2,q90,B02_spline_1,0.0,True,False
2022-11-01,M2,q90,B02_spline_2,0.0,True,False
2022-11-01,M2,q90,B03_spline_0,0.0,True,False
2022-11-01,M2,q90,B03_spline_1,0.0,True,False
2022-11-01,M2,q90,B03_spline_2,0.0,True,False
2022-11-01,M2,q90,C01_spline_0,-0.00963540270073752,False,False
2022-11-01,M2,q90,C01_spline_1,0.0,True,False
2022-11-01,M2,q90,C01_spline_2,0.0,True,False
2022-11-01,M2,q90,C02_spline_0,-0.0027092398098795107,False,False
2022-11-01,M2,q90,C02_spline_1,0.0,True,False
2022-11-01,M2,q90,C02_spline_2,0.0,True,False
2022-11-01,M2,q90,C03_spline_0,0.0,True,False
2022-11-01,M2,q90,C03_spline_1,0.0,True,False
2022-11-01,M2,q90,C03_spline_2,0.0,True,False
2022-11-01,M2,q90,D01_spline_0,0.0,True,False
2022-11-01,M2,q90,D01_spline_1,0.0,True,False
2022-11-01,M2,q90,D01_spline_2,0.0,True,False
2022-11-01,M2,q90,D02_spline_0,0.008987053669904611,False,False
2022-11-01,M2,q90,D02_spline_1,0.0,True,False
2022-11-01,M2,q90,D02_spline_2,0.0,True,False
2022-11-01,M2,q90,D03_spline_0,0.0,True,False
2022-11-01,M2,q90,D03_spline_1,0.0,True,False
2022-11-01,M2,q90,D03_spline_2,0.0,True,False
2022-11-01,M2,q90,E01_spline_0,0.0,True,False
2022-11-01,M2,q90,E01_spline_1,0.0,True,False
2022-11-01,M2,q90,E01_spline_2,0.00828086234230295,False,False
2022-11-01,M2,q90,F01_spline_0,-0.002076045590978194,False,False
2022-11-01,M2,q90,F01_spline_1,0.0,True,False
2022-11-01,M2,q90,F01_spline_2,0.0,True,False
2022-11-01,M2,q90,F02_spline_0,0.0,True,False
2022-11-01,M2,q90,F02_spline_1,0.0,True,False
2022-11-01,M2,q90,F02_spline_2,0.0035631851789811445,False,False
2022-11-01,M2,q90,F03_spline_0,0.0,True,False
2022-11-01,M2,q90,F03_spline_1,0.0,True,False
2022-11-01,M2,q90,F03_spline_2,0.0,True,False
2022-11-01,M2,q90,F04_spline_0,0.00329240951512686,False,False
2022-11-01,M2,q90,F04_spline_1,0.0,True,False
2022-11-01,M2,q90,F04_spline_2,-0.0007098829224222953,False,False
2022-11-01,M2,q90,I01,0.0,True,False
2022-11-01,M2,q90,I02,0.0,True,False
2022-11-01,M2,q90,I03,0.0,True,False
2022-11-01,M2,q90,I04,0.0,True,False
2022-11-01,M2,q90,I05,0.0,True,False
2022-11-01,M2,q90,I06,0.0,True,False
2022-11-01,M2,p10,A01_spline_0,0.5050837077007284,False,False
2022-11-01,M2,p10,A01_spline_1,-0.008502153640468937,False,False
2022-11-01,M2,p10,A01_spline_2,0.1205792761381896,False,False
2022-11-01,M2,p10,A02_spline_0,-0.16271285543678538,False,False
2022-11-01,M2,p10,A02_spline_1,0.017948488789612974,False,False
2022-11-01,M2,p10,A02_spline_2,-0.086640555836497,False,False
2022-11-01,M2,p10,A03_spline_0,0.5705123718413417,False,False
2022-11-01,M2,p10,A03_spline_1,-0.06536953918928563,False,False
2022-11-01,M2,p10,A03_spline_2,-0.11862675466225892,False,False
2022-11-01,M2,p10,A04_spline_0,-0.15369367627174071,False,False
2022-11-01,M2,p10,A04_spline_1,-0.1513362082009372,False,False
2022-11-01,M2,p10,A04_spline_2,0.09849823108904597,False,False
2022-11-01,M2,p10,A05_spline_0,0.07725746822606688,False,False
2022-11-01,M2,p10,A05_spline_1,-0.10993308456912017,False,False
2022-11-01,M2,p10,A05_spline_2,0.037406990481850366,False,False
2022-11-01,M2,p10,B01_spline_0,-0.08309315821654581,False,False
2022-11-01,M2,p10,B01_spline_1,-0.002364964627212747,False,False
2022-11-01,M2,p10,B01_spline_2,0.15267981375204828,False,False
2022-11-01,M2,p10,B02_spline_0,0.05311662107717381,False,False
2022-11-01,M2,p10,B02_spline_1,-0.0709931274145494,False,False
2022-11-01,M2,p10,B02_spline_2,-0.09189606259717295,False,False
2022-11-01,M2,p10,B03_spline_0,-0.438988975050221,False,False
2022-11-01,M2,p10,B03_spline_1,0.051137804426305895,False,False
2022-11-01,M2,p10,B03_spline_2,-0.02622861508667248,False,False
2022-11-01,M2,p10,C01_spline_0,-0.3795807299063962,False,False
2022-11-01,M2,p10,C01_spline_1,0.29072932485915315,False,False
2022-11-01,M2,p10,C01_spline_2,0.08192844871016289,False,False
2022-11-01,M2,p10,C02_spline_0,-0.36696722394653053,False,False
2022-11-01,M2,p10,C02_spline_1,0.10179398962534696,False,False
2022-11-01,M2,p10,C02_spline_2,0.13808042220974506,False,False
2022-11-01,M2,p10,C03_spline_0,-0.01646465476996028,False,False
2022-11-01,M2,p10,C03_spline_1,0.11869512590336259,False,False
2022-11-01,M2,p10,C03_spline_2,-0.22575085207941412,False,False
2022-11-01,M2,p10,D01_spline_0,0.09080754149753084,False,False
2022-11-01,M2,p10,D01_spline_1,0.04811771973521872,False,False
2022-11-01,M2,p10,D01_spline_2,-0.04241884122282896,False,False
2022-11-01,M2,p10,D02_spline_0,0.14065568494139416,False,False
2022-11-01,M2,p10,D02_spline_1,-0.011764502616081838,False,False
2022-11-01,M2,p10,D02_spline_2,0.01638862894844423,False,False
2022-11-01,M2,p10,D03_spline_0,-0.191983551724958,False,False
2022-11-01,M2,p10,D03_spline_1,0.20383901045524344,False,False
2022-11-01,M2,p10,D03_spline_2,-0.061999049452086716,False,False
2022-11-01,M2,p10,E01_spline_0,0.011448188308555063,False,False
2022-11-01,M2,p10,E01_spline_1,-0.08267741252644437,False,False
2022-11-01,M2,p10,E01_spline_2,0.11079415545615207,False,False
2022-11-01,M2,p10,F01_spline_0,-0.026617702152197303,False,False
2022-11-01,M2,p10,F01_spline_1,-0.2297184142218623,False,False
2022-11-01,M2,p10,F01_spline_2,0.13527884736470336,False,False
2022-11-01,M2,p10,F02_spline_0,-0.2836395502462548,False,False
2022-11-01,M2,p10,F02_spline_1,-0.09528880869221322,False,False
2022-11-01,M2,p10,F02_spline_2,-0.000885118867298292,False,False
2022-11-01,M2,p10,F03_spline_0,0.22971830567753596,False,False
2022-11-01,M2,p10,F03_spline_1,0.020060238661575906,False,False
2022-11-01,M2,p10,F03_spline_2,-0.033023635224675114,False,False
2022-11-01,M2,p10,F04_spline_0,0.2714684274114311,False,False
2022-11-01,M2,p10,F04_spline_1,-0.05144433590151474,False,False
2022-11-01,M2,p10,F04_spline_2,0.026204355421674496,False,False
2022-11-01,M2,p10,I01,-0.14057825330136767,False,False
2022-11-01,M2,p10,I02,0.06855904402977635,False,False
2022-11-01,M2,p10,I03,-0.042671407279275084,False,False
2022-11-01,M2,p10,I04,-0.10925035967153976,False,False
2022-11-01,M2,p10,I05,0.2429685466357358,False,False
2022-11-01,M2,p10,I06,0.013957237507114265,False,False
2022-12-01,M1,mu5,A01,0.008124337319305107,False,False
2022-12-01,M1,mu5,A02,0.0003755730784555688,False,False
2022-12-01,M1,mu5,A03,0.005979899318959799,False,False
2022-12-01,M1,mu5,A04,-0.0034681898069337165,False,False
2022-12-01,M1,mu5,A05,0.002748327235450415,False,False
2022-12-01,M1,mu5,B01,0.007374762827782214,False,False
2022-12-01,M1,mu5,B02,0.004027642580599917,False,False
2022-12-01,M1,mu5,B03,-0.00010316158731784804,False,False
2022-12-01,M1,mu5,C01,-3.02920390132912e-05,False,False
2022-12-01,M1,mu5,C02,0.0049916002838930615,False,False
2022-12-01,M1,mu5,C03,-0.00022229988916678747,False,False
2022-12-01,M1,mu5,D01,0.0010260370229133572,False,False
2022-12-01,M1,mu5,D02,0.0013004997378508402,False,False
2022-12-01,M1,mu5,D03,0.004342156089565223,False,False
2022-12-01,M1,mu5,E01,-0.0016284702620024893,False,False
2022-12-01,M1,mu5,F01,0.00011196752090744726,False,False
2022-12-01,M1,mu5,F02,0.0048090221624085905,False,False
2022-12-01,M1,mu5,F03,0.0012304260070533574,False,False
2022-12-01,M1,mu5,F04,0.003140333530538892,False,False
2022-12-01,M1,q90,A01,-0.0013403298394383523,False,False
2022-12-01,M1,q90,A02,0.0,True,False
2022-12-01,M1,q90,A03,-0.0036252103808558623,False,False
2022-12-01,M1,q90,A04,0.005627532153434746,False,False
2022-12-01,M1,q90,A05,-0.0004467446476006658,False,False
2022-12-01,M1,q90,B01,0.0,True,False
2022-12-01,M1,q90,B02,0.0,True,False
2022-12-01,M1,q90,B03,0.0,True,False
2022-12-01,M1,q90,C01,0.005838117244224025,False,False
2022-12-01,M1,q90,C02,0.0,True,False
2022-12-01,M1,q90,C03,0.0,True,False
2022-12-01,M1,q90,D01,0.0,True,False
2022-12-01,M1,q90,D02,0.0,True,False
2022-12-01,M1,q90,D03,-0.007798843338627932,False,False
2022-12-01,M1,q90,E01,0.0,True,False
2022-12-01,M1,q90,F01,0.0,True,False
2022-12-01,M1,q90,F02,0.0,True,False
2022-12-01,M1,q90,F03,-0.011624282445847388,False,False
2022-12-01,M1,q90,F04,0.0,True,False
2022-12-01,M1,p10,A01,-0.2995957696914134,False,False
2022-12-01,M1,p10,A02,-0.08167162415602876,False,False
2022-12-01,M1,p10,A03,-0.3356159544554064,False,False
2022-12-01,M1,p10,A04,0.25524290563819463,False,False
2022-12-01,M1,p10,A05,0.046210231212284236,False,False
2022-12-01,M1,p10,B01,-0.09030572090814638,False,False
2022-12-01,M1,p10,B02,-0.167616444907696,False,False
2022-12-01,M1,p10,B03,0.28379256870604,False,False
2022-12-01,M1,p10,C01,0.12177221394934201,False,False
2022-12-01,M1,p10,C02,-0.12972965363731204,False,False
2022-12-01,M1,p10,C03,0.02611643979146527,False,False
2022-12-01,M1,p10,D01,0.05052199797773345,False,False
2022-12-01,M1,p10,D02,-0.16895503245450577,False,False
2022-12-01,M1,p10,D03,-0.31321552901940003,False,False
2022-12-01,M1,p10,E01,0.13338036084433053,False,False
2022-12-01,M1,p10,F01,0.16798222925470552,False,False
2022-12-01,M1,p10,F02,0.11182202270911226,False,False
2022-12-01,M1,p10,F03,-0.19624850364805926,False,False
2022-12-01,M1,p10,F04,-0.08191509035256697,False,False
2022-12-01,M2,mu5,A01_spline_0,-0.02234249954918209,False,False
2022-12-01,M2,mu5,A01_spline_1,0.0017148451578464531,False,False
2022-12-01,M2,mu5,A01_spline_2,-0.0016650180012556188,False,False
2022-12-01,M2,mu5,A02_spline_0,0.00483631488417708,False,False
2022-12-01,M2,mu5,A02_spline_1,0.0010588809566948823,False,False
2022-12-01,M2,mu5,A02_spline_2,0.005485187486928627,False,False
2022-12-01,M2,mu5,A03_spline_0,-0.010028099821195522,False,False
2022-12-01,M2,mu5,A03_spline_1,0.004417009559031841,False,False
2022-12-01,M2,mu5,A03_spline_2,0.0011385929063231627,False,False
2022-12-01,M2,mu5,A04_spline_0,0.0014907882855815647,False,False
2022-12-01,M2,mu5,A04_spline_1,0.0038523022497911363,False,False
2022-12-01,M2,mu5,A04_spline_2,-0.0012617680405883405,False,False
2022-12-01,M2,mu5,A05_spline_0,-0.003894901461363541,False,False
2022-12-01,M2,mu5,A05_spline_1,0.001370672643597332,False,False
2022-12-01,M2,mu5,A05_spline_2,0.0004995138539977064,False,False
2022-12-01,M2,mu5,B01_spline_0,-0.0025278318627544967,False,False
2022-12-01,M2,mu5,B01_spline_1,-0.004305356572103302,False,False
2022-12-01,M2,mu5,B01_spline_2,-0.0008294291949120423,False,False
2022-12-01,M2,mu5,B02_spline_0,-0.001058357965453006,False,False
2022-12-01,M2,mu5,B02_spline_1,0.0009745055579715393,False,False
2022-12-01,M2,mu5,B02_spline_2,0.0018726432992366858,False,False
2022-12-01,M2,mu5,B03_spline_0,0.005065246134281406,False,False
2022-12-01,M2,mu5,B03_spline_1,-0.00010778927864795937,False,False
2022-12-01,M2,mu5,B03_spline_2,0.0024809557896853943,False,False
2022-12-01,M2,mu5,C01_spline_0,0.0025566030407301117,False,False
2022-12-01,M2,mu5,C01_spline_1,-0.006463250029114948,False,False
2022-12-01,M2,mu5,C01_spline_2,-0.004007684733827857,False,False
2022-12-01,M2,mu5,C02_spline_0,0.002443546011822468,False,False
2022-12-01,M2,mu5,C02_spline_1,-0.004895625113073142,False,False
2022-12-01,M2,mu5,C02_spline_2,-0.0045974330402125015,False,False
2022-12-01,M2,mu5,C03_spline_0,-0.003273652664845972,False,False
2022-12-01,M2,mu5,C03_spline_1,-0.002182990121255621,False,False
2022-12-01,M2,mu5,C03_spline_2,0.003842548283990505,False,False
2022-12-01,M2,mu5,D01_spline_0,-0.004695732519111885,False,False
2022-12-01,M2,mu5,D01_spline_1,-0.0005274809145389687,False,False
2022-12-01,M2,mu5,D01_spline_2,-0.0017409009729135087,False,False
2022-12-01,M2,mu5,D02_spline_0,-0.0013911119218476937,False,False
2022-12-01,M2,mu5,D02_spline_1,-0.000619689037517876,False,False
2022-12-01,M2,mu5,D02_spline_2,-0.00453178805915536,False,False
2022-12-01,M2,mu5,D03_spline_0,0.0004631683163030015,False,False
2022-12-01,M2,mu5,D03_spline_1,-0.0011373888277552426,False,False
2022-12-01,M2,mu5,D03_spline_2,0.0009529330970331249,False,False
2022-12-01,M2,mu5,E01_spline_0,0.0017070518236973545,False,False
2022-12-01,M2,mu5,E01_spline_1,0.0007493029387452979,False,False
2022-12-01,M2,mu5,E01_spline_2,-0.005931873604597253,False,False
2022-12-01,M2,mu5,F01_spline_0,-0.0002522053848444918,False,False
2022-12-01,M2,mu5,F01_spline_1,0.00048454165996196334,False,False
2022-12-01,M2,mu5,F01_spline_2,-0.00039489244212675175,False,False
2022-12-01,M2,mu5,F02_spline_0,0.005514556249460281,False,False
2022-12-01,M2,mu5,F02_spline_1,-0.005313067395684864,False,False
2022-12-01,M2,mu5,F02_spline_2,0.0024433849581506403,False,False
2022-12-01,M2,mu5,F03_spline_0,-0.002679228500672924,False,False
2022-12-01,M2,mu5,F03_spline_1,-0.0001538358031149341,False,False
2022-12-01,M2,mu5,F03_spline_2,0.0006634710602375951,False,False
2022-12-01,M2,mu5,F04_spline_0,-0.004261157368686302,False,False
2022-12-01,M2,mu5,F04_spline_1,-0.0019596648117547848,False,False
2022-12-01,M2,mu5,F04_spline_2,-0.0008094469569313279,False,False
2022-12-01,M2,mu5,I01,-0.0009098985036325837,False,False
2022-12-01,M2,mu5,I02,0.004218454404635389,False,False
2022-12-01,M2,mu5,I03,0.0011823128148235468,False,False
2022-12-01,M2,mu5,I04,0.000803949553636251,False,False
2022-12-01,M2,mu5,I05,-0.007364696681747163,False,False
2022-12-01,M2,mu5,I06,-0.003017722078552244,False,False
2022-12-01,M2,q90,A01_spline_0,0.02695669848557916,False,False
2022-12-01,M2,q90,A01_spline_1,0.0,True,False
2022-12-01,M2,q90,A01_spline_2,0.0,True,False
2022-12-01,M2,q90,A02_spline_0,0.0,True,False
2022-12-01,M2,q90,A02_spline_1,0.0,True,False
2022-12-01,M2,q90,A02_spline_2,0.0,True,False
2022-12-01,M2,q90,A03_spline_0,0.004649081898092669,False,False
2022-12-01,M2,q90,A03_spline_1,0.0,True,False
2022-12-01,M2,q90,A03_spline_2,0.0,True,False
2022-12-01,M2,q90,A04_spline_0,0.0,True,False
2022-12-01,M2,q90,A04_spline_1,0.0,True,False
2022-12-01,M2,q90,A04_spline_2,0.0014634936156912124,False,False
2022-12-01,M2,q90,A05_spline_0,0.0026410654201161985,False,False
2022-12-01,M2,q90,A05_spline_1,0.0,True,False
2022-12-01,M2,q90,A05_spline_2,-0.00035456629748891063,False,False
2022-12-01,M2,q90,B01_spline_0,0.0,True,False
2022-12-01,M2,q90,B01_spline_1,0.0,True,False
2022-12-01,M2,q90,B01_spline_2,0.0,True,False
2022-12-01,M2,q90,B02_spline_0,0.0,True,False
2022-12-01,M2,q90,B02_spline_1,0.0,True,False
2022-12-01,M2,q90,B02_spline_2,0.0,True,False
2022-12-01,M2,q90,B03_spline_0,0.0,True,False
2022-12-01,M2,q90,B03_spline_1,0.0,True,False
2022-12-01,M2,q90,B03_spline_2,0.0,True,False
2022-12-01,M2,q90,C01_spline_0,-0.010568622993393686,False,False
2022-12-01,M2,q90,C01_spline_1,0.0,True,False
2022-12-01,M2,q90,C01_spline_2,0.0,True,False
2022-12-01,M2,q90,C02_spline_0,-0.0028188121355664894,False,False
2022-12-01,M2,q90,C02_spline_1,0.0,True,False
2022-12-01,M2,q90,C02_spline_2,0.00017350542562037923,False,False
2022-12-01,M2,q90,C03_spline_0,0.0,True,False
2022-12-01,M2,q90,C03_spline_1,0.0,True,False
2022-12-01,M2,q90,C03_spline_2,0.0,True,False
2022-12-01,M2,q90,D01_spline_0,0.0,True,False
2022-12-01,M2,q90,D01_spline_1,0.0,True,False
2022-12-01,M2,q90,D01_spline_2,0.0,True,False
2022-12-01,M2,q90,D02_spline_0,0.01230664818788923,False,False
2022-12-01,M2,q90,D02_spline_1,0.0,True,False
2022-12-01,M2,q90,D02_spline_2,0.0,True,False
2022-12-01,M2,q90,D03_spline_0,0.0,True,False
2022-12-01,M2,q90,D03_spline_1,0.0,True,False
2022-12-01,M2,q90,D03_spline_2,0.0,True,False
2022-12-01,M2,q90,E01_spline_0,0.0,True,False
2022-12-01,M2,q90,E01_spline_1,0.0,True,False
2022-12-01,M2,q90,E01_spline_2,0.006321369313000371,False,False
2022-12-01,M2,q90,F01_spline_0,-0.0024085580055464473,False,False
2022-12-01,M2,q90,F01_spline_1,0.0,True,False
2022-12-01,M2,q90,F01_spline_2,0.0,True,False
2022-12-01,M2,q90,F02_spline_0,0.0,True,False
2022-12-01,M2,q90,F02_spline_1,0.0,True,False
2022-12-01,M2,q90,F02_spline_2,0.0023013803649993892,False,False
2022-12-01,M2,q90,F03_spline_0,0.0,True,False
2022-12-01,M2,q90,F03_spline_1,0.0,True,False
2022-12-01,M2,q90,F03_spline_2,0.0,True,False
2022-12-01,M2,q90,F04_spline_0,0.0,True,False
2022-12-01,M2,q90,F04_spline_1,0.0,True,False
2022-12-01,M2,q90,F04_spline_2,0.0,True,False
2022-12-01,M2,q90,I01,0.0,True,False
2022-12-01,M2,q90,I02,0.0,True,False
2022-12-01,M2,q90,I03,0.0,True,False
2022-12-01,M2,q90,I04,0.0,True,False
2022-12-01,M2,q90,I05,0.0,True,False
2022-12-01,M2,q90,I06,0.0,True,False
2022-12-01,M2,p10,A01_spline_0,0.5218546575223392,False,False
2022-12-01,M2,p10,A01_spline_1,-0.004947806146557255,False,False
2022-12-01,M2,p10,A01_spline_2,0.1211801180226947,False,False
2022-12-01,M2,p10,A02_spline_0,-0.1661536938481646,False,False
2022-12-01,M2,p10,A02_spline_1,0.05271161632612638,False,False
2022-12-01,M2,p10,A02_spline_2,-0.07983554641338239,False,False
2022-12-01,M2,p10,A03_spline_0,0.5704021420691476,False,False
2022-12-01,M2,p10,A03_spline_1,-0.07282371993948061,False,False
2022-12-01,M2,p10,A03_spline_2,-0.11464999721331841,False,False
2022-12-01,M2,p10,A04_spline_0,-0.1526912534101257,False,False
2022-12-01,M2,p10,A04_spline_1,-0.15557393761751362,False,False
2022-12-01,M2,p10,A04_spline_2,0.10170797845171829,False,False
2022-12-01,M2,p10,A05_spline_0,0.07505415452996748,False,False
2022-12-01,M2,p10,A05_spline_1,-0.11216211569213687,False,False
2022-12-01,M2,p10,A05_spline_2,0.03909971053114424,False,False
2022-12-01,M2,p10,B01_spline_0,-0.07324926944477975,False,False
2022-12-01,M2,p10,B01_spline_1,-8.763856613610354e-05,False,False
2022-12-01,M2,p10,B01_spline_2,0.14458044470785478,False,False
2022-12-01,M2,p10,B02_spline_0,0.049124480739486456,False,False
2022-12-01,M2,p10,B02_spline_1,-0.0522278090611863,False,False
2022-12-01,M2,p10,B02_spline_2,-0.09072299090478157,False,False
2022-12-01,M2,p10,B03_spline_0,-0.44048001906874734,False,False
2022-12-01,M2,p10,B03_spline_1,0.0434982769503482,False,False
2022-12-01,M2,p10,B03_spline_2,-0.017722006794814605,False,False
2022-12-01,M2,p10,C01_spline_0,-0.4194129319142508,False,False
2022-12-01,M2,p10,C01_spline_1,0.29685175140231357,False,False
2022-12-01,M2,p10,C01_spline_2,0.1107424064983208,False,False
2022-12-01,M2,p10,C02_spline_0,-0.37037433554234434,False,False
2022-12-01,M2,p10,C02_spline_1,0.10654880602707498,False,False
2022-12-01,M2,p10,C02_spline_2,0.13632065790990885,False,False
2022-12-01,M2,p10,C03_spline_0,-0.007030255856004579,False,False
2022-12-01,M2,p10,C03_spline_1,0.11508541760258907,False,False
2022-12-01,M2,p10,C03_spline_2,-0.22563115112744853,False,False
2022-12-01,M2,p10,D01_spline_0,0.10373680520674654,False,False
2022-12-01,M2,p10,D01_spline_1,0.0654426282289482,False,False
2022-12-01,M2,p10,D01_spline_2,-0.06399493371326871,False,False
2022-12-01,M2,p10,D02_spline_0,0.1497457250462373,False,False
2022-12-01,M2,p10,D02_spline_1,-0.0053180590904946924,False,False
2022-12-01,M2,p10,D02_spline_2,0.0008823128740083211,False,False
2022-12-01,M2,p10,D03_spline_0,-0.1797314337460059,False,False
2022-12-01,M2,p10,D03_spline_1,0.19079893898905081,False,False
2022-12-01,M2,p10,D03_spline_2,-0.056771777449964665,False,False
2022-12-01,M2,p10,E01_spline_0,0.015981131518218134,False,False
2022-12-01,M2,p10,E01_spline_1,-0.08943258333471278,False,False
2022-12-01,M2,p10,E01_spline_2,0.11761457638455364,False,False
2022-12-01,M2,p10,F01_spline_0,-0.025204220157980243,False,False
2022-12-01,M2,p10,F01_spline_1,-0.2231970531478754,False,False
2022-12-01,M2,p10,F01_spline_2,0.13308350721255185,False,False
2022-12-01,M2,p10,F02_spline_0,-0.2911236977812399,False,False
2022-12-01,M2,p10,F02_spline_1,-0.0803729987688102,False,False
2022-12-01,M2,p10,F02_spline_2,-0.003906309448962551,False,False
2022-12-01,M2,p10,F03_spline_0,0.2306404821080664,False,False
2022-12-01,M2,p10,F03_spline_1,0.019292956304630706,False,False
2022-12-01,M2,p10,F03_spline_2,-0.033752862455861316,False,False
2022-12-01,M2,p10,F04_spline_0,0.25098723419984775,False,False
2022-12-01,M2,p10,F04_spline_1,-0.05485840118505274,False,False
2022-12-01,M2,p10,F04_spline_2,0.04101542521508776,False,False
2022-12-01,M2,p10,I01,-0.12282039276030093,False,False
2022-12-01,M2,p10,I02,0.06089139671659395,False,False
2022-12-01,M2,p10,I03,-0.04449330746097357,False,False
2022-12-01,M2,p10,I04,-0.1155584389342646,False,False
2022-12-01,M2,p10,I05,0.2155690546873508,False,False
2022-12-01,M2,p10,I06,0.01607781784385206,False,False
2023-01-03,M1,mu5,A01,0.008054769389439942,False,False
2023-01-03,M1,mu5,A02,0.0004399644961566617,False,False
2023-01-03,M1,mu5,A03,0.005932674520184398,False,False
2023-01-03,M1,mu5,A04,-0.0034872541769600186,False,False
2023-01-03,M1,mu5,A05,0.0026697119188112887,False,False
2023-01-03,M1,mu5,B01,0.007404321453352036,False,False
2023-01-03,M1,mu5,B02,0.003973523942566416,False,False
2023-01-03,M1,mu5,B03,-5.985358776145611e-05,False,False
2023-01-03,M1,mu5,C01,-2.422632005927191e-05,False,False
2023-01-03,M1,mu5,C02,0.004857437270880971,False,False
2023-01-03,M1,mu5,C03,-0.00027940766866091805,False,False
2023-01-03,M1,mu5,D01,0.000888966607487501,False,False
2023-01-03,M1,mu5,D02,0.0010987462345264333,False,False
2023-01-03,M1,mu5,D03,0.004340857341069157,False,False
2023-01-03,M1,mu5,E01,-0.0016558038783141841,False,False
2023-01-03,M1,mu5,F01,-4.5928585492168045e-05,False,False
2023-01-03,M1,mu5,F02,0.004626594361161841,False,False
2023-01-03,M1,mu5,F03,0.001226039064241549,False,False
2023-01-03,M1,mu5,F04,0.0031328180146776028,False,False
2023-01-03,M1,q90,A01,-0.0018872920596975991,False,False
2023-01-03,M1,q90,A02,0.0,True,False
2023-01-03,M1,q90,A03,-0.002180382455180223,False,False
2023-01-03,M1,q90,A04,0.001996902630385286,False,False
2023-01-03,M1,q90,A05,-0.0005755440911023239,False,False
2023-01-03,M1,q90,B01,0.0,True,False
2023-01-03,M1,q90,B02,0.0,True,False
2023-01-03,M1,q90,B03,0.0,True,False
2023-01-03,M1,q90,C01,0.00723101257825047,False,False
2023-01-03,M1,q90,C02,0.0,True,False
2023-01-03,M1,q90,C03,0.0,True,False
2023-01-03,M1,q90,D01,0.0,True,False
2023-01-03,M1,q90,D02,0.0,True,False
2023-01-03,M1,q90,D03,-0.006825679685708776,False,False
2023-01-03,M1,q90,E01,0.0,True,False
2023-01-03,M1,q90,F01,0.0,True,False
2023-01-03,M1,q90,F02,0.0,True,False
2023-01-03,M1,q90,F03,-0.01486379135783722,False,False
2023-01-03,M1,q90,F04,0.0,True,False
2023-01-03,M1,p10,A01,-0.3216654618538827,False,False
2023-01-03,M1,p10,A02,-0.0708038276981638,False,False
2023-01-03,M1,p10,A03,-0.3265836974538309,False,False
2023-01-03,M1,p10,A04,0.2500854396157649,False,False
2023-01-03,M1,p10,A05,0.043425252861212946,False,False
2023-01-03,M1,p10,B01,-0.1038280492389438,False,False
2023-01-03,M1,p10,B02,-0.18864549656239799,False,False
2023-01-03,M1,p10,B03,0.28653879184410724,False,False
2023-01-03,M1,p10,C01,0.14631381895770942,False,False
2023-01-03,M1,p10,C02,-0.1362948762485998,False,False
2023-01-03,M1,p10,C03,0.0316342893876098,False,False
2023-01-03,M1,p10,D01,0.04908905474620478,False,False
2023-01-03,M1,p10,D02,-0.1865996311364742,False,False
2023-01-03,M1,p10,D03,-0.31068235584653736,False,False
2023-01-03,M1,p10,E01,0.1377088293772668,False,False
2023-01-03,M1,p10,F01,0.17789350890158956,False,False
2023-01-03,M1,p10,F02,0.10968638390271407,False,False
2023-01-03,M1,p10,F03,-0.20004161075442717,False,False
2023-01-03,M1,p10,F04,-0.06891144822646167,False,False
2023-01-03,M2,mu5,A01_spline_0,-0.02217079093250144,False,False
2023-01-03,M2,mu5,A01_spline_1,0.0016715953164506774,False,False
2023-01-03,M2,mu5,A01_spline_2,-0.0015090061243458568,False,False
2023-01-03,M2,mu5,A02_spline_0,0.004794761428840477,False,False
2023-01-03,M2,mu5,A02_spline_1,0.0010023260572912872,False,False
2023-01-03,M2,mu5,A02_spline_2,0.00549847820668236,False,False
2023-01-03,M2,mu5,A03_spline_0,-0.010004879675724814,False,False
2023-01-03,M2,mu5,A03_spline_1,0.004537149140487046,False,False
2023-01-03,M2,mu5,A03_spline_2,0.0009222765649289089,False,False
2023-01-03,M2,mu5,A04_spline_0,0.0014528560446462801,False,False
2023-01-03,M2,mu5,A04_spline_1,0.003868587203093086,False,False
2023-01-03,M2,mu5,A04_spline_2,-0.0012546931044850633,False,False
2023-01-03,M2,mu5,A05_spline_0,-0.003909896698477178,False,False
2023-01-03,M2,mu5,A05_spline_1,0.0012285713572004428,False,False
2023-01-03,M2,mu5,A05_spline_2,0.0004182128266895732,False,False
2023-01-03,M2,mu5,B01_spline_0,-0.002541886311337878,False,False
2023-01-03,M2,mu5,B01_spline_1,-0.004436123823417913,False,False
2023-01-03,M2,mu5,B01_spline_2,-0.0007661234691218189,False,False
2023-01-03,M2,mu5,B02_spline_0,-0.0010018227549125902,False,False
2023-01-03,M2,mu5,B02_spline_1,0.0008947775287168583,False,False
2023-01-03,M2,mu5,B02_spline_2,0.001613805779622656,False,False
2023-01-03,M2,mu5,B03_spline_0,0.004954857877505342,False,False
2023-01-03,M2,mu5,B03_spline_1,-0.00013370090278704005,False,False
2023-01-03,M2,mu5,B03_spline_2,0.002610508313400675,False,False
2023-01-03,M2,mu5,C01_spline_0,0.002506132096191515,False,False
2023-01-03,M2,mu5,C01_spline_1,-0.0062090113285069555,False,False
2023-01-03,M2,mu5,C01_spline_2,-0.004213335156390757,False,False
2023-01-03,M2,mu5,C02_spline_0,0.0024482542706301654,False,False
2023-01-03,M2,mu5,C02_spline_1,-0.005000895009057447,False,False
2023-01-03,M2,mu5,C02_spline_2,-0.004508231828396296,False,False
2023-01-03,M2,mu5,C03_spline_0,-0.0031355203972835083,False,False
2023-01-03,M2,mu5,C03_spline_1,-0.0020498151197564313,False,False
2023-01-03,M2,mu5,C03_spline_2,0.003653034492395937,False,False
2023-01-03,M2,mu5,D01_spline_0,-0.004681570603540987,False,False
2023-01-03,M2,mu5,D01_spline_1,-0.0003985738082820877,False,False
2023-01-03,M2,mu5,D01_spline_2,-0.0019181718129528539,False,False
2023-01-03,M2,mu5,D02_spline_0,-0.0013490867844638704,False,False
2023-01-03,M2,mu5,D02_spline_1,-0.0006190491114735048,False,False
2023-01-03,M2,mu5,D02_spline_2,-0.004626325554392049,False,False
2023-01-03,M2,mu5,D03_spline_0,0.0004717927191107249,False,False
2023-01-03,M2,mu5,D03_spline_1,-0.0010068893938623054,False,False
2023-01-03,M2,mu5,D03_spline_2,0.0010162134211264672,False,False
2023-01-03,M2,mu5,E01_spline_0,0.0017251893071097424,False,False
2023-01-03,M2,mu5,E01_spline_1,0.0007743566927618829,False,False
2023-01-03,M2,mu5,E01_spline_2,-0.005973847748667575,False,False
2023-01-03,M2,mu5,F01_spline_0,-0.0002752487779391844,False,False
2023-01-03,M2,mu5,F01_spline_1,0.000552301787009058,False,False
2023-01-03,M2,mu5,F01_spline_2,-0.0005514297566920571,False,False
2023-01-03,M2,mu5,F02_spline_0,0.005431354961863019,False,False
2023-01-03,M2,mu5,F02_spline_1,-0.005053938729056181,False,False
2023-01-03,M2,mu5,F02_spline_2,0.0024337802088367478,False,False
2023-01-03,M2,mu5,F03_spline_0,-0.002659324591423434,False,False
2023-01-03,M2,mu5,F03_spline_1,-0.0001814531725291837,False,False
2023-01-03,M2,mu5,F03_spline_2,0.0006122674978873794,False,False
2023-01-03,M2,mu5,F04_spline_0,-0.00423437196133158,False,False
2023-01-03,M2,mu5,F04_spline_1,-0.001988936583599262,False,False
2023-01-03,M2,mu5,F04_spline_2,-0.0008016849365587034,False,False
2023-01-03,M2,mu5,I01,-0.0008733019177250717,False,False
2023-01-03,M2,mu5,I02,0.004202895353735442,False,False
2023-01-03,M2,mu5,I03,0.001219261529569826,False,False
2023-01-03,M2,mu5,I04,0.0007845821275750494,False,False
2023-01-03,M2,mu5,I05,-0.00729462791633597,False,False
2023-01-03,M2,mu5,I06,-0.0031041649476153976,False,False
2023-01-03,M2,q90,A01_spline_0,0.02655829937989048,False,False
2023-01-03,M2,q90,A01_spline_1,0.0,True,False
2023-01-03,M2,q90,A01_spline_2,0.00046895167249815645,False,False
2023-01-03,M2,q90,A02_spline_0,0.0,True,False
2023-01-03,M2,q90,A02_spline_1,0.0,True,False
2023-01-03,M2,q90,A02_spline_2,0.0,True,False
2023-01-03,M2,q90,A03_spline_0,0.005160330175742398,False,False
2023-01-03,M2,q90,A03_spline_1,0.0,True,False
2023-01-03,M2,q90,A03_spline_2,0.0,True,False
2023-01-03,M2,q90,A04_spline_0,0.0,True,False
2023-01-03,M2,q90,A04_spline_1,0.0,True,False
2023-01-03,M2,q90,A04_spline_2,0.0,True,False
2023-01-03,M2,q90,A05_spline_0,0.0010464104760607594,False,False
2023-01-03,M2,q90,A05_spline_1,0.0,True,False
2023-01-03,M2,q90,A05_spline_2,0.0,True,False
2023-01-03,M2,q90,B01_spline_0,0.0,True,False
2023-01-03,M2,q90,B01_spline_1,0.0,True,False
2023-01-03,M2,q90,B01_spline_2,0.0,True,False
2023-01-03,M2,q90,B02_spline_0,0.0,True,False
2023-01-03,M2,q90,B02_spline_1,0.0,True,False
2023-01-03,M2,q90,B02_spline_2,0.0,True,False
2023-01-03,M2,q90,B03_spline_0,0.0,True,False
2023-01-03,M2,q90,B03_spline_1,0.0,True,False
2023-01-03,M2,q90,B03_spline_2,0.0,True,False
2023-01-03,M2,q90,C01_spline_0,-0.011038224378746037,False,False
2023-01-03,M2,q90,C01_spline_1,0.0,True,False
2023-01-03,M2,q90,C01_spline_2,0.0,True,False
2023-01-03,M2,q90,C02_spline_0,-0.003506804674989769,False,False
2023-01-03,M2,q90,C02_spline_1,0.0,True,False
2023-01-03,M2,q90,C02_spline_2,0.0,True,False
2023-01-03,M2,q90,C03_spline_0,0.0,True,False
2023-01-03,M2,q90,C03_spline_1,0.0,True,False
2023-01-03,M2,q90,C03_spline_2,0.0,True,False
2023-01-03,M2,q90,D01_spline_0,0.0,True,False
2023-01-03,M2,q90,D01_spline_1,0.0,True,False
2023-01-03,M2,q90,D01_spline_2,0.0,True,False
2023-01-03,M2,q90,D02_spline_0,0.011638204087590689,False,False
2023-01-03,M2,q90,D02_spline_1,0.0,True,False
2023-01-03,M2,q90,D02_spline_2,0.0,True,False
2023-01-03,M2,q90,D03_spline_0,0.0,True,False
2023-01-03,M2,q90,D03_spline_1,0.0,True,False
2023-01-03,M2,q90,D03_spline_2,0.0,True,False
2023-01-03,M2,q90,E01_spline_0,0.0,True,False
2023-01-03,M2,q90,E01_spline_1,0.0,True,False
2023-01-03,M2,q90,E01_spline_2,0.005658327982249549,False,False
2023-01-03,M2,q90,F01_spline_0,-0.003493726127838501,False,False
2023-01-03,M2,q90,F01_spline_1,0.0,True,False
2023-01-03,M2,q90,F01_spline_2,0.0,True,False
2023-01-03,M2,q90,F02_spline_0,0.0,True,False
2023-01-03,M2,q90,F02_spline_1,0.0,True,False
2023-01-03,M2,q90,F02_spline_2,0.001571888783368671,False,False
2023-01-03,M2,q90,F03_spline_0,0.0,True,False
2023-01-03,M2,q90,F03_spline_1,0.0,True,False
2023-01-03,M2,q90,F03_spline_2,0.0,True,False
2023-01-03,M2,q90,F04_spline_0,0.0,True,False
2023-01-03,M2,q90,F04_spline_1,0.0,True,False
2023-01-03,M2,q90,F04_spline_2,0.0,True,False
2023-01-03,M2,q90,I01,0.0,True,False
2023-01-03,M2,q90,I02,0.0,True,False
2023-01-03,M2,q90,I03,0.0,True,False
2023-01-03,M2,q90,I04,0.0,True,False
2023-01-03,M2,q90,I05,0.0,True,False
2023-01-03,M2,q90,I06,0.0,True,False
2023-01-03,M2,p10,A01_spline_0,0.5173401310255357,False,False
2023-01-03,M2,p10,A01_spline_1,0.02254938751829881,False,False
2023-01-03,M2,p10,A01_spline_2,0.09363146685637426,False,False
2023-01-03,M2,p10,A02_spline_0,-0.1539185679480287,False,False
2023-01-03,M2,p10,A02_spline_1,0.03720510782291715,False,False
2023-01-03,M2,p10,A02_spline_2,-0.06722617297184888,False,False
2023-01-03,M2,p10,A03_spline_0,0.5710424210136957,False,False
2023-01-03,M2,p10,A03_spline_1,-0.08783762324863406,False,False
2023-01-03,M2,p10,A03_spline_2,-0.09386975333626034,False,False
2023-01-03,M2,p10,A04_spline_0,-0.14536906827406226,False,False
2023-01-03,M2,p10,A04_spline_1,-0.15080480040526678,False,False
2023-01-03,M2,p10,A04_spline_2,0.09479968901374955,False,False
2023-01-03,M2,p10,A05_spline_0,0.08890916583554984,False,False
2023-01-03,M2,p10,A05_spline_1,-0.11143468115238996,False,False
2023-01-03,M2,p10,A05_spline_2,0.03483493150928978,False,False
2023-01-03,M2,p10,B01_spline_0,-0.053376784539770225,False,False
2023-01-03,M2,p10,B01_spline_1,-0.008654780734225351,False,False
2023-01-03,M2,p10,B01_spline_2,0.13980234677323475,False,False
2023-01-03,M2,p10,B02_spline_0,0.04642969253045842,False,False
2023-01-03,M2,p10,B02_spline_1,-0.03739875702676003,False,False
2023-01-03,M2,p10,B02_spline_2,-0.09138757632151771,False,False
2023-01-03,M2,p10,B03_spline_0,-0.44061859908960466,False,False
2023-01-03,M2,p10,B03_spline_1,0.04395166559494231,False,False
2023-01-03,M2,p10,B03_spline_2,-0.020779407677116987,False,False
2023-01-03,M2,p10,C01_spline_0,-0.44164456223092263,False,False
2023-01-03,M2,p10,C01_spline_1,0.280963022541965,False,False
2023-01-03,M2,p10,C01_spline_2,0.13601765937424437,False,False
2023-01-03,M2,p10,C02_spline_0,-0.3753103267106384,False,False
2023-01-03,M2,p10,C02_spline_1,0.11676769441797288,False,False
2023-01-03,M2,p10,C02_spline_2,0.125449621208248,False,False
2023-01-03,M2,p10,C03_spline_0,-0.014301973808577454,False,False
2023-01-03,M2,p10,C03_spline_1,0.11154152405416155,False,False
2023-01-03,M2,p10,C03_spline_2,-0.22135507052133754,False,False
2023-01-03,M2,p10,D01_spline_0,0.11246567322979167,False,False
2023-01-03,M2,p10,D01_spline_1,0.05408739053243513,False,False
2023-01-03,M2,p10,D01_spline_2,-0.06164235908781042,False,False
2023-01-03,M2,p10,D02_spline_0,0.16735726612740687,False,False
2023-01-03,M2,p10,D02_spline_1,-0.003230631067531867,False,False
2023-01-03,M2,p10,D02_spline_2,-0.018612983426696452,False,False
2023-01-03,M2,p10,D03_spline_0,-0.17076541306086762,False,False
2023-01-03,M2,p10,D03_spline_1,0.18008776976191504,False,False
2023-01-03,M2,p10,D03_spline_2,-0.05540586105788923,False,False
2023-01-03,M2,p10,E01_spline_0,0.0129337975281855,False,False
2023-01-03,M2,p10,E01_spline_1,-0.09775713182231134,False,False
2023-01-03,M2,p10,E01_spline_2,0.12343460461684112,False,False
2023-01-03,M2,p10,F01_spline_0,-0.02334073359843124,False,False
2023-01-03,M2,p10,F01_spline_1,-0.23189876405695242,False,False
2023-01-03,M2,p10,F01_spline_2,0.13829628058824234,False,False
2023-01-03,M2,p10,F02_spline_0,-0.28568446022275173,False,False
2023-01-03,M2,p10,F02_spline_1,-0.08856605886855759,False,False
2023-01-03,M2,p10,F02_spline_2,-0.01222279736647795,False,False
2023-01-03,M2,p10,F03_spline_0,0.23229293545058194,False,False
2023-01-03,M2,p10,F03_spline_1,0.02065517133345708,False,False
2023-01-03,M2,p10,F03_spline_2,-0.034881159635330256,False,False
2023-01-03,M2,p10,F04_spline_0,0.23141621243156127,False,False
2023-01-03,M2,p10,F04_spline_1,-0.05197107431277284,False,False
2023-01-03,M2,p10,F04_spline_2,0.04799773055850689,False,False
2023-01-03,M2,p10,I01,-0.13478840948540774,False,False
2023-01-03,M2,p10,I02,0.05448994894350879,False,False
2023-01-03,M2,p10,I03,-0.04559507697863866,False,False
2023-01-03,M2,p10,I04,-0.12402506390466422,False,False
2023-01-03,M2,p10,I05,0.2425227750681921,False,False
2023-01-03,M2,p10,I06,0.014516387683090897,False,False
2023-02-01,M1,mu5,A01,0.008023290838033978,False,False
2023-02-01,M1,mu5,A02,0.0006792127904486678,False,False
2023-02-01,M1,mu5,A03,0.0057905915375274725,False,False
2023-02-01,M1,mu5,A04,-0.003607634680800225,False,False
2023-02-01,M1,mu5,A05,0.0027629602862682145,False,False
2023-02-01,M1,mu5,B01,0.008064321530970727,False,False
2023-02-01,M1,mu5,B02,0.0039002271783288712,False,False
2023-02-01,M1,mu5,B03,-0.0004916305180963526,False,False
2023-02-01,M1,mu5,C01,-0.0012873068440672538,False,False
2023-02-01,M1,mu5,C02,0.005190387402527677,False,False
2023-02-01,M1,mu5,C03,-5.8557031325100874e-05,False,False
2023-02-01,M1,mu5,D01,0.0008925029093550401,False,False
2023-02-01,M1,mu5,D02,0.0009219912042054172,False,False
2023-02-01,M1,mu5,D03,0.00473363477934064,False,False
2023-02-01,M1,mu5,E01,-0.0017442181651853546,False,False
2023-02-01,M1,mu5,F01,7.769203474403492e-05,False,False
2023-02-01,M1,mu5,F02,0.004278589308656172,False,False
2023-02-01,M1,mu5,F03,0.0014385398542801357,False,False
2023-02-01,M1,mu5,F04,0.0030409179048021657,False,False
2023-02-01,M1,q90,A01,-0.0011910403834080525,False,False
2023-02-01,M1,q90,A02,0.0,True,False
2023-02-01,M1,q90,A03,-6.727342267210819e-05,False,False
2023-02-01,M1,q90,A04,0.0,True,False
2023-02-01,M1,q90,A05,-0.00029615132016040614,False,False
2023-02-01,M1,q90,B01,0.0,True,False
2023-02-01,M1,q90,B02,0.0,True,False
2023-02-01,M1,q90,B03,0.0,True,False
2023-02-01,M1,q90,C01,0.011229703645883885,False,False
2023-02-01,M1,q90,C02,0.0,True,False
2023-02-01,M1,q90,C03,0.0,True,False
2023-02-01,M1,q90,D01,0.0,True,False
2023-02-01,M1,q90,D02,0.0,True,False
2023-02-01,M1,q90,D03,-0.006467855505409572,False,False
2023-02-01,M1,q90,E01,0.0,True,False
2023-02-01,M1,q90,F01,0.0,True,False
2023-02-01,M1,q90,F02,0.0,True,False
2023-02-01,M1,q90,F03,-0.018334481993850103,False,False
2023-02-01,M1,q90,F04,0.0,True,False
2023-02-01,M1,p10,A01,-0.32253178349421163,False,False
2023-02-01,M1,p10,A02,-0.07586748308525215,False,False
2023-02-01,M1,p10,A03,-0.3266300010992111,False,False
2023-02-01,M1,p10,A04,0.2523254677923556,False,False
2023-02-01,M1,p10,A05,0.041291484336639976,False,False
2023-02-01,M1,p10,B01,-0.11636624674760683,False,False
2023-02-01,M1,p10,B02,-0.19102032689861193,False,False
2023-02-01,M1,p10,B03,0.2928521956683871,False,False
2023-02-01,M1,p10,C01,0.17575653729960838,False,False
2023-02-01,M1,p10,C02,-0.1456461678564671,False,False
2023-02-01,M1,p10,C03,0.029592983041163635,False,False
2023-02-01,M1,p10,D01,0.04637154391575274,False,False
2023-02-01,M1,p10,D02,-0.18976834270644502,False,False
2023-02-01,M1,p10,D03,-0.31978473319722484,False,False
2023-02-01,M1,p10,E01,0.13628959480867767,False,False
2023-02-01,M1,p10,F01,0.17529190992096538,False,False
2023-02-01,M1,p10,F02,0.11380954718956342,False,False
2023-02-01,M1,p10,F03,-0.20269173310889652,False,False
2023-02-01,M1,p10,F04,-0.06306028552496006,False,False
2023-02-01,M2,mu5,A01_spline_0,-0.022047637394313736,False,False
2023-02-01,M2,mu5,A01_spline_1,0.0016032026359982861,False,False
2023-02-01,M2,mu5,A01_spline_2,-0.0015487537960697012,False,False
2023-02-01,M2,mu5,A02_spline_0,0.0048373967045135125,False,False
2023-02-01,M2,mu5,A02_spline_1,0.0009142913494762248,False,False
2023-02-01,M2,mu5,A02_spline_2,0.005538037776360987,False,False
2023-02-01,M2,mu5,A03_spline_0,-0.009865207594857862,False,False
2023-02-01,M2,mu5,A03_spline_1,0.004612344353836043,False,False
2023-02-01,M2,mu5,A03_spline_2,0.0009387318787976506,False,False
2023-02-01,M2,mu5,A04_spline_0,0.0015566568594827324,False,False
2023-02-01,M2,mu5,A04_spline_1,0.003935418928165231,False,False
2023-02-01,M2,mu5,A04_spline_2,-0.0013471890374671387,False,False
2023-02-01,M2,mu5,A05_spline_0,-0.0038156722986149626,False,False
2023-02-01,M2,mu5,A05_spline_1,0.001153461969823035,False,False
2023-02-01,M2,mu5,A05_spline_2,0.0005806447869593744,False,False
2023-02-01,M2,mu5,B01_spline_0,-0.002805319015323796,False,False
2023-02-01,M2,mu5,B01_spline_1,-0.00438890841569252,False,False
2023-02-01,M2,mu5,B01_spline_2,-0.000746931982542165,False,False
2023-02-01,M2,mu5,B02_spline_0,-0.001012121063001777,False,False
2023-02-01,M2,mu5,B02_spline_1,0.0010809733910418654,False,False
2023-02-01,M2,mu5,B02_spline_2,0.001399367970028302,False,False
2023-02-01,M2,mu5,B03_spline_0,0.0049160331152425085,False,False
2023-02-01,M2,mu5,B03_spline_1,-7.661975865162762e-05,False,False
2023-02-01,M2,mu5,B03_spline_2,0.0025534465742756717,False,False
2023-02-01,M2,mu5,C01_spline_0,0.0032367743347634505,False,False
2023-02-01,M2,mu5,C01_spline_1,-0.006185070569835544,False,False
2023-02-01,M2,mu5,C01_spline_2,-0.004499337105258896,False,False
2023-02-01,M2,mu5,C02_spline_0,0.0024705424121339577,False,False
2023-02-01,M2,mu5,C02_spline_1,-0.005219913582791221,False,False
2023-02-01,M2,mu5,C02_spline_2,-0.004382194498979971,False,False
2023-02-01,M2,mu5,C03_spline_0,-0.0032127594749379474,False,False
2023-02-01,M2,mu5,C03_spline_1,-0.001969200331353481,False,False
2023-02-01,M2,mu5,C03_spline_2,0.003658586623428087,False,False
2023-02-01,M2,mu5,D01_spline_0,-0.004750797921174076,False,False
2023-02-01,M2,mu5,D01_spline_1,-0.00026280814654519244,False,False
2023-02-01,M2,mu5,D01_spline_2,-0.0020346967660502054,False,False
2023-02-01,M2,mu5,D02_spline_0,-0.001237754281246728,False,False
2023-02-01,M2,mu5,D02_spline_1,-0.0006906348821875948,False,False
2023-02-01,M2,mu5,D02_spline_2,-0.004733606060240411,False,False
2023-02-01,M2,mu5,D03_spline_0,0.00035462315860676713,False,False
2023-02-01,M2,mu5,D03_spline_1,-0.0009934064457189922,False,False
2023-02-01,M2,mu5,D03_spline_2,0.0011634583798267439,False,False
2023-02-01,M2,mu5,E01_spline_0,0.0018066972988649201,False,False
2023-02-01,M2,mu5,E01_spline_1,0.0006978696610052413,False,False
2023-02-01,M2,mu5,E01_spline_2,-0.006037821842258982,False,False
2023-02-01,M2,mu5,F01_spline_0,-0.0003702361720967851,False,False
2023-02-01,M2,mu5,F01_spline_1,0.0006291408209233263,False,False
2023-02-01,M2,mu5,F01_spline_2,-0.000580119279104274,False,False
2023-02-01,M2,mu5,F02_spline_0,0.005422727584253634,False,False
2023-02-01,M2,mu5,F02_spline_1,-0.004853122642625928,False,False
2023-02-01,M2,mu5,F02_spline_2,0.0024075156283130967,False,False
2023-02-01,M2,mu5,F03_spline_0,-0.002660612886626276,False,False
2023-02-01,M2,mu5,F03_spline_1,-0.000289958533769761,False,False
2023-02-01,M2,mu5,F03_spline_2,0.0006591907131105585,False,False
2023-02-01,M2,mu5,F04_spline_0,-0.004154463941051831,False,False
2023-02-01,M2,mu5,F04_spline_1,-0.0020494132847167527,False,False
2023-02-01,M2,mu5,F04_spline_2,-0.0008418499157641448,False,False
2023-02-01,M2,mu5,I01,-0.0008658339440201033,False,False
2023-02-01,M2,mu5,I02,0.004218412019911564,False,False
2023-02-01,M2,mu5,I03,0.0012295023687612363,False,False
2023-02-01,M2,mu5,I04,0.0008302913342700181,False,False
2023-02-01,M2,mu5,I05,-0.007351086707338273,False,False
2023-02-01,M2,mu5,I06,-0.0032632624531253045,False,False
2023-02-01,M2,q90,A01_spline_0,0.02597831284698126,False,False
2023-02-01,M2,q90,A01_spline_1,0.0,True,False
2023-02-01,M2,q90,A01_spline_2,0.0005053412977505529,False,False
2023-02-01,M2,q90,A02_spline_0,0.0,True,False
2023-02-01,M2,q90,A02_spline_1,0.0,True,False
2023-02-01,M2,q90,A02_spline_2,0.0,True,False
2023-02-01,M2,q90,A03_spline_0,0.005181050728296704,False,False
2023-02-01,M2,q90,A03_spline_1,0.0,True,False
2023-02-01,M2,q90,A03_spline_2,0.0,True,False
2023-02-01,M2,q90,A04_spline_0,0.0,True,False
2023-02-01,M2,q90,A04_spline_1,0.0,True,False
2023-02-01,M2,q90,A04_spline_2,0.00030218981852593715,False,False
2023-02-01,M2,q90,A05_spline_0,0.00048043651145448564,False,False
2023-02-01,M2,q90,A05_spline_1,0.0,True,False
2023-02-01,M2,q90,A05_spline_2,-0.0005424686759450645,False,False
2023-02-01,M2,q90,B01_spline_0,0.0,True,False
2023-02-01,M2,q90,B01_spline_1,0.0,True,False
2023-02-01,M2,q90,B01_spline_2,0.0,True,False
2023-02-01,M2,q90,B02_spline_0,0.0,True,False
2023-02-01,M2,q90,B02_spline_1,0.0,True,False
2023-02-01,M2,q90,B02_spline_2,0.0,True,False
2023-02-01,M2,q90,B03_spline_0,0.0,True,False
2023-02-01,M2,q90,B03_spline_1,0.0,True,False
2023-02-01,M2,q90,B03_spline_2,0.0,True,False
2023-02-01,M2,q90,C01_spline_0,-0.012601448099255048,False,False
2023-02-01,M2,q90,C01_spline_1,0.0,True,False
2023-02-01,M2,q90,C01_spline_2,0.0,True,False
2023-02-01,M2,q90,C02_spline_0,-0.0035167491097270803,False,False
2023-02-01,M2,q90,C02_spline_1,0.0,True,False
2023-02-01,M2,q90,C02_spline_2,2.2381754769759975e-05,False,False
2023-02-01,M2,q90,C03_spline_0,0.0,True,False
2023-02-01,M2,q90,C03_spline_1,0.0,True,False
2023-02-01,M2,q90,C03_spline_2,0.0,True,False
2023-02-01,M2,q90,D01_spline_0,0.0,True,False
2023-02-01,M2,q90,D01_spline_1,0.0,True,False
2023-02-01,M2,q90,D01_spline_2,0.0,True,False
2023-02-01,M2,q90,D02_spline_0,0.010985381060450933,False,False
2023-02-01,M2,q90,D02_spline_1,0.0,True,False
2023-02-01,M2,q90,D02_spline_2,0.0,True,False
2023-02-01,M2,q90,D03_spline_0,0.0,True,False
2023-02-01,M2,q90,D03_spline_1,0.0,True,False
2023-02-01,M2,q90,D03_spline_2,0.0,True,False
2023-02-01,M2,q90,E01_spline_0,0.0,True,False
2023-02-01,M2,q90,E01_spline_1,0.0,True,False
2023-02-01,M2,q90,E01_spline_2,0.005237121692991583,False,False
2023-02-01,M2,q90,F01_spline_0,-0.0035382243054680263,False,False
2023-02-01,M2,q90,F01_spline_1,0.0,True,False
2023-02-01,M2,q90,F01_spline_2,0.0,True,False
2023-02-01,M2,q90,F02_spline_0,0.0,True,False
2023-02-01,M2,q90,F02_spline_1,0.0,True,False
2023-02-01,M2,q90,F02_spline_2,0.0012304919914231155,False,False
2023-02-01,M2,q90,F03_spline_0,0.0,True,False
2023-02-01,M2,q90,F03_spline_1,0.0,True,False
2023-02-01,M2,q90,F03_spline_2,0.0,True,False
2023-02-01,M2,q90,F04_spline_0,0.0005806293902685862,False,False
2023-02-01,M2,q90,F04_spline_1,0.0,True,False
2023-02-01,M2,q90,F04_spline_2,0.0,True,False
2023-02-01,M2,q90,I01,0.0,True,False
2023-02-01,M2,q90,I02,0.0,True,False
2023-02-01,M2,q90,I03,0.0,True,False
2023-02-01,M2,q90,I04,0.0,True,False
2023-02-01,M2,q90,I05,0.0,True,False
2023-02-01,M2,q90,I06,0.0,True,False
2023-02-01,M2,p10,A01_spline_0,0.5152122982176056,False,False
2023-02-01,M2,p10,A01_spline_1,0.023219381836155975,False,False
2023-02-01,M2,p10,A01_spline_2,0.09650197520094436,False,False
2023-02-01,M2,p10,A02_spline_0,-0.15638630057551653,False,False
2023-02-01,M2,p10,A02_spline_1,0.041521246871943404,False,False
2023-02-01,M2,p10,A02_spline_2,-0.07132563986305548,False,False
2023-02-01,M2,p10,A03_spline_0,0.5683442579319407,False,False
2023-02-01,M2,p10,A03_spline_1,-0.09170488386198557,False,False
2023-02-01,M2,p10,A03_spline_2,-0.09283492583146918,False,False
2023-02-01,M2,p10,A04_spline_0,-0.14731726056488254,False,False
2023-02-01,M2,p10,A04_spline_1,-0.15266808577394245,False,False
2023-02-01,M2,p10,A04_spline_2,0.09757913745512686,False,False
2023-02-01,M2,p10,A05_spline_0,0.08610067149405325,False,False
2023-02-01,M2,p10,A05_spline_1,-0.10736722588138393,False,False
2023-02-01,M2,p10,A05_spline_2,0.03297434175558509,False,False
2023-02-01,M2,p10,B01_spline_0,-0.04777748571779111,False,False
2023-02-01,M2,p10,B01_spline_1,-0.008876288209091856,False,False
2023-02-01,M2,p10,B01_spline_2,0.13912363906621023,False,False
2023-02-01,M2,p10,B02_spline_0,0.046346330990883436,False,False
2023-02-01,M2,p10,B02_spline_1,-0.04015835048983992,False,False
2023-02-01,M2,p10,B02_spline_2,-0.08731744172522027,False,False
2023-02-01,M2,p10,B03_spline_0,-0.43806709264949895,False,False
2023-02-01,M2,p10,B03_spline_1,0.04214494394352964,False,False
2023-02-01,M2,p10,B03_spline_2,-0.019103479480975943,False,False
2023-02-01,M2,p10,C01_spline_0,-0.471868107848782,False,False
2023-02-01,M2,p10,C01_spline_1,0.27035321206866697,False,False
2023-02-01,M2,p10,C01_spline_2,0.15888456251290392,False,False
2023-02-01,M2,p10,C02_spline_0,-0.3737853206655678,False,False
2023-02-01,M2,p10,C02_spline_1,0.12340761670176104,False,False
2023-02-01,M2,p10,C02_spline_2,0.12023849233458686,False,False
2023-02-01,M2,p10,C03_spline_0,-0.010984502225895715,False,False
2023-02-01,M2,p10,C03_spline_1,0.10786041990739645,False,False
2023-02-01,M2,p10,C03_spline_2,-0.22031088180523004,False,False
2023-02-01,M2,p10,D01_spline_0,0.11805569921193043,False,False
2023-02-01,M2,p10,D01_spline_1,0.050311239759855166,False,False
2023-02-01,M2,p10,D01_spline_2,-0.062013102693170175,False,False
2023-02-01,M2,p10,D02_spline_0,0.16631394418167053,False,False
2023-02-01,M2,p10,D02_spline_1,-0.004814464908739809,False,False
2023-02-01,M2,p10,D02_spline_2,-0.01657917895976102,False,False
2023-02-01,M2,p10,D03_spline_0,-0.166640704689393,False,False
2023-02-01,M2,p10,D03_spline_1,0.1785969306035008,False,False
2023-02-01,M2,p10,D03_spline_2,-0.05773379141634563,False,False
2023-02-01,M2,p10,E01_spline_0,0.009375539225849943,False,False
2023-02-01,M2,p10,E01_spline_1,-0.09567612089321656,False,False
2023-02-01,M2,p10,E01_spline_2,0.12623222486266586,False,False
2023-02-01,M2,p10,F01_spline_0,-0.021310186905856128,False,False
2023-02-01,M2,p10,F01_spline_1,-0.23219786239429874,False,False
2023-02-01,M2,p10,F01_spline_2,0.13772287734166805,False,False
2023-02-01,M2,p10,F02_spline_0,-0.2880324535573254,False,False
2023-02-01,M2,p10,F02_spline_1,-0.08991271007542172,False,False
2023-02-01,M2,p10,F02_spline_2,-0.017299180904925705,False,False
2023-02-01,M2,p10,F03_spline_0,0.23098995221729246,False,False
2023-02-01,M2,p10,F03_spline_1,0.021689286425045542,False,False
2023-02-01,M2,p10,F03_spline_2,-0.03516850067598808,False,False
2023-02-01,M2,p10,F04_spline_0,0.2301424832680609,False,False
2023-02-01,M2,p10,F04_spline_1,-0.05032974735594239,False,False
2023-02-01,M2,p10,F04_spline_2,0.05071315064520402,False,False
2023-02-01,M2,p10,I01,-0.13503397790317662,False,False
2023-02-01,M2,p10,I02,0.04650613926618128,False,False
2023-02-01,M2,p10,I03,-0.04960672355692212,False,False
2023-02-01,M2,p10,I04,-0.12360826834363862,False,False
2023-02-01,M2,p10,I05,0.24499528044031255,False,False
2023-02-01,M2,p10,I06,0.019215491845853163,False,False
2023-03-01,M1,mu5,A01,0.008070581052858931,False,False
2023-03-01,M1,mu5,A02,0.0006472015120027987,False,False
2023-03-01,M1,mu5,A03,0.005849630526109098,False,False
2023-03-01,M1,mu5,A04,-0.003608279706637071,False,False
2023-03-01,M1,mu5,A05,0.002863596649344048,False,False
2023-03-01,M1,mu5,B01,0.008041863192880515,False,False
2023-03-01,M1,mu5,B02,0.0036963245450268235,False,False
2023-03-01,M1,mu5,B03,-0.0002660031373087209,False,False
2023-03-01,M1,mu5,C01,-0.0011664762119105159,False,False
2023-03-01,M1,mu5,C02,0.005016656566945005,False,False
2023-03-01,M1,mu5,C03,5.568473884895629e-06,False,False
2023-03-01,M1,mu5,D01,0.0009050993817516732,False,False
2023-03-01,M1,mu5,D02,0.0008230663176482465,False,False
2023-03-01,M1,mu5,D03,0.004771258090478111,False,False
2023-03-01,M1,mu5,E01,-0.001749615297826646,False,False
2023-03-01,M1,mu5,F01,-8.398373020693429e-05,False,False
2023-03-01,M1,mu5,F02,0.0042037928082119,False,False
2023-03-01,M1,mu5,F03,0.0014637881860397317,False,False
2023-03-01,M1,mu5,F04,0.0030951342472803397,False,False
2023-03-01,M1,q90,A01,-0.00011628252321076751,False,False
2023-03-01,M1,q90,A02,0.0,True,False
2023-03-01,M1,q90,A03,-0.0016500598580110242,False,False
2023-03-01,M1,q90,A04,0.0,True,False
2023-03-01,M1,q90,A05,0.0,True,False
2023-03-01,M1,q90,B01,0.0,True,False
2023-03-01,M1,q90,B02,0.0,True,False
2023-03-01,M1,q90,B03,0.0,True,False
2023-03-01,M1,q90,C01,0.012227045473077462,False,False
2023-03-01,M1,q90,C02,0.0,True,False
2023-03-01,M1,q90,C03,0.0,True,False
2023-03-01,M1,q90,D01,0.0,True,False
2023-03-01,M1,q90,D02,0.0,True,False
2023-03-01,M1,q90,D03,-0.0047933347750648385,False,False
2023-03-01,M1,q90,E01,0.0,True,False
2023-03-01,M1,q90,F01,0.0,True,False
2023-03-01,M1,q90,F02,0.0,True,False
2023-03-01,M1,q90,F03,-0.016264878172570635,False,False
2023-03-01,M1,q90,F04,0.0,True,False
2023-03-01,M1,p10,A01,-0.32160017237231514,False,False
2023-03-01,M1,p10,A02,-0.08429616729255635,False,False
2023-03-01,M1,p10,A03,-0.3252535499942231,False,False
2023-03-01,M1,p10,A04,0.2510537322546324,False,False
2023-03-01,M1,p10,A05,0.0424982392088927,False,False
2023-03-01,M1,p10,B01,-0.1218010203813633,False,False
2023-03-01,M1,p10,B02,-0.2194284010720358,False,False
2023-03-01,M1,p10,B03,0.30412165883022,False,False
2023-03-01,M1,p10,C01,0.19609824754923463,False,False
2023-03-01,M1,p10,C02,-0.15510012454693964,False,False
2023-03-01,M1,p10,C03,0.03518993197393649,False,False
2023-03-01,M1,p10,D01,0.04198420069390338,False,False
2023-03-01,M1,p10,D02,-0.19347613389910653,False,False
2023-03-01,M1,p10,D03,-0.309342957882319,False,False
2023-03-01,M1,p10,E01,0.13531538798562454,False,False
2023-03-01,M1,p10,F01,0.17266424662414234,False,False
2023-03-01,M1,p10,F02,0.10815794663607135,False,False
2023-03-01,M1,p10,F03,-0.20165470637456515,False,False
2023-03-01,M1,p10,F04,-0.05351171685435215,False,False
2023-03-01,M2,mu5,A01_spline_0,-0.021955894666282116,False,False
2023-03-01,M2,mu5,A01_spline_1,0.0013597956519999666,False,False
2023-03-01,M2,mu5,A01_spline_2,-0.0014958232342803723,False,False
2023-03-01,M2,mu5,A02_spline_0,0.004625890675592655,False,False
2023-03-01,M2,mu5,A02_spline_1,0.0009459852448354091,False,False
2023-03-01,M2,mu5,A02_spline_2,0.005258971559279398,False,False
2023-03-01,M2,mu5,A03_spline_0,-0.009816899982813366,False,False
2023-03-01,M2,mu5,A03_spline_1,0.004424050129105791,False,False
2023-03-01,M2,mu5,A03_spline_2,0.0010985121009994946,False,False
2023-03-01,M2,mu5,A04_spline_0,0.0016671306962288508,False,False
2023-03-01,M2,mu5,A04_spline_1,0.0039554686734150695,False,False
2023-03-01,M2,mu5,A04_spline_2,-0.001427896549748941,False,False
2023-03-01,M2,mu5,A05_spline_0,-0.0038128553487374473,False,False
2023-03-01,M2,mu5,A05_spline_1,0.0011937508728511199,False,False
2023-03-01,M2,mu5,A05_spline_2,0.0006628211483871882,False,False
2023-03-01,M2,mu5,B01_spline_0,-0.0026263331234859947,False,False
2023-03-01,M2,mu5,B01_spline_1,-0.004612289228325154,False,False
2023-03-01,M2,mu5,B01_spline_2,-0.0006322446654638907,False,False
2023-03-01,M2,mu5,B02_spline_0,-0.001174211118695711,False,False
2023-03-01,M2,mu5,B02_spline_1,0.0014610011514211737,False,False
2023-03-01,M2,mu5,B02_spline_2,0.001071446251930848,False,False
2023-03-01,M2,mu5,B03_spline_0,0.0049059715413367535,False,False
2023-03-01,M2,mu5,B03_spline_1,-0.00038205445300548463,False,False
2023-03-01,M2,mu5,B03_spline_2,0.002756441913703745,False,False
2023-03-01,M2,mu5,C01_spline_0,0.003249886378043,False,False
2023-03-01,M2,mu5,C01_spline_1,-0.006236647778257963,False,False
2023-03-01,M2,mu5,C01_spline_2,-0.00442757599018207,False,False
2023-03-01,M2,mu5,C02_spline_0,0.00235564340465114,False,False
2023-03-01,M2,mu5,C02_spline_1,-0.005161720169661953,False,False
2023-03-01,M2,mu5,C02_spline_2,-0.004483773735333376,False,False
2023-03-01,M2,mu5,C03_spline_0,-0.0031658112794536912,False,False
2023-03-01,M2,mu5,C03_spline_1,-0.002019224707675818,False,False
2023-03-01,M2,mu5,C03_spline_2,0.003663560648043594,False,False
2023-03-01,M2,mu5,D01_spline_0,-0.00471838402996646,False,False
2023-03-01,M2,mu5,D01_spline_1,-0.0004230575632111519,False,False
2023-03-01,M2,mu5,D01_spline_2,-0.001987034238048584,False,False
2023-03-01,M2,mu5,D02_spline_0,-0.0008853112306469193,False,False
2023-03-01,M2,mu5,D02_spline_1,-0.0009466316730087278,False,False
2023-03-01,M2,mu5,D02_spline_2,-0.0047824034143189205,False,False
2023-03-01,M2,mu5,D03_spline_0,0.0006248226818604946,False,False
2023-03-01,M2,mu5,D03_spline_1,-0.0012132371453112934,False,False
2023-03-01,M2,mu5,D03_spline_2,0.001419498238634328,False,False
2023-03-01,M2,mu5,E01_spline_0,0.001708342705544581,False,False
2023-03-01,M2,mu5,E01_spline_1,0.000677621672680072,False,False
2023-03-01,M2,mu5,E01_spline_2,-0.006073074069981995,False,False
2023-03-01,M2,mu5,F01_spline_0,-0.0005054103487904446,False,False
2023-03-01,M2,mu5,F01_spline_1,0.0006784122419843849,False,False
2023-03-01,M2,mu5,F01_spline_2,-0.0007623958816673458,False,False
2023-03-01,M2,mu5,F02_spline_0,0.005289604472275354,False,False
2023-03-01,M2,mu5,F02_spline_1,-0.004711792821599867,False,False
2023-03-01,M2,mu5,F02_spline_2,0.002641013640025925,False,False
2023-03-01,M2,mu5,F03_spline_0,-0.0026319912215669334,False,False
2023-03-01,M2,mu5,F03_spline_1,-0.0003587976784757806,False,False
2023-03-01,M2,mu5,F03_spline_2,0.0006456198601995835,False,False
2023-03-01,M2,mu5,F04_spline_0,-0.004529335809167506,False,False
2023-03-01,M2,mu5,F04_spline_1,-0.001855061316807594,False,False
2023-03-01,M2,mu5,F04_spline_2,-0.000785642413933771,False,False
2023-03-01,M2,mu5,I01,-0.0008084117063971268,False,False
2023-03-01,M2,mu5,I02,0.0041306225303598815,False,False
2023-03-01,M2,mu5,I03,0.0009054627177292724,False,False
2023-03-01,M2,mu5,I04,0.000866229918966356,False,False
2023-03-01,M2,mu5,I05,-0.00728526167993473,False,False
2023-03-01,M2,mu5,I06,-0.0032681291475747543,False,False
2023-03-01,M2,q90,A01_spline_0,0.025743149101503923,False,False
2023-03-01,M2,q90,A01_spline_1,0.0,True,False
2023-03-01,M2,q90,A01_spline_2,5.110703668664893e-05,False,False
2023-03-01,M2,q90,A02_spline_0,0.0,True,False
2023-03-01,M2,q90,A02_spline_1,0.0,True,False
2023-03-01,M2,q90,A02_spline_2,0.0,True,False
2023-03-01,M2,q90,A03_spline_0,0.005046662323969678,False,False
2023-03-01,M2,q90,A03_spline_1,0.0,True,False
2023-03-01,M2,q90,A03_spline_2,0.0,True,False
2023-03-01,M2,q90,A04_spline_0,0.0,True,False
2023-03-01,M2,q90,A04_spline_1,0.0,True,False
2023-03-01,M2,q90,A04_spline_2,0.00023985941105376276,False,False
2023-03-01,M2,q90,A05_spline_0,0.0008887325353910394,False,False
2023-03-01,M2,q90,A05_spline_1,0.0,True,False
2023-03-01,M2,q90,A05_spline_2,-7.778603696264734e-05,False,False
2023-03-01,M2,q90,B01_spline_0,0.0,True,False
2023-03-01,M2,q90,B01_spline_1,0.0,True,False
2023-03-01,M2,q90,B01_spline_2,0.0,True,False
2023-03-01,M2,q90,B02_spline_0,0.0,True,False
2023-03-01,M2,q90,B02_spline_1,0.0,True,False
2023-03-01,M2,q90,B02_spline_2,0.0,True,False
2023-03-01,M2,q90,B03_spline_0,0.0,True,False
2023-03-01,M2,q90,B03_spline_1,0.0,True,False
2023-03-01,M2,q90,B03_spline_2,0.0,True,False
2023-03-01,M2,q90,C01_spline_0,-0.012448016347564294,False,False
2023-03-01,M2,q90,C01_spline_1,0.0,True,False
2023-03-01,M2,q90,C01_spline_2,0.0,True,False
2023-03-01,M2,q90,C02_spline_0,-0.003387443539985285,False,False
2023-03-01,M2,q90,C02_spline_1,0.0,True,False
2023-03-01,M2,q90,C02_spline_2,0.0,True,False
2023-03-01,M2,q90,C03_spline_0,0.0,True,False
2023-03-01,M2,q90,C03_spline_1,0.0,True,False
2023-03-01,M2,q90,C03_spline_2,0.0,True,False
2023-03-01,M2,q90,D01_spline_0,0.0,True,False
2023-03-01,M2,q90,D01_spline_1,0.0,True,False
2023-03-01,M2,q90,D01_spline_2,0.0,True,False
2023-03-01,M2,q90,D02_spline_0,0.011145184297633602,False,False
2023-03-01,M2,q90,D02_spline_1,0.0,True,False
2023-03-01,M2,q90,D02_spline_2,0.0,True,False
2023-03-01,M2,q90,D03_spline_0,0.0,True,False
2023-03-01,M2,q90,D03_spline_1,0.0,True,False
2023-03-01,M2,q90,D03_spline_2,0.0,True,False
2023-03-01,M2,q90,E01_spline_0,0.0,True,False
2023-03-01,M2,q90,E01_spline_1,0.0,True,False
2023-03-01,M2,q90,E01_spline_2,0.005395423612254112,False,False
2023-03-01,M2,q90,F01_spline_0,-0.0033681359744180297,False,False
2023-03-01,M2,q90,F01_spline_1,0.0,True,False
2023-03-01,M2,q90,F01_spline_2,0.0,True,False
2023-03-01,M2,q90,F02_spline_0,0.0,True,False
2023-03-01,M2,q90,F02_spline_1,0.0,True,False
2023-03-01,M2,q90,F02_spline_2,0.001560013454043648,False,False
2023-03-01,M2,q90,F03_spline_0,0.0,True,False
2023-03-01,M2,q90,F03_spline_1,0.0,True,False
2023-03-01,M2,q90,F03_spline_2,0.0,True,False
2023-03-01,M2,q90,F04_spline_0,0.00042379016239854986,False,False
2023-03-01,M2,q90,F04_spline_1,0.0,True,False
2023-03-01,M2,q90,F04_spline_2,0.0,True,False
2023-03-01,M2,q90,I01,0.0,True,False
2023-03-01,M2,q90,I02,0.0,True,False
2023-03-01,M2,q90,I03,0.0,True,False
2023-03-01,M2,q90,I04,0.0,True,False
2023-03-01,M2,q90,I05,0.0,True,False
2023-03-01,M2,q90,I06,0.0,True,False
2023-03-01,M2,p10,A01_spline_0,0.5166068562427792,False,False
2023-03-01,M2,p10,A01_spline_1,0.017834985494195828,False,False
2023-03-01,M2,p10,A01_spline_2,0.10474386935450265,False,False
2023-03-01,M2,p10,A02_spline_0,-0.16321541971171746,False,False
2023-03-01,M2,p10,A02_spline_1,0.04597280457688676,False,False
2023-03-01,M2,p10,A02_spline_2,-0.07917072597112589,False,False
2023-03-01,M2,p10,A03_spline_0,0.5675721564509534,False,False
2023-03-01,M2,p10,A03_spline_1,-0.09599109255918821,False,False
2023-03-01,M2,p10,A03_spline_2,-0.0887124206532053,False,False
2023-03-01,M2,p10,A04_spline_0,-0.1466480494631661,False,False
2023-03-01,M2,p10,A04_spline_1,-0.1522181245245031,False,False
2023-03-01,M2,p10,A04_spline_2,0.0967493987475217,False,False
2023-03-01,M2,p10,A05_spline_0,0.0837720229839235,False,False
2023-03-01,M2,p10,A05_spline_1,-0.10500059238667164,False,False
2023-03-01,M2,p10,A05_spline_2,0.039129481454432374,False,False
2023-03-01,M2,p10,B01_spline_0,-0.034574571589458314,False,False
2023-03-01,M2,p10,B01_spline_1,-0.020878463619168088,False,False
2023-03-01,M2,p10,B01_spline_2,0.14505049083498056,False,False
2023-03-01,M2,p10,B02_spline_0,0.038694107396569415,False,False
2023-03-01,M2,p10,B02_spline_1,-0.020298410473341213,False,False
2023-03-01,M2,p10,B02_spline_2,-0.09720456882930911,False,False
2023-03-01,M2,p10,B03_spline_0,-0.43657567215554294,False,False
2023-03-01,M2,p10,B03_spline_1,0.03134670928746855,False,False
2023-03-01,M2,p10,B03_spline_2,-0.009603744610510874,False,False
2023-03-01,M2,p10,C01_spline_0,-0.4775515943124328,False,False
2023-03-01,M2,p10,C01_spline_1,0.2547524618026299,False,False
2023-03-01,M2,p10,C01_spline_2,0.17445737646915632,False,False
2023-03-01,M2,p10,C02_spline_0,-0.3799195697869656,False,False
2023-03-01,M2,p10,C02_spline_1,0.1306188651915903,False,False
2023-03-01,M2,p10,C02_spline_2,0.11465005016707008,False,False
2023-03-01,M2,p10,C03_spline_0,-0.0047709017910558225,False,False
2023-03-01,M2,p10,C03_spline_1,0.10078827542421723,False,False
2023-03-01,M2,p10,C03_spline_2,-0.21952981594332513,False,False
2023-03-01,M2,p10,D01_spline_0,0.12210700689805014,False,False
2023-03-01,M2,p10,D01_spline_1,0.04691262096889684,False,False
2023-03-01,M2,p10,D01_spline_2,-0.061162396547089506,False,False
2023-03-01,M2,p10,D02_spline_0,0.1800769864864834,False,False
2023-03-01,M2,p10,D02_spline_1,-0.014907514303325459,False,False
2023-03-01,M2,p10,D02_spline_2,-0.015576134353609923,False,False
2023-03-01,M2,p10,D03_spline_0,-0.16214838355289143,False,False
2023-03-01,M2,p10,D03_spline_1,0.16200481811878994,False,False
2023-03-01,M2,p10,D03_spline_2,-0.0468837379314595,False,False
2023-03-01,M2,p10,E01_spline_0,0.005502051780961832,False,False
2023-03-01,M2,p10,E01_spline_1,-0.09572132345564519,False,False
2023-03-01,M2,p10,E01_spline_2,0.12903352381144914,False,False
2023-03-01,M2,p10,F01_spline_0,-0.022706225789855407,False,False
2023-03-01,M2,p10,F01_spline_1,-0.23209602500980217,False,False
2023-03-01,M2,p10,F01_spline_2,0.13554533617354866,False,False
2023-03-01,M2,p10,F02_spline_0,-0.2938831722814479,False,False
2023-03-01,M2,p10,F02_spline_1,-0.08777506608997465,False,False
2023-03-01,M2,p10,F02_spline_2,-0.020225155808660876,False,False
2023-03-01,M2,p10,F03_spline_0,0.22920330049235776,False,False
2023-03-01,M2,p10,F03_spline_1,0.019749222840648586,False,False
2023-03-01,M2,p10,F03_spline_2,-0.03244384122066748,False,False
2023-03-01,M2,p10,F04_spline_0,0.22234565449394605,False,False
2023-03-01,M2,p10,F04_spline_1,-0.04502283638973093,False,False
2023-03-01,M2,p10,F04_spline_2,0.053026015442796025,False,False
2023-03-01,M2,p10,I01,-0.133012082932456,False,False
2023-03-01,M2,p10,I02,0.03791956817992162,False,False
2023-03-01,M2,p10,I03,-0.05850044884666163,False,False
2023-03-01,M2,p10,I04,-0.12180617055204349,False,False
2023-03-01,M2,p10,I05,0.25081275491888666,False,False
2023-03-01,M2,p10,I06,0.01956127206689778,False,False
2023-04-03,M1,mu5,A01,0.007723107991702082,False,False
2023-04-03,M1,mu5,A02,0.000796175119472716,False,False
2023-04-03,M1,mu5,A03,0.005833824574136201,False,False
2023-04-03,M1,mu5,A04,-0.003754824908766823,False,False
2023-04-03,M1,mu5,A05,0.0028416654445843135,False,False
2023-04-03,M1,mu5,B01,0.00788112065605643,False,False
2023-04-03,M1,mu5,B02,0.00330828674478997,False,False
2023-04-03,M1,mu5,B03,-0.0003284581048122111,False,False
2023-04-03,M1,mu5,C01,-0.0004422423961084807,False,False
2023-04-03,M1,mu5,C02,0.004741148806585697,False,False
2023-04-03,M1,mu5,C03,0.00012895168194113052,False,False
2023-04-03,M1,mu5,D01,0.0010294528165395408,False,False
2023-04-03,M1,mu5,D02,0.0009399817691860251,False,False
2023-04-03,M1,mu5,D03,0.004398463545224583,False,False
2023-04-03,M1,mu5,E01,-0.0016741744402193046,False,False
2023-04-03,M1,mu5,F01,-0.0003866012175636593,False,False
2023-04-03,M1,mu5,F02,0.004628054063187394,False,False
2023-04-03,M1,mu5,F03,0.000972809639861591,False,False
2023-04-03,M1,mu5,F04,0.0030433900463199444,False,False
2023-04-03,M1,q90,A01,-0.000358566054444317,False,False
2023-04-03,M1,q90,A02,0.0,True,False
2023-04-03,M1,q90,A03,-0.0030314395098496242,False,False
2023-04-03,M1,q90,A04,0.002108118643201033,False,False
2023-04-03,M1,q90,A05,0.0,True,False
2023-04-03,M1,q90,B01,0.0,True,False
2023-04-03,M1,q90,B02,0.0,True,False
2023-04-03,M1,q90,B03,0.0,True,False
2023-04-03,M1,q90,C01,0.007107046364471964,False,False
2023-04-03,M1,q90,C02,0.0,True,False
2023-04-03,M1,q90,C03,0.0,True,False
2023-04-03,M1,q90,D01,0.0,True,False
2023-04-03,M1,q90,D02,0.0,True,False
2023-04-03,M1,q90,D03,-0.004820362450122305,False,False
2023-04-03,M1,q90,E01,0.0,True,False
2023-04-03,M1,q90,F01,0.0,True,False
2023-04-03,M1,q90,F02,0.0,True,False
2023-04-03,M1,q90,F03,-0.012940705887994695,False,False
2023-04-03,M1,q90,F04,0.0,True,False
2023-04-03,M1,p10,A01,-0.28279186402129,False,False
2023-04-03,M1,p10,A02,-0.10263315741716544,False,False
2023-04-03,M1,p10,A03,-0.3215576726957134,False,False
2023-04-03,M1,p10,A04,0.23944233190513733,False,False
2023-04-03,M1,p10,A05,0.05064373717975144,False,False
2023-04-03,M1,p10,B01,-0.09055570787606411,False,False
2023-04-03,M1,p10,B02,-0.17289696879751884,False,False
2023-04-03,M1,p10,B03,0.3248436919098148,False,False
2023-04-03,M1,p10,C01,0.07780882037749075,False,False
2023-04-03,M1,p10,C02,-0.17753840879812657,False,False
2023-04-03,M1,p10,C03,0.0024126044819623455,False,False
2023-04-03,M1,p10,D01,0.02935020392472574,False,False
2023-04-03,M1,p10,D02,-0.20764903583993247,False,False
2023-04-03,M1,p10,D03,-0.25050721612400145,False,False
2023-04-03,M1,p10,E01,0.14259980816546786,False,False
2023-04-03,M1,p10,F01,0.16982504259428147,False,False
2023-04-03,M1,p10,F02,0.06746976644067194,False,False
2023-04-03,M1,p10,F03,-0.19043296544983115,False,False
2023-04-03,M1,p10,F04,-0.03928531113012824,False,False
2023-04-03,M2,mu5,A01_spline_0,-0.02198961535240883,False,False
2023-04-03,M2,mu5,A01_spline_1,0.0022659574724731403,False,False
2023-04-03,M2,mu5,A01_spline_2,-0.00228218953274977,False,False
2023-04-03,M2,mu5,A02_spline_0,0.004798655012701259,False,False
2023-04-03,M2,mu5,A02_spline_1,0.0007283238087455199,False,False
2023-04-03,M2,mu5,A02_spline_2,0.005511087896664293,False,False
2023-04-03,M2,mu5,A03_spline_0,-0.00963077509145786,False,False
2023-04-03,M2,mu5,A03_spline_1,0.004514750897629172,False,False
2023-04-03,M2,mu5,A03_spline_2,0.0011070421774004625,False,False
2023-04-03,M2,mu5,A04_spline_0,0.0016338609829681808,False,False
2023-04-03,M2,mu5,A04_spline_1,0.004130695950944535,False,False
2023-04-03,M2,mu5,A04_spline_2,-0.001436899669597912,False,False
2023-04-03,M2,mu5,A05_spline_0,-0.0033423296777068032,False,False
2023-04-03,M2,mu5,A05_spline_1,0.0006019391924974021,False,False
2023-04-03,M2,mu5,A05_spline_2,0.00039007480075829064,False,False
2023-04-03,M2,mu5,B01_spline_0,-0.002001412891105711,False,False
2023-04-03,M2,mu5,B01_spline_1,-0.005137246867004787,False,False
2023-04-03,M2,mu5,B01_spline_2,-0.00043917966939828175,False,False
2023-04-03,M2,mu5,B02_spline_0,-0.0012209860399640705,False,False
2023-04-03,M2,mu5,B02_spline_1,0.0015552162051680621,False,False
2023-04-03,M2,mu5,B02_spline_2,0.0006009132422581866,False,False
2023-04-03,M2,mu5,B03_spline_0,0.004562547577923836,False,False
2023-04-03,M2,mu5,B03_spline_1,0.0006624974835762508,False,False
2023-04-03,M2,mu5,B03_spline_2,0.0019701242549050673,False,False
2023-04-03,M2,mu5,C01_spline_0,0.00033704485595881933,False,False
2023-04-03,M2,mu5,C01_spline_1,-0.004534419306793962,False,False
2023-04-03,M2,mu5,C01_spline_2,-0.004877521334170848,False,False
2023-04-03,M2,mu5,C02_spline_0,0.002929562010682534,False,False
2023-04-03,M2,mu5,C02_spline_1,-0.004021614046456913,False,False
2023-04-03,M2,mu5,C02_spline_2,-0.002327448354061728,False,False
2023-04-03,M2,mu5,C03_spline_0,-0.0031204747110370455,False,False
2023-04-03,M2,mu5,C03_spline_1,-0.002022060902917521,False,False
2023-04-03,M2,mu5,C03_spline_2,0.003593692609017374,False,False
2023-04-03,M2,mu5,D01_spline_0,-0.00505662359785908,False,False
2023-04-03,M2,mu5,D01_spline_1,-0.0006875014609979252,False,False
2023-04-03,M2,mu5,D01_spline_2,-0.001622739544317256,False,False
2023-04-03,M2,mu5,D02_spline_0,-0.0012223250057486782,False,False
2023-04-03,M2,mu5,D02_spline_1,-0.0006641428778425464,False,False
2023-04-03,M2,mu5,D02_spline_2,-0.004833554263916361,False,False
2023-04-03,M2,mu5,D03_spline_0,0.0002757024064047207,False,False
2023-04-03,M2,mu5,D03_spline_1,-0.0002826780527699531,False,False
2023-04-03,M2,mu5,D03_spline_2,0.0009957239148456905,False,False
2023-04-03,M2,mu5,E01_spline_0,0.001769725987977921,False,False
2023-04-03,M2,mu5,E01_spline_1,0.00030241313859550147,False,False
2023-04-03,M2,mu5,E01_spline_2,-0.0062141152221618316,False,False
2023-04-03,M2,mu5,F01_spline_0,-0.00022303580758550835,False,False
2023-04-03,M2,mu5,F01_spline_1,0.0007847128086459932,False,False
2023-04-03,M2,mu5,F01_spline_2,-0.000820126958764145,False,False
2023-04-03,M2,mu5,F02_spline_0,0.0058774014421612945,False,False
2023-04-03,M2,mu5,F02_spline_1,-0.005302636690349258,False,False
2023-04-03,M2,mu5,F02_spline_2,0.0023535531778459285,False,False
2023-04-03,M2,mu5,F03_spline_0,-0.0027964333562660805,False,False
2023-04-03,M2,mu5,F03_spline_1,0.00015935805074748463,False,False
2023-04-03,M2,mu5,F03_spline_2,0.0005079728486394267,False,False
2023-04-03,M2,mu5,F04_spline_0,-0.0038135540303952755,False,False
2023-04-03,M2,mu5,F04_spline_1,-0.0027806361091163704,False,False
2023-04-03,M2,mu5,F04_spline_2,-0.0004342257249292886,False,False
2023-04-03,M2,mu5,I01,-0.0008174667145157103,False,False
2023-04-03,M2,mu5,I02,0.004384518984094773,False,False
2023-04-03,M2,mu5,I03,0.0016453163535323392,False,False
2023-04-03,M2,mu5,I04,0.0010510081991828531,False,False
2023-04-03,M2,mu5,I05,-0.007018801009727802,False,False
2023-04-03,M2,mu5,I06,-0.0030995015330986136,False,False
2023-04-03,M2,q90,A01_spline_0,0.025131123943295905,False,False
2023-04-03,M2,q90,A01_spline_1,0.0,True,False
2023-04-03,M2,q90,A01_spline_2,0.0,True,False
2023-04-03,M2,q90,A02_spline_0,0.0,True,False
2023-04-03,M2,q90,A02_spline_1,0.0,True,False
2023-04-03,M2,q90,A02_spline_2,0.0,True,False
2023-04-03,M2,q90,A03_spline_0,0.00568844982379043,False,False
2023-04-03,M2,q90,A03_spline_1,0.0,True,False
2023-04-03,M2,q90,A03_spline_2,0.0,True,False
2023-04-03,M2,q90,A04_spline_0,0.0,True,False
2023-04-03,M2,q90,A04_spline_1,0.0,True,False
2023-04-03,M2,q90,A04_spline_2,0.0007108170814929864,False,False
2023-04-03,M2,q90,A05_spline_0,0.0029304979224300753,False,False
2023-04-03,M2,q90,A05_spline_1,0.0,True,False
2023-04-03,M2,q90,A05_spline_2,0.0,True,False
2023-04-03,M2,q90,B01_spline_0,0.0,True,False
2023-04-03,M2,q90,B01_spline_1,0.0,True,False
2023-04-03,M2,q90,B01_spline_2,0.0,True,False
2023-04-03,M2,q90,B02_spline_0,0.0,True,False
2023-04-03,M2,q90,B02_spline_1,0.0,True,False
2023-04-03,M2,q90,B02_spline_2,0.0,True,False
2023-04-03,M2,q90,B03_spline_0,0.0,True,False
2023-04-03,M2,q90,B03_spline_1,0.0,True,False
2023-04-03,M2,q90,B03_spline_2,0.0,True,False
2023-04-03,M2,q90,C01_spline_0,-0.00013867113259194894,False,False
2023-04-03,M2,q90,C01_spline_1,0.0,True,False
2023-04-03,M2,q90,C01_spline_2,0.008692087103761853,False,False
2023-04-03,M2,q90,C02_spline_0,-0.0026193745261993678,False,False
2023-04-03,M2,q90,C02_spline_1,0.0,True,False
2023-04-03,M2,q90,C02_spline_2,0.0,True,False
2023-04-03,M2,q90,C03_spline_0,0.0,True,False
2023-04-03,M2,q90,C03_spline_1,0.0,True,False
2023-04-03,M2,q90,C03_spline_2,0.0,True,False
2023-04-03,M2,q90,D01_spline_0,0.0,True,False
2023-04-03,M2,q90,D01_spline_1,0.0,True,False
2023-04-03,M2,q90,D01_spline_2,0.0,True,False
2023-04-03,M2,q90,D02_spline_0,0.011300559370133639,False,False
2023-04-03,M2,q90,D02_spline_1,0.0,True,False
2023-04-03,M2,q90,D02_spline_2,0.0,True,False
2023-04-03,M2,q90,D03_spline_0,0.0,True,False
2023-04-03,M2,q90,D03_spline_1,0.0,True,False
2023-04-03,M2,q90,D03_spline_2,0.0,True,False
2023-04-03,M2,q90,E01_spline_0,0.0,True,False
2023-04-03,M2,q90,E01_spline_1,0.0,True,False
2023-04-03,M2,q90,E01_spline_2,0.00790541518589548,False,False
2023-04-03,M2,q90,F01_spline_0,-0.004922265955724768,False,False
2023-04-03,M2,q90,F01_spline_1,0.0,True,False
2023-04-03,M2,q90,F01_spline_2,0.0,True,False
2023-04-03,M2,q90,F02_spline_0,0.0,True,False
2023-04-03,M2,q90,F02_spline_1,0.0,True,False
2023-04-03,M2,q90,F02_spline_2,0.003166104579880949,False,False
2023-04-03,M2,q90,F03_spline_0,0.0,True,False
2023-04-03,M2,q90,F03_spline_1,0.0,True,False
2023-04-03,M2,q90,F03_spline_2,0.0,True,False
2023-04-03,M2,q90,F04_spline_0,0.0,True,False
2023-04-03,M2,q90,F04_spline_1,0.0,True,False
2023-04-03,M2,q90,F04_spline_2,0.0,True,False
2023-04-03,M2,q90,I01,0.0,True,False
2023-04-03,M2,q90,I02,0.0,True,False
2023-04-03,M2,q90,I03,0.0,True,False
2023-04-03,M2,q90,I04,0.0,True,False
2023-04-03,M2,q90,I05,0.0,True,False
2023-04-03,M2,q90,I06,0.0,True,False
2023-04-03,M2,p10,A01_spline_0,0.5566868338138603,False,False
2023-04-03,M2,p10,A01_spline_1,-0.06034798218716086,False,False
2023-04-03,M2,p10,A01_spline_2,0.16554902781939482,False,False
2023-04-03,M2,p10,A02_spline_0,-0.15837784730251184,False,False
2023-04-03,M2,p10,A02_spline_1,0.06293107226892553,False,False
2023-04-03,M2,p10,A02_spline_2,-0.09563801679105974,False,False
2023-04-03,M2,p10,A03_spline_0,0.5566058260884569,False,False
2023-04-03,M2,p10,A03_spline_1,-0.08846664402143585,False,False
2023-04-03,M2,p10,A03_spline_2,-0.07438680776709838,False,False
2023-04-03,M2,p10,A04_spline_0,-0.1518270643365117,False,False
2023-04-03,M2,p10,A04_spline_1,-0.1414416161515968,False,False
2023-04-03,M2,p10,A04_spline_2,0.0788695485205628,False,False
2023-04-03,M2,p10,A05_spline_0,0.05819061400835943,False,False
2023-04-03,M2,p10,A05_spline_1,-0.07375477677050665,False,False
2023-04-03,M2,p10,A05_spline_2,0.08422310783883825,False,False
2023-04-03,M2,p10,B01_spline_0,-0.13775551973241548,False,False
2023-04-03,M2,p10,B01_spline_1,0.04699686383948796,False,False
2023-04-03,M2,p10,B01_spline_2,0.1371556478907534,False,False
2023-04-03,M2,p10,B02_spline_0,0.05841395229572976,False,False
2023-04-03,M2,p10,B02_spline_1,-0.034847958416738156,False,False
2023-04-03,M2,p10,B02_spline_2,-0.07518531029439877,False,False
2023-04-03,M2,p10,B03_spline_0,-0.40726545721410967,False,False
2023-04-03,M2,p10,B03_spline_1,-0.06743359539045427,False,False
2023-04-03,M2,p10,B03_spline_2,0.05833200926584874,False,False
2023-04-03,M2,p10,C01_spline_0,-0.055125525961326895,False,False
2023-04-03,M2,p10,C01_spline_1,0.0725896935948362,False,False
2023-04-03,M2,p10,C01_spline_2,0.15249208137824855,False,False
2023-04-03,M2,p10,C02_spline_0,-0.35622436671555874,False,False
2023-04-03,M2,p10,C02_spline_1,0.1589735294083173,False,False
2023-04-03,M2,p10,C02_spline_2,0.06490652729655655,False,False
2023-04-03,M2,p10,C03_spline_0,-0.01274219837958261,False,False
2023-04-03,M2,p10,C03_spline_1,0.11444301149115389,False,False
2023-04-03,M2,p10,C03_spline_2,-0.23178503907026937,False,False
2023-04-03,M2,p10,D01_spline_0,0.14547979780875175,False,False
2023-04-03,M2,p10,D01_spline_1,0.06985437951241603,False,False
2023-04-03,M2,p10,D01_spline_2,-0.10059114139473611,False,False
2023-04-03,M2,p10,D02_spline_0,0.21695923332052308,False,False
2023-04-03,M2,p10,D02_spline_1,-0.024070883251467654,False,False
2023-04-03,M2,p10,D02_spline_2,-0.03641775962544251,False,False
2023-04-03,M2,p10,D03_spline_0,-0.13040823460651219,False,False
2023-04-03,M2,p10,D03_spline_1,0.06841704480000871,False,False
2023-04-03,M2,p10,D03_spline_2,0.040291946798509636,False,False
2023-04-03,M2,p10,E01_spline_0,0.007734732519535046,False,False
2023-04-03,M2,p10,E01_spline_1,-0.08879863023184033,False,False
2023-04-03,M2,p10,E01_spline_2,0.14490970950439894,False,False
2023-04-03,M2,p10,F01_spline_0,-0.02448132819260195,False,False
2023-04-03,M2,p10,F01_spline_1,-0.22621565682396685,False,False
2023-04-03,M2,p10,F01_spline_2,0.14002028615753323,False,False
2023-04-03,M2,p10,F02_spline_0,-0.34159635925845877,False,False
2023-04-03,M2,p10,F02_spline_1,-0.02252943626227496,False,False
2023-04-03,M2,p10,F02_spline_2,0.022536012125211044,False,False
2023-04-03,M2,p10,F03_spline_0,0.254087364640911,False,False
2023-04-03,M2,p10,F03_spline_1,-0.02010422731238453,False,False
2023-04-03,M2,p10,F03_spline_2,-0.020203174131498705,False,False
2023-04-03,M2,p10,F04_spline_0,0.14955430493657745,False,False
2023-04-03,M2,p10,F04_spline_1,0.04446636196054791,False,False
2023-04-03,M2,p10,F04_spline_2,0.0206784001424638,False,False
2023-04-03,M2,p10,I01,-0.10376956135444518,False,False
2023-04-03,M2,p10,I02,0.026495006265320985,False,False
2023-04-03,M2,p10,I03,-0.0664815154396848,False,False
2023-04-03,M2,p10,I04,-0.13499964309081708,False,False
2023-04-03,M2,p10,I05,0.21412019806834148,False,False
2023-04-03,M2,p10,I06,-0.02161113388622461,False,False
2023-05-01,M1,mu5,A01,0.007794157952478358,False,False
2023-05-01,M1,mu5,A02,0.0009519525800677957,False,False
2023-05-01,M1,mu5,A03,0.006073541045688391,False,False
2023-05-01,M1,mu5,A04,-0.003629753108292544,False,False
2023-05-01,M1,mu5,A05,0.002686195287325138,False,False
2023-05-01,M1,mu5,B01,0.008169999054262972,False,False
2023-05-01,M1,mu5,B02,0.0031897592858805193,False,False
2023-05-01,M1,mu5,B03,-8.948191783306603e-05,False,False
2023-05-01,M1,mu5,C01,-0.0010360127864160024,False,False
2023-05-01,M1,mu5,C02,0.004538464131849608,False,False
2023-05-01,M1,mu5,C03,0.000462035497455294,False,False
2023-05-01,M1,mu5,D01,0.000740444332901173,False,False
2023-05-01,M1,mu5,D02,0.000784388384828614,False,False
2023-05-01,M1,mu5,D03,0.004201356939888983,False,False
2023-05-01,M1,mu5,E01,-0.0014761143178429162,False,False
2023-05-01,M1,mu5,F01,-0.00040941538899416684,False,False
2023-05-01,M1,mu5,F02,0.004688078774672265,False,False
2023-05-01,M1,mu5,F03,0.001131306751377789,False,False
2023-05-01,M1,mu5,F04,0.003913855667422535,False,False
2023-05-01,M1,q90,A01,0.0,True,False
2023-05-01,M1,q90,A02,0.0,True,False
2023-05-01,M1,q90,A03,-0.0029968183019021383,False,False
2023-05-01,M1,q90,A04,0.0017091021233358315,False,False
2023-05-01,M1,q90,A05,0.0,True,False
2023-05-01,M1,q90,B01,0.0,True,False
2023-05-01,M1,q90,B02,0.0,True,False
2023-05-01,M1,q90,B03,0.0,True,False
2023-05-01,M1,q90,C01,0.008203225998119705,False,False
2023-05-01,M1,q90,C02,0.0,True,False
2023-05-01,M1,q90,C03,0.0,True,False
2023-05-01,M1,q90,D01,0.0,True,False
2023-05-01,M1,q90,D02,0.0,True,False
2023-05-01,M1,q90,D03,-0.0037255767215118424,False,False
2023-05-01,M1,q90,E01,0.0,True,False
2023-05-01,M1,q90,F01,0.0,True,False
2023-05-01,M1,q90,F02,0.0,True,False
2023-05-01,M1,q90,F03,-0.012966704066066174,False,False
2023-05-01,M1,q90,F04,0.0,True,False
2023-05-01,M1,p10,A01,-0.2879292770676584,False,False
2023-05-01,M1,p10,A02,-0.10885867896140002,False,False
2023-05-01,M1,p10,A03,-0.32514804360552707,False,False
2023-05-01,M1,p10,A04,0.24045847071734727,False,False
2023-05-01,M1,p10,A05,0.05565315923674291,False,False
2023-05-01,M1,p10,B01,-0.09836784442097143,False,False
2023-05-01,M1,p10,B02,-0.1677662066784795,False,False
2023-05-01,M1,p10,B03,0.32144263219648883,False,False
2023-05-01,M1,p10,C01,0.09889009896646957,False,False
2023-05-01,M1,p10,C02,-0.17704037983768017,False,False
2023-05-01,M1,p10,C03,-0.0012553541999678376,False,False
2023-05-01,M1,p10,D01,0.035400198399164064,False,False
2023-05-01,M1,p10,D02,-0.20566781017325528,False,False
2023-05-01,M1,p10,D03,-0.2473236139048631,False,False
2023-05-01,M1,p10,E01,0.13607710994802966,False,False
2023-05-01,M1,p10,F01,0.17381285696144727,False,False
2023-05-01,M1,p10,F02,0.06346125813131652,False,False
2023-05-01,M1,p10,F03,-0.1933678874801995,False,False
2023-05-01,M1,p10,F04,-0.06536730143490256,False,False
2023-05-01,M2,mu5,A01_spline_0,-0.02205961718977777,False,False
2023-05-01,M2,mu5,A01_spline_1,0.002178837186346153,False,False
2023-05-01,M2,mu5,A01_spline_2,-0.002213879527898266,False,False
2023-05-01,M2,mu5,A02_spline_0,0.004994136796137872,False,False
2023-05-01,M2,mu5,A02_spline_1,0.000564026925735903,False,False
2023-05-01,M2,mu5,A02_spline_2,0.0057101266813827725,False,False
2023-05-01,M2,mu5,A03_spline_0,-0.00956403542861722,False,False
2023-05-01,M2,mu5,A03_spline_1,0.0043085691186900395,False,False
2023-05-01,M2,mu5,A03_spline_2,0.0010852380328211205,False,False
2023-05-01,M2,mu5,A04_spline_0,0.0016658518536030631,False,False
2023-05-01,M2,mu5,A04_spline_1,0.004063037689215643,False,False
2023-05-01,M2,mu5,A04_spline_2,-0.0013486406163724315,False,False
2023-05-01,M2,mu5,A05_spline_0,-0.003520536594968324,False,False
2023-05-01,M2,mu5,A05_spline_1,0.0007343013397611974,False,False
2023-05-01,M2,mu5,A05_spline_2,0.00031389388101567815,False,False
2023-05-01,M2,mu5,B01_spline_0,-0.0022748937292559274,False,False
2023-05-01,M2,mu5,B01_spline_1,-0.0051439762036566365,False,False
2023-05-01,M2,mu5,B01_spline_2,-0.00031733736494280953,False,False
2023-05-01,M2,mu5,B02_spline_0,-0.0013132726681426132,False,False
2023-05-01,M2,mu5,B02_spline_1,0.0016039806495008009,False,False
2023-05-01,M2,mu5,B02_spline_2,0.0005152248774102323,False,False
2023-05-01,M2,mu5,B03_spline_0,0.004482011318609645,False,False
2023-05-01,M2,mu5,B03_spline_1,0.0006188089338747681,False,False
2023-05-01,M2,mu5,B03_spline_2,0.0020782487524887276,False,False
2023-05-01,M2,mu5,C01_spline_0,0.00036309395281001154,False,False
2023-05-01,M2,mu5,C01_spline_1,-0.004207631157975156,False,False
2023-05-01,M2,mu5,C01_spline_2,-0.005176323111198389,False,False
2023-05-01,M2,mu5,C02_spline_0,0.0029723532101024732,False,False
2023-05-01,M2,mu5,C02_spline_1,-0.004102163653410186,False,False
2023-05-01,M2,mu5,C02_spline_2,-0.002374131821477533,False,False
2023-05-01,M2,mu5,C03_spline_0,-0.0031135910958409777,False,False
2023-05-01,M2,mu5,C03_spline_1,-0.0020452907422528924,False,False
2023-05-01,M2,mu5,C03_spline_2,0.0036418905967856544,False,False
2023-05-01,M2,mu5,D01_spline_0,-0.00473918926048641,False,False
2023-05-01,M2,mu5,D01_spline_1,-0.000832270300474165,False,False
2023-05-01,M2,mu5,D01_spline_2,-0.0017255687085483045,False,False
2023-05-01,M2,mu5,D02_spline_0,-0.0012204827267157997,False,False
2023-05-01,M2,mu5,D02_spline_1,-0.0005904789274589126,False,False
2023-05-01,M2,mu5,D02_spline_2,-0.004982118146555446,False,False
2023-05-01,M2,mu5,D03_spline_0,0.00019888333994631162,False,False
2023-05-01,M2,mu5,D03_spline_1,-8.739928930701275e-05,False,False
2023-05-01,M2,mu5,D03_spline_2,0.0008842705734590649,False,False
2023-05-01,M2,mu5,E01_spline_0,0.001832046055614058,False,False
2023-05-01,M2,mu5,E01_spline_1,0.00019598446657433316,False,False
2023-05-01,M2,mu5,E01_spline_2,-0.006219525027220739,False,False
2023-05-01,M2,mu5,F01_spline_0,-0.00027158646110743445,False,False
2023-05-01,M2,mu5,F01_spline_1,0.0007843210331055981,False,False
2023-05-01,M2,mu5,F01_spline_2,-0.000797910608595823,False,False
2023-05-01,M2,mu5,F02_spline_0,0.006057432940107025,False,False
2023-05-01,M2,mu5,F02_spline_1,-0.005231239083426977,False,False
2023-05-01,M2,mu5,F02_spline_2,0.0025192391384843047,False,False
2023-05-01,M2,mu5,F03_spline_0,-0.0028779880755029482,False,False
2023-05-01,M2,mu5,F03_spline_1,6.460444279529143e-05,False,False
2023-05-01,M2,mu5,F03_spline_2,0.0005842202558499459,False,False
2023-05-01,M2,mu5,F04_spline_0,-0.003969551408798558,False,False
2023-05-01,M2,mu5,F04_spline_1,-0.003022516580808431,False,False
2023-05-01,M2,mu5,F04_spline_2,-8.848058937014009e-05,False,False
2023-05-01,M2,mu5,I01,-0.0007473755359118247,False,False
2023-05-01,M2,mu5,I02,0.00448135377785434,False,False
2023-05-01,M2,mu5,I03,0.0016116765215530135,False,False
2023-05-01,M2,mu5,I04,0.0011624169040445557,False,False
2023-05-01,M2,mu5,I05,-0.007225113704542825,False,False
2023-05-01,M2,mu5,I06,-0.003075555089190914,False,False
2023-05-01,M2,q90,A01_spline_0,0.02504660404720611,False,False
2023-05-01,M2,q90,A01_spline_1,-0.0001549006545283868,False,False
2023-05-01,M2,q90,A01_spline_2,0.0,True,False
2023-05-01,M2,q90,A02_spline_0,0.0,True,False
2023-05-01,M2,q90,A02_spline_1,0.0,True,False
2023-05-01,M2,q90,A02_spline_2,0.0,True,False
2023-05-01,M2,q90,A03_spline_0,0.005733197308588059,False,False
2023-05-01,M2,q90,A03_spline_1,0.0,True,False
2023-05-01,M2,q90,A03_spline_2,0.0,True,False
2023-05-01,M2,q90,A04_spline_0,0.0,True,False
2023-05-01,M2,q90,A04_spline_1,0.0,True,False
2023-05-01,M2,q90,A04_spline_2,0.0013414218971465738,False,False
2023-05-01,M2,q90,A05_spline_0,0.002901483111178751,False,False
2023-05-01,M2,q90,A05_spline_1,0.0,True,False
2023-05-01,M2,q90,A05_spline_2,-0.0005500526779006636,False,False
2023-05-01,M2,q90,B01_spline_0,0.0,True,False
2023-05-01,M2,q90,B01_spline_1,0.0,True,False
2023-05-01,M2,q90,B01_spline_2,0.0,True,False
2023-05-01,M2,q90,B02_spline_0,0.0,True,False
2023-05-01,M2,q90,B02_spline_1,0.0,True,False
2023-05-01,M2,q90,B02_spline_2,0.0,True,False
2023-05-01,M2,q90,B03_spline_0,0.0,True,False
2023-05-01,M2,q90,B03_spline_1,0.0,True,False
2023-05-01,M2,q90,B03_spline_2,0.0,True,False
2023-05-01,M2,q90,C01_spline_0,0.0,True,False
2023-05-01,M2,q90,C01_spline_1,0.0,True,False
2023-05-01,M2,q90,C01_spline_2,0.009517675920881532,False,False
2023-05-01,M2,q90,C02_spline_0,-0.002235930051035927,False,False
2023-05-01,M2,q90,C02_spline_1,0.0,True,False
2023-05-01,M2,q90,C02_spline_2,0.0,True,False
2023-05-01,M2,q90,C03_spline_0,0.0,True,False
2023-05-01,M2,q90,C03_spline_1,0.0,True,False
2023-05-01,M2,q90,C03_spline_2,0.0,True,False
2023-05-01,M2,q90,D01_spline_0,0.0,True,False
2023-05-01,M2,q90,D01_spline_1,0.0,True,False
2023-05-01,M2,q90,D01_spline_2,0.0,True,False
2023-05-01,M2,q90,D02_spline_0,0.01213556666068894,False,False
2023-05-01,M2,q90,D02_spline_1,0.0,True,False
2023-05-01,M2,q90,D02_spline_2,0.0,True,False
2023-05-01,M2,q90,D03_spline_0,0.0,True,False
2023-05-01,M2,q90,D03_spline_1,0.0,True,False
2023-05-01,M2,q90,D03_spline_2,0.0,True,False
2023-05-01,M2,q90,E01_spline_0,0.0,True,False
2023-05-01,M2,q90,E01_spline_1,0.0,True,False
2023-05-01,M2,q90,E01_spline_2,0.006257814780570918,False,False
2023-05-01,M2,q90,F01_spline_0,-0.0050980902152705536,False,False
2023-05-01,M2,q90,F01_spline_1,0.0,True,False
2023-05-01,M2,q90,F01_spline_2,0.0,True,False
2023-05-01,M2,q90,F02_spline_0,0.0,True,False
2023-05-01,M2,q90,F02_spline_1,0.0,True,False
2023-05-01,M2,q90,F02_spline_2,0.0017406105144505213,False,False
2023-05-01,M2,q90,F03_spline_0,0.0,True,False
2023-05-01,M2,q90,F03_spline_1,0.0,True,False
2023-05-01,M2,q90,F03_spline_2,0.0,True,False
2023-05-01,M2,q90,F04_spline_0,0.0,True,False
2023-05-01,M2,q90,F04_spline_1,0.0014392458040680257,False,False
2023-05-01,M2,q90,F04_spline_2,0.0,True,False
2023-05-01,M2,q90,I01,0.0,True,False
2023-05-01,M2,q90,I02,0.0,True,False
2023-05-01,M2,q90,I03,0.0,True,False
2023-05-01,M2,q90,I04,0.0,True,False
2023-05-01,M2,q90,I05,0.0,True,False
2023-05-01,M2,q90,I06,0.0,True,False
2023-05-01,M2,p10,A01_spline_0,0.5567929329639373,False,False
2023-05-01,M2,p10,A01_spline_1,-0.054429454276942804,False,False
2023-05-01,M2,p10,A01_spline_2,0.16103279854517794,False,False
2023-05-01,M2,p10,A02_spline_0,-0.1650142047295039,False,False
2023-05-01,M2,p10,A02_spline_1,0.07244142459645686,False,False
2023-05-01,M2,p10,A02_spline_2,-0.10394493925794751,False,False
2023-05-01,M2,p10,A03_spline_0,0.5525334325500263,False,False
2023-05-01,M2,p10,A03_spline_1,-0.08295503315619478,False,False
2023-05-01,M2,p10,A03_spline_2,-0.06918324663778207,False,False
2023-05-01,M2,p10,A04_spline_0,-0.1522325936157218,False,False
2023-05-01,M2,p10,A04_spline_1,-0.14100250358753622,False,False
2023-05-01,M2,p10,A04_spline_2,0.07946977347581488,False,False
2023-05-01,M2,p10,A05_spline_0,0.05479851437990926,False,False
2023-05-01,M2,p10,A05_spline_1,-0.07422618286412641,False,False
2023-05-01,M2,p10,A05_spline_2,0.0836632446165458,False,False
2023-05-01,M2,p10,B01_spline_0,-0.11416609774968658,False,False
2023-05-01,M2,p10,B01_spline_1,0.03938350536475364,False,False
2023-05-01,M2,p10,B01_spline_2,0.132566792808808,False,False
2023-05-01,M2,p10,B02_spline_0,0.062189442397213614,False,False
2023-05-01,M2,p10,B02_spline_1,-0.04158851407365131,False,False
2023-05-01,M2,p10,B02_spline_2,-0.06728000400013949,False,False
2023-05-01,M2,p10,B03_spline_0,-0.4009263130105214,False,False
2023-05-01,M2,p10,B03_spline_1,-0.06868972936963623,False,False
2023-05-01,M2,p10,B03_spline_2,0.05588520945029114,False,False
2023-05-01,M2,p10,C01_spline_0,-0.062412643498852616,False,False
2023-05-01,M2,p10,C01_spline_1,0.05138476018114382,False,False
2023-05-01,M2,p10,C01_spline_2,0.17342242791731147,False,False
2023-05-01,M2,p10,C02_spline_0,-0.36473549602063615,False,False
2023-05-01,M2,p10,C02_spline_1,0.16474144384433417,False,False
2023-05-01,M2,p10,C02_spline_2,0.06485057740022424,False,False
2023-05-01,M2,p10,C03_spline_0,-0.014216239544862794,False,False
2023-05-01,M2,p10,C03_spline_1,0.11500317811554346,False,False
2023-05-01,M2,p10,C03_spline_2,-0.23102435334087568,False,False
2023-05-01,M2,p10,D01_spline_0,0.13684279108629063,False,False
2023-05-01,M2,p10,D01_spline_1,0.0717115066048485,False,False
2023-05-01,M2,p10,D01_spline_2,-0.09710342987710974,False,False
2023-05-01,M2,p10,D02_spline_0,0.216637105159104,False,False
2023-05-01,M2,p10,D02_spline_1,-0.030770004187070155,False,False
2023-05-01,M2,p10,D02_spline_2,-0.027743978335343953,False,False
2023-05-01,M2,p10,D03_spline_0,-0.12417194010165335,False,False
2023-05-01,M2,p10,D03_spline_1,0.05652306681402205,False,False
2023-05-01,M2,p10,D03_spline_2,0.04742313092559942,False,False
2023-05-01,M2,p10,E01_spline_0,0.003654021160766113,False,False
2023-05-01,M2,p10,E01_spline_1,-0.08096368908442987,False,False
2023-05-01,M2,p10,E01_spline_2,0.14507989951471215,False,False
2023-05-01,M2,p10,F01_spline_0,-0.020891790219548484,False,False
2023-05-01,M2,p10,F01_spline_1,-0.22872302942091327,False,False
2023-05-01,M2,p10,F01_spline_2,0.14129148868518682,False,False
2023-05-01,M2,p10,F02_spline_0,-0.34068096340390047,False,False
2023-05-01,M2,p10,F02_spline_1,-0.023555048953706376,False,False
2023-05-01,M2,p10,F02_spline_2,0.022505923783459388,False,False
2023-05-01,M2,p10,F03_spline_0,0.25374832224748645,False,False
2023-05-01,M2,p10,F03_spline_1,-0.017196030646824276,False,False
2023-05-01,M2,p10,F03_spline_2,-0.02172365663245536,False,False
2023-05-01,M2,p10,F04_spline_0,0.16209822330196494,False,False
2023-05-01,M2,p10,F04_spline_1,0.05761167708933071,False,False
2023-05-01,M2,p10,F04_spline_2,-0.0004864016439656176,False,False
2023-05-01,M2,p10,I01,-0.1100190033600433,False,False
2023-05-01,M2,p10,I02,0.01931250401589507,False,False
2023-05-01,M2,p10,I03,-0.06434540499283753,False,False
2023-05-01,M2,p10,I04,-0.13823860748622283,False,False
2023-05-01,M2,p10,I05,0.23560008974580104,False,False
2023-05-01,M2,p10,I06,-0.025783527601919553,False,False
2023-06-01,M1,mu5,A01,0.007722343252975536,False,False
2023-06-01,M1,mu5,A02,0.0011746500613412092,False,False
2023-06-01,M1,mu5,A03,0.006102511898363858,False,False
2023-06-01,M1,mu5,A04,-0.0035774546679363424,False,False
2023-06-01,M1,mu5,A05,0.0026083973444554695,False,False
2023-06-01,M1,mu5,B01,0.008212425254169629,False,False
2023-06-01,M1,mu5,B02,0.003165465403883498,False,False
2023-06-01,M1,mu5,B03,-0.00026502330711026905,False,False
2023-06-01,M1,mu5,C01,-0.001089643734981947,False,False
2023-06-01,M1,mu5,C02,0.004956877378662614,False,False
2023-06-01,M1,mu5,C03,0.0002471485018973607,False,False
2023-06-01,M1,mu5,D01,0.0007783956575569419,False,False
2023-06-01,M1,mu5,D02,0.0006283656721299772,False,False
2023-06-01,M1,mu5,D03,0.004181346208212173,False,False
2023-06-01,M1,mu5,E01,-0.001482328471461498,False,False
2023-06-01,M1,mu5,F01,-0.0003523337632982543,False,False
2023-06-01,M1,mu5,F02,0.0045547936035429,False,False
2023-06-01,M1,mu5,F03,0.0012699098890489138,False,False
2023-06-01,M1,mu5,F04,0.003920923633437699,False,False
2023-06-01,M1,q90,A01,0.0,True,False
2023-06-01,M1,q90,A02,0.0,True,False
2023-06-01,M1,q90,A03,-0.0037806490765547015,False,False
2023-06-01,M1,q90,A04,0.0027949888049407404,False,False
2023-06-01,M1,q90,A05,0.0,True,False
2023-06-01,M1,q90,B01,0.0,True,False
2023-06-01,M1,q90,B02,0.0,True,False
2023-06-01,M1,q90,B03,0.0,True,False
2023-06-01,M1,q90,C01,0.008905564013383592,False,False
2023-06-01,M1,q90,C02,0.0,True,False
2023-06-01,M1,q90,C03,0.0,True,False
2023-06-01,M1,q90,D01,0.0,True,False
2023-06-01,M1,q90,D02,0.0,True,False
2023-06-01,M1,q90,D03,-0.0026696624065879315,False,False
2023-06-01,M1,q90,E01,0.0,True,False
2023-06-01,M1,q90,F01,0.0,True,False
2023-06-01,M1,q90,F02,0.0,True,False
2023-06-01,M1,q90,F03,-0.01071753649956842,False,False
2023-06-01,M1,q90,F04,0.0,True,False
2023-06-01,M1,p10,A01,-0.2970157765344991,False,False
2023-06-01,M1,p10,A02,-0.11931779958061314,False,False
2023-06-01,M1,p10,A03,-0.33695320350076785,False,False
2023-06-01,M1,p10,A04,0.2377646003178815,False,False
2023-06-01,M1,p10,A05,0.05649026304602781,False,False
2023-06-01,M1,p10,B01,-0.10016724554476601,False,False
2023-06-01,M1,p10,B02,-0.1773830307697254,False,False
2023-06-01,M1,p10,B03,0.33149411185777305,False,False
2023-06-01,M1,p10,C01,0.10400959090788134,False,False
2023-06-01,M1,p10,C02,-0.17739505969910593,False,False
2023-06-01,M1,p10,C03,-0.005069576095979275,False,False
2023-06-01,M1,p10,D01,0.03104884008950625,False,False
2023-06-01,M1,p10,D02,-0.20536516504940006,False,False
2023-06-01,M1,p10,D03,-0.2444812786387106,False,False
2023-06-01,M1,p10,E01,0.1368729653149208,False,False
2023-06-01,M1,p10,F01,0.17653452862494157,False,False
2023-06-01,M1,p10,F02,0.06287427805162095,False,False
2023-06-01,M1,p10,F03,-0.1924882241174993,False,False
2023-06-01,M1,p10,F04,-0.06585985357502099,False,False
2023-06-01,M2,mu5,A01_spline_0,-0.021920887582675103,False,False
2023-06-01,M2,mu5,A01_spline_1,0.0021454689121743263,False,False
2023-06-01,M2,mu5,A01_spline_2,-0.002140558451593145,False,False
2023-06-01,M2,mu5,A02_spline_0,0.005101753229116242,False,False
2023-06-01,M2,mu5,A02_spline_1,0.00036134783003295186,False,False
2023-06-01,M2,mu5,A02_spline_2,0.005894151623912655,False,False
2023-06-01,M2,mu5,A03_spline_0,-0.009461834941929686,False,False
2023-06-01,M2,mu5,A03_spline_1,0.004224959324240724,False,False
2023-06-01,M2,mu5,A03_spline_2,0.001262604625047092,False,False
2023-06-01,M2,mu5,A04_spline_0,0.0017824772047104007,False,False
2023-06-01,M2,mu5,A04_spline_1,0.004000680343877794,False,False
2023-06-01,M2,mu5,A04_spline_2,-0.0012870481367682103,False,False
2023-06-01,M2,mu5,A05_spline_0,-0.0036186786292000932,False,False
2023-06-01,M2,mu5,A05_spline_1,0.0007580027338854775,False,False
2023-06-01,M2,mu5,A05_spline_2,0.00043296197369248985,False,False
2023-06-01,M2,mu5,B01_spline_0,-0.0024966555464404567,False,False
2023-06-01,M2,mu5,B01_spline_1,-0.005136511554493011,False,False
2023-06-01,M2,mu5,B01_spline_2,-0.00025371265974931173,False,False
2023-06-01,M2,mu5,B02_spline_0,-0.001354486697227687,False,False
2023-06-01,M2,mu5,B02_spline_1,0.0015508023438495244,False,False
2023-06-01,M2,mu5,B02_spline_2,0.0005516622618638334,False,False
2023-06-01,M2,mu5,B03_spline_0,0.004485108898218499,False,False
2023-06-01,M2,mu5,B03_spline_1,0.000590313123471551,False,False
2023-06-01,M2,mu5,B03_spline_2,0.0020693909364972694,False,False
2023-06-01,M2,mu5,C01_spline_0,0.00011409389430702948,False,False
2023-06-01,M2,mu5,C01_spline_1,-0.0038752025319706567,False,False
2023-06-01,M2,mu5,C01_spline_2,-0.005331822564823398,False,False
2023-06-01,M2,mu5,C02_spline_0,0.0029214587421284087,False,False
2023-06-01,M2,mu5,C02_spline_1,-0.004549815489123893,False,False
2023-06-01,M2,mu5,C02_spline_2,-0.001992094850129421,False,False
2023-06-01,M2,mu5,C03_spline_0,-0.0030344723568551135,False,False
2023-06-01,M2,mu5,C03_spline_1,-0.0017106465121321849,False,False
2023-06-01,M2,mu5,C03_spline_2,0.0033070690506525353,False,False
2023-06-01,M2,mu5,D01_spline_0,-0.0045980788519437,False,False
2023-06-01,M2,mu5,D01_spline_1,-0.0009619894897253947,False,False
2023-06-01,M2,mu5,D01_spline_2,-0.001650735398350256,False,False
2023-06-01,M2,mu5,D02_spline_0,-0.0011778758848138985,False,False
2023-06-01,M2,mu5,D02_spline_1,-0.0005496215281599401,False,False
2023-06-01,M2,mu5,D02_spline_2,-0.005122845791087094,False,False
2023-06-01,M2,mu5,D03_spline_0,0.0004261903443023205,False,False
2023-06-01,M2,mu5,D03_spline_1,-0.00016454759348115042,False,False
2023-06-01,M2,mu5,D03_spline_2,0.0009636789936177666,False,False
2023-06-01,M2,mu5,E01_spline_0,0.0019051139312837263,False,False
2023-06-01,M2,mu5,E01_spline_1,9.427549221141746e-05,False,False
2023-06-01,M2,mu5,E01_spline_2,-0.006204425319235619,False,False
2023-06-01,M2,mu5,F01_spline_0,-0.00034531529567518216,False,False
2023-06-01,M2,mu5,F01_spline_1,0.0008122000669162955,False,False
2023-06-01,M2,mu5,F01_spline_2,-0.0007624492932848964,False,False
2023-06-01,M2,mu5,F02_spline_0,0.006089679555154022,False,False
2023-06-01,M2,mu5,F02_spline_1,-0.0051134083648366555,False,False
2023-06-01,M2,mu5,F02_spline_2,0.0027678013952576923,False,False
2023-06-01,M2,mu5,F03_spline_0,-0.0029678946997247478,False,False
2023-06-01,M2,mu5,F03_spline_1,-2.4580471888319827e-05,False,False
2023-06-01,M2,mu5,F03_spline_2,0.0006627560273266989,False,False
2023-06-01,M2,mu5,F04_spline_0,-0.004009061336244735,False,False
2023-06-01,M2,mu5,F04_spline_1,-0.003063621528497106,False,False
2023-06-01,M2,mu5,F04_spline_2,-5.670874418134105e-05,False,False
2023-06-01,M2,mu5,I01,-0.00038701460966359845,False,False
2023-06-01,M2,mu5,I02,0.004683543291309939,False,False
2023-06-01,M2,mu5,I03,0.0015744137048675528,False,False
2023-06-01,M2,mu5,I04,0.0012461560215018012,False,False
2023-06-01,M2,mu5,I05,-0.00752161545568175,False,False
2023-06-01,M2,mu5,I06,-0.003198277097372325,False,False
2023-06-01,M2,q90,A01_spline_0,0.02480235938684538,False,False
2023-06-01,M2,q90,A01_spline_1,-0.00023284726069326334,False,False
2023-06-01,M2,q90,A01_spline_2,0.0,True,False
2023-06-01,M2,q90,A02_spline_0,0.0,True,False
2023-06-01,M2,q90,A02_spline_1,0.0,True,False
2023-06-01,M2,q90,A02_spline_2,0.0,True,False
2023-06-01,M2,q90,A03_spline_0,0.005712852325263999,False,False
2023-06-01,M2,q90,A03_spline_1,0.0,True,False
2023-06-01,M2,q90,A03_spline_2,0.0,True,False
2023-06-01,M2,q90,A04_spline_0,-0.0010911986944117484,False,False
2023-06-01,M2,q90,A04_spline_1,0.0,True,False
2023-06-01,M2,q90,A04_spline_2,0.0,True,False
2023-06-01,M2,q90,A05_spline_0,0.0026033234914378334,False,False
2023-06-01,M2,q90,A05_spline_1,0.0,True,False
2023-06-01,M2,q90,A05_spline_2,0.0,True,False
2023-06-01,M2,q90,B01_spline_0,0.0,True,False
2023-06-01,M2,q90,B01_spline_1,0.0,True,False
2023-06-01,M2,q90,B01_spline_2,0.0,True,False
2023-06-01,M2,q90,B02_spline_0,0.0,True,False
2023-06-01,M2,q90,B02_spline_1,0.0,True,False
2023-06-01,M2,q90,B02_spline_2,0.0,True,False
2023-06-01,M2,q90,B03_spline_0,0.0,True,False
2023-06-01,M2,q90,B03_spline_1,0.0,True,False
2023-06-01,M2,q90,B03_spline_2,0.0,True,False
2023-06-01,M2,q90,C01_spline_0,0.0,True,False
2023-06-01,M2,q90,C01_spline_1,0.0,True,False
2023-06-01,M2,q90,C01_spline_2,0.010164888643155514,False,False
2023-06-01,M2,q90,C02_spline_0,-0.0015333891575277266,False,False
2023-06-01,M2,q90,C02_spline_1,0.0,True,False
2023-06-01,M2,q90,C02_spline_2,0.0,True,False
2023-06-01,M2,q90,C03_spline_0,0.0,True,False
2023-06-01,M2,q90,C03_spline_1,0.0,True,False
2023-06-01,M2,q90,C03_spline_2,0.0,True,False
2023-06-01,M2,q90,D01_spline_0,0.0,True,False
2023-06-01,M2,q90,D01_spline_1,0.0,True,False
2023-06-01,M2,q90,D01_spline_2,0.0,True,False
2023-06-01,M2,q90,D02_spline_0,0.01201900522690595,False,False
2023-06-01,M2,q90,D02_spline_1,0.0,True,False
2023-06-01,M2,q90,D02_spline_2,0.0,True,False
2023-06-01,M2,q90,D03_spline_0,0.0,True,False
2023-06-01,M2,q90,D03_spline_1,0.0,True,False
2023-06-01,M2,q90,D03_spline_2,0.0,True,False
2023-06-01,M2,q90,E01_spline_0,0.0,True,False
2023-06-01,M2,q90,E01_spline_1,0.0,True,False
2023-06-01,M2,q90,E01_spline_2,0.006862672217626134,False,False
2023-06-01,M2,q90,F01_spline_0,-0.005169623063887838,False,False
2023-06-01,M2,q90,F01_spline_1,0.0,True,False
2023-06-01,M2,q90,F01_spline_2,0.0,True,False
2023-06-01,M2,q90,F02_spline_0,0.0,True,False
2023-06-01,M2,q90,F02_spline_1,0.0,True,False
2023-06-01,M2,q90,F02_spline_2,0.0011870336672960996,False,False
2023-06-01,M2,q90,F03_spline_0,0.0,True,False
2023-06-01,M2,q90,F03_spline_1,0.0,True,False
2023-06-01,M2,q90,F03_spline_2,0.0,True,False
2023-06-01,M2,q90,F04_spline_0,0.0,True,False
2023-06-01,M2,q90,F04_spline_1,0.0011352769329305878,False,False
2023-06-01,M2,q90,F04_spline_2,0.0,True,False
2023-06-01,M2,q90,I01,0.0,True,False
2023-06-01,M2,q90,I02,0.0,True,False
2023-06-01,M2,q90,I03,0.0,True,False
2023-06-01,M2,q90,I04,0.0,True,False
2023-06-01,M2,q90,I05,0.0,True,False
2023-06-01,M2,q90,I06,0.0,True,False
2023-06-01,M2,p10,A01_spline_0,0.5515998039589449,False,False
2023-06-01,M2,p10,A01_spline_1,-0.044111112901345194,False,False
2023-06-01,M2,p10,A01_spline_2,0.1511799876823374,False,False
2023-06-01,M2,p10,A02_spline_0,-0.16747281715320303,False,False
2023-06-01,M2,p10,A02_spline_1,0.08335530102207112,False,False
2023-06-01,M2,p10,A02_spline_2,-0.11337079775594346,False,False
2023-06-01,M2,p10,A03_spline_0,0.546515521244877,False,False
2023-06-01,M2,p10,A03_spline_1,-0.06860647750590033,False,False
2023-06-01,M2,p10,A03_spline_2,-0.0658520909471628,False,False
2023-06-01,M2,p10,A04_spline_0,-0.15282483670874633,False,False
2023-06-01,M2,p10,A04_spline_1,-0.14012803492878942,False,False
2023-06-01,M2,p10,A04_spline_2,0.07879992610269247,False,False
2023-06-01,M2,p10,A05_spline_0,0.05420949935886255,False,False
2023-06-01,M2,p10,A05_spline_1,-0.06883022512397861,False,False
2023-06-01,M2,p10,A05_spline_2,0.08778694780812049,False,False
2023-06-01,M2,p10,B01_spline_0,-0.1034234504133332,False,False
2023-06-01,M2,p10,B01_spline_1,0.035145543700520664,False,False
2023-06-01,M2,p10,B01_spline_2,0.1321896777487729,False,False
2023-06-01,M2,p10,B02_spline_0,0.06558998802373726,False,False
2023-06-01,M2,p10,B02_spline_1,-0.03666328082248436,False,False
2023-06-01,M2,p10,B02_spline_2,-0.07286191496874972,False,False
2023-06-01,M2,p10,B03_spline_0,-0.4051951075361249,False,False
2023-06-01,M2,p10,B03_spline_1,-0.0735541036742126,False,False
2023-06-01,M2,p10,B03_spline_2,0.06207117711693834,False,False
2023-06-01,M2,p10,C01_spline_0,-0.04669096019935986,False,False
2023-06-01,M2,p10,C01_spline_1,0.029338661745563918,False,False
2023-06-01,M2,p10,C01_spline_2,0.18601934485534025,False,False
2023-06-01,M2,p10,C02_spline_0,-0.3678237230458514,False,False
2023-06-01,M2,p10,C02_spline_1,0.1707602569917541,False,False
2023-06-01,M2,p10,C02_spline_2,0.06023647506987428,False,False
2023-06-01,M2,p10,C03_spline_0,-0.011225899780327736,False,False
2023-06-01,M2,p10,C03_spline_1,0.11489351518900823,False,False
2023-06-01,M2,p10,C03_spline_2,-0.23201276122675135,False,False
2023-06-01,M2,p10,D01_spline_0,0.13670288212330176,False,False
2023-06-01,M2,p10,D01_spline_1,0.07568994056886198,False,False
2023-06-01,M2,p10,D01_spline_2,-0.10384842046802795,False,False
2023-06-01,M2,p10,D02_spline_0,0.22615197381388552,False,False
2023-06-01,M2,p10,D02_spline_1,-0.03830026606499519,False,False
2023-06-01,M2,p10,D02_spline_2,-0.02289256757958807,False,False
2023-06-01,M2,p10,D03_spline_0,-0.12309668915409866,False,False
2023-06-01,M2,p10,D03_spline_1,0.04877348089946337,False,False
2023-06-01,M2,p10,D03_spline_2,0.05296506827716571,False,False
2023-06-01,M2,p10,E01_spline_0,-0.0020935803730605194,False,False
2023-06-01,M2,p10,E01_spline_1,-0.07734291050155659,False,False
2023-06-01,M2,p10,E01_spline_2,0.1483914842754521,False,False
2023-06-01,M2,p10,F01_spline_0,-0.017538193528517675,False,False
2023-06-01,M2,p10,F01_spline_1,-0.23220609575771867,False,False
2023-06-01,M2,p10,F01_spline_2,0.1431791477797114,False,False
2023-06-01,M2,p10,F02_spline_0,-0.33801344655593046,False,False
2023-06-01,M2,p10,F02_spline_1,-0.025365169808817582,False,False
2023-06-01,M2,p10,F02_spline_2,0.014073714349632924,False,False
2023-06-01,M2,p10,F03_spline_0,0.2535142321579334,False,False
2023-06-01,M2,p10,F03_spline_1,-0.017306482513830462,False,False
2023-06-01,M2,p10,F03_spline_2,-0.020962255756121494,False,False
2023-06-01,M2,p10,F04_spline_0,0.16659169756152406,False,False
2023-06-01,M2,p10,F04_spline_1,0.05673165065993084,False,False
2023-06-01,M2,p10,F04_spline_2,-4.996823630270737e-05,False,False
2023-06-01,M2,p10,I01,-0.11883478206311625,False,False
2023-06-01,M2,p10,I02,0.01634779560305658,False,False
2023-06-01,M2,p10,I03,-0.06328562033029746,False,False
2023-06-01,M2,p10,I04,-0.14172530062099797,False,False
2023-06-01,M2,p10,I05,0.2578771780329838,False,False
2023-06-01,M2,p10,I06,-0.024809237001512094,False,False
2023-07-03,M1,mu5,A01,0.008412065417409761,False,False
2023-07-03,M1,mu5,A02,0.0012865131025452704,False,False
2023-07-03,M1,mu5,A03,0.006164230715061063,False,False
2023-07-03,M1,mu5,A04,-0.0035914564660696384,False,False
2023-07-03,M1,mu5,A05,0.0030050586355981805,False,False
2023-07-03,M1,mu5,B01,0.007807185154844506,False,False
2023-07-03,M1,mu5,B02,0.0037547135179943625,False,False
2023-07-03,M1,mu5,B03,-0.0002712433207922846,False,False
2023-07-03,M1,mu5,C01,-0.0011370579698125223,False,False
2023-07-03,M1,mu5,C02,0.005126116517154137,False,False
2023-07-03,M1,mu5,C03,0.0006173882790909287,False,False
2023-07-03,M1,mu5,D01,0.0011456717167282445,False,False
2023-07-03,M1,mu5,D02,0.0006876474369065671,False,False
2023-07-03,M1,mu5,D03,0.0037527862790860227,False,False
2023-07-03,M1,mu5,E01,-0.0014709337304962865,False,False
2023-07-03,M1,mu5,F01,-0.00029314648123381673,False,False
2023-07-03,M1,mu5,F02,0.004544599030382284,False,False
2023-07-03,M1,mu5,F03,0.0016008606325323067,False,False
2023-07-03,M1,mu5,F04,0.0040388717507121195,False,False
2023-07-03,M1,q90,A01,0.0,True,False
2023-07-03,M1,q90,A02,0.0,True,False
2023-07-03,M1,q90,A03,-0.0035396143336356304,False,False
2023-07-03,M1,q90,A04,0.0007742919558431927,False,False
2023-07-03,M1,q90,A05,0.0,True,False
2023-07-03,M1,q90,B01,0.0,True,False
2023-07-03,M1,q90,B02,0.0,True,False
2023-07-03,M1,q90,B03,0.0,True,False
2023-07-03,M1,q90,C01,0.009021590471736493,False,False
2023-07-03,M1,q90,C02,0.0,True,False
2023-07-03,M1,q90,C03,0.0,True,False
2023-07-03,M1,q90,D01,0.0,True,False
2023-07-03,M1,q90,D02,0.0,True,False
2023-07-03,M1,q90,D03,-0.002536938538920441,False,False
2023-07-03,M1,q90,E01,0.0,True,False
2023-07-03,M1,q90,F01,0.0,True,False
2023-07-03,M1,q90,F02,0.0,True,False
2023-07-03,M1,q90,F03,-0.012968578566246716,False,False
2023-07-03,M1,q90,F04,0.0,True,False
2023-07-03,M1,p10,A01,-0.3078668070278677,False,False
2023-07-03,M1,p10,A02,-0.12174076651697548,False,False
2023-07-03,M1,p10,A03,-0.33756221113680585,False,False
2023-07-03,M1,p10,A04,0.2380086496855649,False,False
2023-07-03,M1,p10,A05,0.053348043342325395,False,False
2023-07-03,M1,p10,B01,-0.09117757610468524,False,False
2023-07-03,M1,p10,B02,-0.18971621029535263,False,False
2023-07-03,M1,p10,B03,0.33765219061513463,False,False
2023-07-03,M1,p10,C01,0.10583491081870673,False,False
2023-07-03,M1,p10,C02,-0.18119391186274525,False,False
2023-07-03,M1,p10,C03,-0.007625857344689095,False,False
2023-07-03,M1,p10,D01,0.025760846485431824,False,False
2023-07-03,M1,p10,D02,-0.20813087163117602,False,False
2023-07-03,M1,p10,D03,-0.23575401102574314,False,False
2023-07-03,M1,p10,E01,0.13406172893012308,False,False
2023-07-03,M1,p10,F01,0.17534908539856353,False,False
2023-07-03,M1,p10,F02,0.06516694311896552,False,False
2023-07-03,M1,p10,F03,-0.19621027470494734,False,False
2023-07-03,M1,p10,F04,-0.06832210268668704,False,False
2023-07-03,M2,mu5,A01_spline_0,-0.02154829311310491,False,False
2023-07-03,M2,mu5,A01_spline_1,0.001575022222447286,False,False
2023-07-03,M2,mu5,A01_spline_2,-0.0018735272148454351,False,False
2023-07-03,M2,mu5,A02_spline_0,0.004922291841075093,False,False
2023-07-03,M2,mu5,A02_spline_1,0.0003604288845093914,False,False
2023-07-03,M2,mu5,A02_spline_2,0.005807219302326423,False,False
2023-07-03,M2,mu5,A03_spline_0,-0.009254388957498801,False,False
2023-07-03,M2,mu5,A03_spline_1,0.0045126068489391696,False,False
2023-07-03,M2,mu5,A03_spline_2,0.0018775550632075372,False,False
2023-07-03,M2,mu5,A04_spline_0,0.0017254714719452102,False,False
2023-07-03,M2,mu5,A04_spline_1,0.004064449221244124,False,False
2023-07-03,M2,mu5,A04_spline_2,-0.001291148613531168,False,False
2023-07-03,M2,mu5,A05_spline_0,-0.003506790301528359,False,False
2023-07-03,M2,mu5,A05_spline_1,0.00031226564348376057,False,False
2023-07-03,M2,mu5,A05_spline_2,0.0006854342455038575,False,False
2023-07-03,M2,mu5,B01_spline_0,-0.0021644643089029016,False,False
2023-07-03,M2,mu5,B01_spline_1,-0.005069043050347876,False,False
2023-07-03,M2,mu5,B01_spline_2,-0.0005703281961163984,False,False
2023-07-03,M2,mu5,B02_spline_0,-0.0012765796073840293,False,False
2023-07-03,M2,mu5,B02_spline_1,0.0013484364345509336,False,False
2023-07-03,M2,mu5,B02_spline_2,0.0010790055685242306,False,False
2023-07-03,M2,mu5,B03_spline_0,0.004371647988970603,False,False
2023-07-03,M2,mu5,B03_spline_1,0.0004038596216233048,False,False
2023-07-03,M2,mu5,B03_spline_2,0.002214423797651092,False,False
2023-07-03,M2,mu5,C01_spline_0,-0.0004803607990732711,False,False
2023-07-03,M2,mu5,C01_spline_1,-0.003337470698936041,False,False
2023-07-03,M2,mu5,C01_spline_2,-0.005446208119995002,False,False
2023-07-03,M2,mu5,C02_spline_0,0.003409386640334129,False,False
2023-07-03,M2,mu5,C02_spline_1,-0.005009676083601155,False,False
2023-07-03,M2,mu5,C02_spline_2,-0.0017206650673211045,False,False
2023-07-03,M2,mu5,C03_spline_0,-0.0031503687160398027,False,False
2023-07-03,M2,mu5,C03_spline_1,-0.0020894540499139446,False,False
2023-07-03,M2,mu5,C03_spline_2,0.0037444170234314667,False,False
2023-07-03,M2,mu5,D01_spline_0,-0.00495953649042708,False,False
2023-07-03,M2,mu5,D01_spline_1,-0.0008812391863122614,False,False
2023-07-03,M2,mu5,D01_spline_2,-0.0014241454310706604,False,False
2023-07-03,M2,mu5,D02_spline_0,-0.001807836240353647,False,False
2023-07-03,M2,mu5,D02_spline_1,-0.00013983271117570903,False,False
2023-07-03,M2,mu5,D02_spline_2,-0.005141804272598853,False,False
2023-07-03,M2,mu5,D03_spline_0,0.00044429964417056747,False,False
2023-07-03,M2,mu5,D03_spline_1,0.0002653129936539911,False,False
2023-07-03,M2,mu5,D03_spline_2,0.0005304098061551374,False,False
2023-07-03,M2,mu5,E01_spline_0,0.0021269751174991794,False,False
2023-07-03,M2,mu5,E01_spline_1,4.806837674631043e-05,False,False
2023-07-03,M2,mu5,E01_spline_2,-0.00623731389244004,False,False
2023-07-03,M2,mu5,F01_spline_0,-0.0004562983188488041,False,False
2023-07-03,M2,mu5,F01_spline_1,0.000838146535841604,False,False
2023-07-03,M2,mu5,F01_spline_2,-0.0006213925917990309,False,False
2023-07-03,M2,mu5,F02_spline_0,0.006037459970801609,False,False
2023-07-03,M2,mu5,F02_spline_1,-0.005004641040286569,False,False
2023-07-03,M2,mu5,F02_spline_2,0.0025720704574556095,False,False
2023-07-03,M2,mu5,F03_spline_0,-0.003128625972486747,False,False
2023-07-03,M2,mu5,F03_spline_1,-0.0003379043245055513,False,False
2023-07-03,M2,mu5,F03_spline_2,0.0009798886874542124,False,False
2023-07-03,M2,mu5,F04_spline_0,-0.004439826193948084,False,False
2023-07-03,M2,mu5,F04_spline_1,-0.002928956073318433,False,False
2023-07-03,M2,mu5,F04_spline_2,-9.446224569483602e-05,False,False
2023-07-03,M2,mu5,I01,-4.1901336626693104e-05,False,False
2023-07-03,M2,mu5,I02,0.004576800280682354,False,False
2023-07-03,M2,mu5,I03,0.0015751994123309634,False,False
2023-07-03,M2,mu5,I04,0.0012944801714229943,False,False
2023-07-03,M2,mu5,I05,-0.008120795871254059,False,False
2023-07-03,M2,mu5,I06,-0.0034837334088755694,False,False
2023-07-03,M2,q90,A01_spline_0,0.02420964682340093,False,False
2023-07-03,M2,q90,A01_spline_1,-0.00013054637788321747,False,False
2023-07-03,M2,q90,A01_spline_2,0.0,True,False
2023-07-03,M2,q90,A02_spline_0,0.0,True,False
2023-07-03,M2,q90,A02_spline_1,0.0,True,False
2023-07-03,M2,q90,A02_spline_2,0.0,True,False
2023-07-03,M2,q90,A03_spline_0,0.005634125210097448,False,False
2023-07-03,M2,q90,A03_spline_1,0.0,True,False
2023-07-03,M2,q90,A03_spline_2,0.0,True,False
2023-07-03,M2,q90,A04_spline_0,-0.0013567438096989315,False,False
2023-07-03,M2,q90,A04_spline_1,0.0,True,False
2023-07-03,M2,q90,A04_spline_2,0.0,True,False
2023-07-03,M2,q90,A05_spline_0,0.0024483549748113027,False,False
2023-07-03,M2,q90,A05_spline_1,0.0,True,False
2023-07-03,M2,q90,A05_spline_2,0.0,True,False
2023-07-03,M2,q90,B01_spline_0,0.0,True,False
2023-07-03,M2,q90,B01_spline_1,0.0,True,False
2023-07-03,M2,q90,B01_spline_2,0.0,True,False
2023-07-03,M2,q90,B02_spline_0,0.0,True,False
2023-07-03,M2,q90,B02_spline_1,0.0,True,False
2023-07-03,M2,q90,B02_spline_2,0.0,True,False
2023-07-03,M2,q90,B03_spline_0,0.0,True,False
2023-07-03,M2,q90,B03_spline_1,0.0,True,False
2023-07-03,M2,q90,B03_spline_2,0.0,True,False
2023-07-03,M2,q90,C01_spline_0,0.0,True,False
2023-07-03,M2,q90,C01_spline_1,0.0,True,False
2023-07-03,M2,q90,C01_spline_2,0.009231035263699847,False,False
2023-07-03,M2,q90,C02_spline_0,-0.001470759011566392,False,False
2023-07-03,M2,q90,C02_spline_1,0.0,True,False
2023-07-03,M2,q90,C02_spline_2,0.0,True,False
2023-07-03,M2,q90,C03_spline_0,0.0,True,False
2023-07-03,M2,q90,C03_spline_1,0.0,True,False
2023-07-03,M2,q90,C03_spline_2,0.0,True,False
2023-07-03,M2,q90,D01_spline_0,0.0,True,False
2023-07-03,M2,q90,D01_spline_1,0.0,True,False
2023-07-03,M2,q90,D01_spline_2,0.0,True,False
2023-07-03,M2,q90,D02_spline_0,0.011700554340568587,False,False
2023-07-03,M2,q90,D02_spline_1,0.0,True,False
2023-07-03,M2,q90,D02_spline_2,0.0,True,False
2023-07-03,M2,q90,D03_spline_0,0.0,True,False
2023-07-03,M2,q90,D03_spline_1,0.0,True,False
2023-07-03,M2,q90,D03_spline_2,0.0,True,False
2023-07-03,M2,q90,E01_spline_0,0.0,True,False
2023-07-03,M2,q90,E01_spline_1,0.0,True,False
2023-07-03,M2,q90,E01_spline_2,0.00771224008290776,False,False
2023-07-03,M2,q90,F01_spline_0,-0.00500526376658927,False,False
2023-07-03,M2,q90,F01_spline_1,0.0,True,False
2023-07-03,M2,q90,F01_spline_2,0.0,True,False
2023-07-03,M2,q90,F02_spline_0,0.0,True,False
2023-07-03,M2,q90,F02_spline_1,0.0,True,False
2023-07-03,M2,q90,F02_spline_2,0.0004459988316889037,False,False
2023-07-03,M2,q90,F03_spline_0,0.0,True,False
2023-07-03,M2,q90,F03_spline_1,0.0,True,False
2023-07-03,M2,q90,F03_spline_2,0.0,True,False
2023-07-03,M2,q90,F04_spline_0,0.0,True,False
2023-07-03,M2,q90,F04_spline_1,0.0,True,False
2023-07-03,M2,q90,F04_spline_2,0.0,True,False
2023-07-03,M2,q90,I01,0.0,True,False
2023-07-03,M2,q90,I02,0.0,True,False
2023-07-03,M2,q90,I03,0.0,True,False
2023-07-03,M2,q90,I04,0.0,True,False
2023-07-03,M2,q90,I05,0.0,True,False
2023-07-03,M2,q90,I06,0.0,True,False
2023-07-03,M2,p10,A01_spline_0,0.5444550466091949,False,False
2023-07-03,M2,p10,A01_spline_1,-0.03337914764504239,False,False
2023-07-03,M2,p10,A01_spline_2,0.14410943927884148,False,False
2023-07-03,M2,p10,A02_spline_0,-0.16290590916390657,False,False
2023-07-03,M2,p10,A02_spline_1,0.0841551505646013,False,False
2023-07-03,M2,p10,A02_spline_2,-0.11279891530233171,False,False
2023-07-03,M2,p10,A03_spline_0,0.5445099115997872,False,False
2023-07-03,M2,p10,A03_spline_1,-0.07142462494794741,False,False
2023-07-03,M2,p10,A03_spline_2,-0.06982336498808424,False,False
2023-07-03,M2,p10,A04_spline_0,-0.1547383805932624,False,False
2023-07-03,M2,p10,A04_spline_1,-0.14046225999317977,False,False
2023-07-03,M2,p10,A04_spline_2,0.07947568609430661,False,False
2023-07-03,M2,p10,A05_spline_0,0.055987800418152114,False,False
2023-07-03,M2,p10,A05_spline_1,-0.063705856001772,False,False
2023-07-03,M2,p10,A05_spline_2,0.08553257255784277,False,False
2023-07-03,M2,p10,B01_spline_0,-0.10792873773783204,False,False
2023-07-03,M2,p10,B01_spline_1,0.032717245538607845,False,False
2023-07-03,M2,p10,B01_spline_2,0.13631223243998267,False,False
2023-07-03,M2,p10,B02_spline_0,0.06421275749623549,False,False
2023-07-03,M2,p10,B02_spline_1,-0.030914438119332678,False,False
2023-07-03,M2,p10,B02_spline_2,-0.08049450796680699,False,False
2023-07-03,M2,p10,B03_spline_0,-0.4092518899204376,False,False
2023-07-03,M2,p10,B03_spline_1,-0.07066843536769443,False,False
2023-07-03,M2,p10,B03_spline_2,0.06241936666789017,False,False
2023-07-03,M2,p10,C01_spline_0,-0.03308169882542433,False,False
2023-07-03,M2,p10,C01_spline_1,0.015020659555835121,False,False
2023-07-03,M2,p10,C01_spline_2,0.19183612789050097,False,False
2023-07-03,M2,p10,C02_spline_0,-0.3735261081859148,False,False
2023-07-03,M2,p10,C02_spline_1,0.1784451932877664,False,False
2023-07-03,M2,p10,C02_spline_2,0.05479221458494937,False,False
2023-07-03,M2,p10,C03_spline_0,-0.014245846347288831,False,False
2023-07-03,M2,p10,C03_spline_1,0.12095162321727931,False,False
2023-07-03,M2,p10,C03_spline_2,-0.23596437536962658,False,False
2023-07-03,M2,p10,D01_spline_0,0.13746648475236709,False,False
2023-07-03,M2,p10,D01_spline_1,0.07835704850960507,False,False
2023-07-03,M2,p10,D01_spline_2,-0.10823667394170616,False,False
2023-07-03,M2,p10,D02_spline_0,0.23706752047444696,False,False
2023-07-03,M2,p10,D02_spline_1,-0.04301636015986105,False,False
2023-07-03,M2,p10,D02_spline_2,-0.023024299754331894,False,False
2023-07-03,M2,p10,D03_spline_0,-0.12778076127624502,False,False
2023-07-03,M2,p10,D03_spline_1,0.04176551991783131,False,False
2023-07-03,M2,p10,D03_spline_2,0.05938235224636193,False,False
2023-07-03,M2,p10,E01_spline_0,-0.005263604319518891,False,False
2023-07-03,M2,p10,E01_spline_1,-0.07720352766119076,False,False
2023-07-03,M2,p10,E01_spline_2,0.14987699567672502,False,False
2023-07-03,M2,p10,F01_spline_0,-0.016230889592008198,False,False
2023-07-03,M2,p10,F01_spline_1,-0.2324773834361603,False,False
2023-07-03,M2,p10,F01_spline_2,0.14174472115751316,False,False
2023-07-03,M2,p10,F02_spline_0,-0.33595081458892123,False,False
2023-07-03,M2,p10,F02_spline_1,-0.026138968183494475,False,False
2023-07-03,M2,p10,F02_spline_2,0.014088837440698991,False,False
2023-07-03,M2,p10,F03_spline_0,0.2554424196104877,False,False
2023-07-03,M2,p10,F03_spline_1,-0.013730378588609983,False,False
2023-07-03,M2,p10,F03_spline_2,-0.02159769347282978,False,False
2023-07-03,M2,p10,F04_spline_0,0.17337292790320344,False,False
2023-07-03,M2,p10,F04_spline_1,0.05399506295598545,False,False
2023-07-03,M2,p10,F04_spline_2,0.0011550400361030769,False,False
2023-07-03,M2,p10,I01,-0.12507539412965196,False,False
2023-07-03,M2,p10,I02,0.014555284192394515,False,False
2023-07-03,M2,p10,I03,-0.06504957965726747,False,False
2023-07-03,M2,p10,I04,-0.14488338390132993,False,False
2023-07-03,M2,p10,I05,0.2672784970272665,False,False
2023-07-03,M2,p10,I06,-0.02154092931817933,False,False
2023-08-01,M1,mu5,A01,0.008334990505037818,False,False
2023-08-01,M1,mu5,A02,0.0014204841710235992,False,False
2023-08-01,M1,mu5,A03,0.0059934658438777965,False,False
2023-08-01,M1,mu5,A04,-0.003504001255624843,False,False
2023-08-01,M1,mu5,A05,0.0029040024321060356,False,False
2023-08-01,M1,mu5,B01,0.007433484108177923,False,False
2023-08-01,M1,mu5,B02,0.0037607622337144024,False,False
2023-08-01,M1,mu5,B03,-0.00047596753549446734,False,False
2023-08-01,M1,mu5,C01,-0.001080586601459092,False,False
2023-08-01,M1,mu5,C02,0.005160732002222713,False,False
2023-08-01,M1,mu5,C03,0.0006465255171729678,False,False
2023-08-01,M1,mu5,D01,0.0011363867316045845,False,False
2023-08-01,M1,mu5,D02,0.0007364991664871019,False,False
2023-08-01,M1,mu5,D03,0.003576071024036378,False,False
2023-08-01,M1,mu5,E01,-0.0015355653059066804,False,False
2023-08-01,M1,mu5,F01,-0.00014539969178307063,False,False
2023-08-01,M1,mu5,F02,0.00429583871409029,False,False
2023-08-01,M1,mu5,F03,0.0015111221682937348,False,False
2023-08-01,M1,mu5,F04,0.003854700989093037,False,False
2023-08-01,M1,q90,A01,0.0,True,False
2023-08-01,M1,q90,A02,0.0,True,False
2023-08-01,M1,q90,A03,-0.0031739545938409613,False,False
2023-08-01,M1,q90,A04,0.0,True,False
2023-08-01,M1,q90,A05,0.0,True,False
2023-08-01,M1,q90,B01,0.0,True,False
2023-08-01,M1,q90,B02,0.0,True,False
2023-08-01,M1,q90,B03,0.0,True,False
2023-08-01,M1,q90,C01,0.008839042786109894,False,False
2023-08-01,M1,q90,C02,0.0,True,False
2023-08-01,M1,q90,C03,0.0,True,False
2023-08-01,M1,q90,D01,0.0,True,False
2023-08-01,M1,q90,D02,0.0,True,False
2023-08-01,M1,q90,D03,-0.0017544585116109196,False,False
2023-08-01,M1,q90,E01,0.0,True,False
2023-08-01,M1,q90,F01,0.0,True,False
2023-08-01,M1,q90,F02,0.0,True,False
2023-08-01,M1,q90,F03,-0.01356781137956202,False,False
2023-08-01,M1,q90,F04,0.0,True,False
2023-08-01,M1,p10,A01,-0.3098146226850661,False,False
2023-08-01,M1,p10,A02,-0.13028212451169496,False,False
2023-08-01,M1,p10,A03,-0.3365212178278314,False,False
2023-08-01,M1,p10,A04,0.23723467570793488,False,False
2023-08-01,M1,p10,A05,0.056842398698456115,False,False
2023-08-01,M1,p10,B01,-0.07217257356667982,False,False
2023-08-01,M1,p10,B02,-0.19301361017532223,False,False
2023-08-01,M1,p10,B03,0.3463150473033077,False,False
2023-08-01,M1,p10,C01,0.1041148067649272,False,False
2023-08-01,M1,p10,C02,-0.17931297218056363,False,False
2023-08-01,M1,p10,C03,-0.01550370479979746,False,False
2023-08-01,M1,p10,D01,0.02127949537938083,False,False
2023-08-01,M1,p10,D02,-0.21025326654956478,False,False
2023-08-01,M1,p10,D03,-0.22275339203896166,False,False
2023-08-01,M1,p10,E01,0.13444089092820555,False,False
2023-08-01,M1,p10,F01,0.17269028701012176,False,False
2023-08-01,M1,p10,F02,0.07474603046223782,False,False
2023-08-01,M1,p10,F03,-0.19528576873638595,False,False
2023-08-01,M1,p10,F04,-0.0640210389580582,False,False
2023-08-01,M2,mu5,A01_spline_0,-0.021615994660425193,False,False
2023-08-01,M2,mu5,A01_spline_1,0.0016890916060576676,False,False
2023-08-01,M2,mu5,A01_spline_2,-0.0020377740210320637,False,False
2023-08-01,M2,mu5,A02_spline_0,0.004928801021198648,False,False
2023-08-01,M2,mu5,A02_spline_1,0.0003847122100222853,False,False
2023-08-01,M2,mu5,A02_spline_2,0.005885095463451449,False,False
2023-08-01,M2,mu5,A03_spline_0,-0.009237404705023919,False,False
2023-08-01,M2,mu5,A03_spline_1,0.004813189475812737,False,False
2023-08-01,M2,mu5,A03_spline_2,0.001793221722395877,False,False
2023-08-01,M2,mu5,A04_spline_0,0.00178966900219227,False,False
2023-08-01,M2,mu5,A04_spline_1,0.0039367518980041784,False,False
2023-08-01,M2,mu5,A04_spline_2,-0.0011601912874387552,False,False
2023-08-01,M2,mu5,A05_spline_0,-0.0036110964288852496,False,False
2023-08-01,M2,mu5,A05_spline_1,0.00033438000005905195,False,False
2023-08-01,M2,mu5,A05_spline_2,0.0005194563131248305,False,False
2023-08-01,M2,mu5,B01_spline_0,-0.002075259274750372,False,False
2023-08-01,M2,mu5,B01_spline_1,-0.005003015365746003,False,False
2023-08-01,M2,mu5,B01_spline_2,-0.0006840437694597154,False,False
2023-08-01,M2,mu5,B02_spline_0,-0.0014370348049006884,False,False
2023-08-01,M2,mu5,B02_spline_1,0.0013964926199392384,False,False
2023-08-01,M2,mu5,B02_spline_2,0.001172608727714907,False,False
2023-08-01,M2,mu5,B03_spline_0,0.00440212673939715,False,False
2023-08-01,M2,mu5,B03_spline_1,0.0006677664925175417,False,False
2023-08-01,M2,mu5,B03_spline_2,0.001981999070526645,False,False
2023-08-01,M2,mu5,C01_spline_0,-0.0008580346719786495,False,False
2023-08-01,M2,mu5,C01_spline_1,-0.003105471190230562,False,False
2023-08-01,M2,mu5,C01_spline_2,-0.00547199631233015,False,False
2023-08-01,M2,mu5,C02_spline_0,0.0033948950930870513,False,False
2023-08-01,M2,mu5,C02_spline_1,-0.005000688433860385,False,False
2023-08-01,M2,mu5,C02_spline_2,-0.0017394785997241055,False,False
2023-08-01,M2,mu5,C03_spline_0,-0.003175261416461424,False,False
2023-08-01,M2,mu5,C03_spline_1,-0.0018866003165356727,False,False
2023-08-01,M2,mu5,C03_spline_2,0.003537192434095406,False,False
2023-08-01,M2,mu5,D01_spline_0,-0.004827934488330175,False,False
2023-08-01,M2,mu5,D01_spline_1,-0.0009190541687115559,False,False
2023-08-01,M2,mu5,D01_spline_2,-0.0015350883084415236,False,False
2023-08-01,M2,mu5,D02_spline_0,-0.001923132581825332,False,False
2023-08-01,M2,mu5,D02_spline_1,-5.601248096633862e-05,False,False
2023-08-01,M2,mu5,D02_spline_2,-0.005150792682914945,False,False
2023-08-01,M2,mu5,D03_spline_0,3.9134998157715466e-05,False,False
2023-08-01,M2,mu5,D03_spline_1,0.0004286222496710405,False,False
2023-08-01,M2,mu5,D03_spline_2,0.0004798344543514039,False,False
2023-08-01,M2,mu5,E01_spline_0,0.002139572266518088,False,False
2023-08-01,M2,mu5,E01_spline_1,5.8559178000961755e-05,False,False
2023-08-01,M2,mu5,E01_spline_2,-0.006294694560781534,False,False
2023-08-01,M2,mu5,F01_spline_0,-0.00038809697792868106,False,False
2023-08-01,M2,mu5,F01_spline_1,0.0007188239480640463,False,False
2023-08-01,M2,mu5,F01_spline_2,-0.0004892913888691621,False,False
2023-08-01,M2,mu5,F02_spline_0,0.006045012170910148,False,False
2023-08-01,M2,mu5,F02_spline_1,-0.004793635634471357,False,False
2023-08-01,M2,mu5,F02_spline_2,0.002470280467562844,False,False
2023-08-01,M2,mu5,F03_spline_0,-0.003150665778753764,False,False
2023-08-01,M2,mu5,F03_spline_1,-0.0001218995186443425,False,False
2023-08-01,M2,mu5,F03_spline_2,0.0008244916704683294,False,False
2023-08-01,M2,mu5,F04_spline_0,-0.003892202266513959,False,False
2023-08-01,M2,mu5,F04_spline_1,-0.003145453936345697,False,False
2023-08-01,M2,mu5,F04_spline_2,-0.00019599129375195588,False,False
2023-08-01,M2,mu5,I01,-3.461885568451428e-05,False,False
2023-08-01,M2,mu5,I02,0.004643158269714311,False,False
2023-08-01,M2,mu5,I03,0.0016113505417373621,False,False
2023-08-01,M2,mu5,I04,0.0014284997741384913,False,False
2023-08-01,M2,mu5,I05,-0.008183684206880494,False,False
2023-08-01,M2,mu5,I06,-0.0034164977501717248,False,False
2023-08-01,M2,q90,A01_spline_0,0.02396447428731481,False,False
2023-08-01,M2,q90,A01_spline_1,0.0,True,False
2023-08-01,M2,q90,A01_spline_2,0.0,True,False
2023-08-01,M2,q90,A02_spline_0,0.0,True,False
2023-08-01,M2,q90,A02_spline_1,0.0,True,False
2023-08-01,M2,q90,A02_spline_2,0.0,True,False
2023-08-01,M2,q90,A03_spline_0,0.005600096612293386,False,False
2023-08-01,M2,q90,A03_spline_1,0.0,True,False
2023-08-01,M2,q90,A03_spline_2,0.0,True,False
2023-08-01,M2,q90,A04_spline_0,-0.0012550320134536717,False,False
2023-08-01,M2,q90,A04_spline_1,0.0,True,False
2023-08-01,M2,q90,A04_spline_2,0.0,True,False
2023-08-01,M2,q90,A05_spline_0,0.0025127008850076003,False,False
2023-08-01,M2,q90,A05_spline_1,0.0,True,False
2023-08-01,M2,q90,A05_spline_2,0.0,True,False
2023-08-01,M2,q90,B01_spline_0,0.0,True,False
2023-08-01,M2,q90,B01_spline_1,0.0,True,False
2023-08-01,M2,q90,B01_spline_2,0.0,True,False
2023-08-01,M2,q90,B02_spline_0,0.0,True,False
2023-08-01,M2,q90,B02_spline_1,0.0,True,False
2023-08-01,M2,q90,B02_spline_2,0.0,True,False
2023-08-01,M2,q90,B03_spline_0,0.0,True,False
2023-08-01,M2,q90,B03_spline_1,0.0,True,False
2023-08-01,M2,q90,B03_spline_2,0.0,True,False
2023-08-01,M2,q90,C01_spline_0,0.0,True,False
2023-08-01,M2,q90,C01_spline_1,0.0,True,False
2023-08-01,M2,q90,C01_spline_2,0.009378843955657166,False,False
2023-08-01,M2,q90,C02_spline_0,-0.001554923269424577,False,False
2023-08-01,M2,q90,C02_spline_1,0.0,True,False
2023-08-01,M2,q90,C02_spline_2,0.0,True,False
2023-08-01,M2,q90,C03_spline_0,0.0,True,False
2023-08-01,M2,q90,C03_spline_1,0.0,True,False
2023-08-01,M2,q90,C03_spline_2,0.0,True,False
2023-08-01,M2,q90,D01_spline_0,0.0,True,False
2023-08-01,M2,q90,D01_spline_1,0.0,True,False
2023-08-01,M2,q90,D01_spline_2,0.0,True,False
2023-08-01,M2,q90,D02_spline_0,0.011458824148932402,False,False
2023-08-01,M2,q90,D02_spline_1,0.0,True,False
2023-08-01,M2,q90,D02_spline_2,0.0,True,False
2023-08-01,M2,q90,D03_spline_0,0.0,True,False
2023-08-01,M2,q90,D03_spline_1,0.0,True,False
2023-08-01,M2,q90,D03_spline_2,0.0,True,False
2023-08-01,M2,q90,E01_spline_0,0.0,True,False
2023-08-01,M2,q90,E01_spline_1,0.0,True,False
2023-08-01,M2,q90,E01_spline_2,0.007041840783939908,False,False
2023-08-01,M2,q90,F01_spline_0,-0.004949506787983667,False,False
2023-08-01,M2,q90,F01_spline_1,0.0,True,False
2023-08-01,M2,q90,F01_spline_2,0.0,True,False
2023-08-01,M2,q90,F02_spline_0,0.0,True,False
2023-08-01,M2,q90,F02_spline_1,0.0,True,False
2023-08-01,M2,q90,F02_spline_2,0.0001471064151424983,False,False
2023-08-01,M2,q90,F03_spline_0,0.0,True,False
2023-08-01,M2,q90,F03_spline_1,0.0,True,False
2023-08-01,M2,q90,F03_spline_2,0.0,True,False
2023-08-01,M2,q90,F04_spline_0,0.0,True,False
2023-08-01,M2,q90,F04_spline_1,0.0,True,False
2023-08-01,M2,q90,F04_spline_2,0.0,True,False
2023-08-01,M2,q90,I01,0.0,True,False
2023-08-01,M2,q90,I02,0.0,True,False
2023-08-01,M2,q90,I03,0.0,True,False
2023-08-01,M2,q90,I04,0.0,True,False
2023-08-01,M2,q90,I05,0.0,True,False
2023-08-01,M2,q90,I06,0.0,True,False
2023-08-01,M2,p10,A01_spline_0,0.5447384663968244,False,False
2023-08-01,M2,p10,A01_spline_1,-0.03132993012326938,False,False
2023-08-01,M2,p10,A01_spline_2,0.1418444395368979,False,False
2023-08-01,M2,p10,A02_spline_0,-0.1611136006405092,False,False
2023-08-01,M2,p10,A02_spline_1,0.08951723234405479,False,False
2023-08-01,M2,p10,A02_spline_2,-0.11943709652481918,False,False
2023-08-01,M2,p10,A03_spline_0,0.5416986551651418,False,False
2023-08-01,M2,p10,A03_spline_1,-0.07771090089165254,False,False
2023-08-01,M2,p10,A03_spline_2,-0.06816179561741656,False,False
2023-08-01,M2,p10,A04_spline_0,-0.15781347639832397,False,False
2023-08-01,M2,p10,A04_spline_1,-0.1383945744998826,False,False
2023-08-01,M2,p10,A04_spline_2,0.07858101334641127,False,False
2023-08-01,M2,p10,A05_spline_0,0.05530590574909771,False,False
2023-08-01,M2,p10,A05_spline_1,-0.06668092405076678,False,False
2023-08-01,M2,p10,A05_spline_2,0.08647021915368545,False,False
2023-08-01,M2,p10,B01_spline_0,-0.12985766410160415,False,False
2023-08-01,M2,p10,B01_spline_1,0.036394944028999114,False,False
2023-08-01,M2,p10,B01_spline_2,0.14430372321517188,False,False
2023-08-01,M2,p10,B02_spline_0,0.07079363316276552,False,False
2023-08-01,M2,p10,B02_spline_1,-0.03019968314869058,False,False
2023-08-01,M2,p10,B02_spline_2,-0.0834478330442033,False,False
2023-08-01,M2,p10,B03_spline_0,-0.4112681385550296,False,False
2023-08-01,M2,p10,B03_spline_1,-0.08006059304587286,False,False
2023-08-01,M2,p10,B03_spline_2,0.07056208893228749,False,False
2023-08-01,M2,p10,C01_spline_0,-0.014558041304072738,False,False
2023-08-01,M2,p10,C01_spline_1,0.005716468782117716,False,False
2023-08-01,M2,p10,C01_spline_2,0.1921115596573177,False,False
2023-08-01,M2,p10,C02_spline_0,-0.3744788753624192,False,False
2023-08-01,M2,p10,C02_spline_1,0.17459444000700505,False,False
2023-08-01,M2,p10,C02_spline_2,0.05934331040827419,False,False
2023-08-01,M2,p10,C03_spline_0,-0.008429898464287005,False,False
2023-08-01,M2,p10,C03_spline_1,0.12426110817414962,False,False
2023-08-01,M2,p10,C03_spline_2,-0.2400781668868141,False,False
2023-08-01,M2,p10,D01_spline_0,0.13555253334793427,False,False
2023-08-01,M2,p10,D01_spline_1,0.08159680184046941,False,False
2023-08-01,M2,p10,D01_spline_2,-0.11015786611373254,False,False
2023-08-01,M2,p10,D02_spline_0,0.24906594280557107,False,False
2023-08-01,M2,p10,D02_spline_1,-0.050882351441948,False,False
2023-08-01,M2,p10,D02_spline_2,-0.02173933442164965,False,False
2023-08-01,M2,p10,D03_spline_0,-0.12685756347222715,False,False
2023-08-01,M2,p10,D03_spline_1,0.03653363414120266,False,False
2023-08-01,M2,p10,D03_spline_2,0.06565487796887315,False,False
2023-08-01,M2,p10,E01_spline_0,-0.007153562994942408,False,False
2023-08-01,M2,p10,E01_spline_1,-0.0794244443392573,False,False
2023-08-01,M2,p10,E01_spline_2,0.15458897932869148,False,False
2023-08-01,M2,p10,F01_spline_0,-0.01569222023729665,False,False
2023-08-01,M2,p10,F01_spline_1,-0.22896768433147865,False,False
2023-08-01,M2,p10,F01_spline_2,0.13782330497909356,False,False
2023-08-01,M2,p10,F02_spline_0,-0.3347805809025126,False,False
2023-08-01,M2,p10,F02_spline_1,-0.033085348783178786,False,False
2023-08-01,M2,p10,F02_spline_2,0.01226034454586445,False,False
2023-08-01,M2,p10,F03_spline_0,0.25512675823908854,False,False
2023-08-01,M2,p10,F03_spline_1,-0.01602565466792731,False,False
2023-08-01,M2,p10,F03_spline_2,-0.020278161024798718,False,False
2023-08-01,M2,p10,F04_spline_0,0.161168807964318,False,False
2023-08-01,M2,p10,F04_spline_1,0.057313895510161264,False,False
2023-08-01,M2,p10,F04_spline_2,0.0057636341982641335,False,False
2023-08-01,M2,p10,I01,-0.12264868124882063,False,False
2023-08-01,M2,p10,I02,0.015524530444572396,False,False
2023-08-01,M2,p10,I03,-0.0640670222930628,False,False
2023-08-01,M2,p10,I04,-0.1512734707852717,False,False
2023-08-01,M2,p10,I05,0.2720905982789433,False,False
2023-08-01,M2,p10,I06,-0.01915264128879257,False,False
2023-09-01,M1,mu5,A01,0.008463573543381349,False,False
2023-09-01,M1,mu5,A02,0.001475861219291789,False,False
2023-09-01,M1,mu5,A03,0.005847909369515387,False,False
2023-09-01,M1,mu5,A04,-0.0032483537416985796,False,False
2023-09-01,M1,mu5,A05,0.0032295123892509456,False,False
2023-09-01,M1,mu5,B01,0.007465329387185809,False,False
2023-09-01,M1,mu5,B02,0.0036300529855783966,False,False
2023-09-01,M1,mu5,B03,-0.0005044048653080374,False,False
2023-09-01,M1,mu5,C01,-0.0011745013111753983,False,False
2023-09-01,M1,mu5,C02,0.005022204472796348,False,False
2023-09-01,M1,mu5,C03,0.0007008075987869527,False,False
2023-09-01,M1,mu5,D01,0.001130417789925518,False,False
2023-09-01,M1,mu5,D02,0.0005485017448823803,False,False
2023-09-01,M1,mu5,D03,0.004173329769860786,False,False
2023-09-01,M1,mu5,E01,-0.0017149133613711147,False,False
2023-09-01,M1,mu5,F01,3.8923114515121364e-05,False,False
2023-09-01,M1,mu5,F02,0.004247103289563073,False,False
2023-09-01,M1,mu5,F03,0.0014001229728724915,False,False
2023-09-01,M1,mu5,F04,0.003732934152471374,False,False
2023-09-01,M1,q90,A01,0.0,True,False
2023-09-01,M1,q90,A02,0.0,True,False
2023-09-01,M1,q90,A03,-0.0031512314091523166,False,False
2023-09-01,M1,q90,A04,0.0,True,False
2023-09-01,M1,q90,A05,0.0,True,False
2023-09-01,M1,q90,B01,0.0,True,False
2023-09-01,M1,q90,B02,0.0,True,False
2023-09-01,M1,q90,B03,0.0,True,False
2023-09-01,M1,q90,C01,0.008787389188085996,False,False
2023-09-01,M1,q90,C02,0.0,True,False
2023-09-01,M1,q90,C03,0.0,True,False
2023-09-01,M1,q90,D01,0.0,True,False
2023-09-01,M1,q90,D02,0.0,True,False
2023-09-01,M1,q90,D03,-0.001754180383650574,False,False
2023-09-01,M1,q90,E01,0.0,True,False
2023-09-01,M1,q90,F01,0.0,True,False
2023-09-01,M1,q90,F02,0.0,True,False
2023-09-01,M1,q90,F03,-0.013473296980481508,False,False
2023-09-01,M1,q90,F04,0.0,True,False
2023-09-01,M1,p10,A01,-0.30481117397952584,False,False
2023-09-01,M1,p10,A02,-0.13842010172267447,False,False
2023-09-01,M1,p10,A03,-0.33664743139546127,False,False
2023-09-01,M1,p10,A04,0.23167643523358894,False,False
2023-09-01,M1,p10,A05,0.05752566373491449,False,False
2023-09-01,M1,p10,B01,-0.05670785345855618,False,False
2023-09-01,M1,p10,B02,-0.19792917700305998,False,False
2023-09-01,M1,p10,B03,0.3600287242838275,False,False
2023-09-01,M1,p10,C01,0.10507436973040628,False,False
2023-09-01,M1,p10,C02,-0.17329143954544932,False,False
2023-09-01,M1,p10,C03,-0.017001273791182003,False,False
2023-09-01,M1,p10,D01,0.022927536877454583,False,False
2023-09-01,M1,p10,D02,-0.20576904352420555,False,False
2023-09-01,M1,p10,D03,-0.231114612602473,False,False
2023-09-01,M1,p10,E01,0.14352632403676605,False,False
2023-09-01,M1,p10,F01,0.17535704777334488,False,False
2023-09-01,M1,p10,F02,0.08102549517960814,False,False
2023-09-01,M1,p10,F03,-0.18907489900500776,False,False
2023-09-01,M1,p10,F04,-0.0552510384793133,False,False
2023-09-01,M2,mu5,A01_spline_0,-0.021503795078322067,False,False
2023-09-01,M2,mu5,A01_spline_1,0.0015431690314930504,False,False
2023-09-01,M2,mu5,A01_spline_2,-0.0023017811128758043,False,False
2023-09-01,M2,mu5,A02_spline_0,0.004878123479542895,False,False
2023-09-01,M2,mu5,A02_spline_1,0.0004422151302269795,False,False
2023-09-01,M2,mu5,A02_spline_2,0.005696125637949731,False,False
2023-09-01,M2,mu5,A03_spline_0,-0.009137488770767893,False,False
2023-09-01,M2,mu5,A03_spline_1,0.004820678757537259,False,False
2023-09-01,M2,mu5,A03_spline_2,0.00204618426695862,False,False
2023-09-01,M2,mu5,A04_spline_0,0.0018697174705470084,False,False
2023-09-01,M2,mu5,A04_spline_1,0.0038447337597939633,False,False
2023-09-01,M2,mu5,A04_spline_2,-0.0010672798062509336,False,False
2023-09-01,M2,mu5,A05_spline_0,-0.0036227800879636424,False,False
2023-09-01,M2,mu5,A05_spline_1,-0.0003416123512401096,False,False
2023-09-01,M2,mu5,A05_spline_2,0.00012258087929310367,False,False
2023-09-01,M2,mu5,B01_spline_0,-0.002406588480354559,False,False
2023-09-01,M2,mu5,B01_spline_1,-0.004767476633782306,False,False
2023-09-01,M2,mu5,B01_spline_2,-0.0007519592179184307,False,False
2023-09-01,M2,mu5,B02_spline_0,-0.0012795518367642866,False,False
2023-09-01,M2,mu5,B02_spline_1,0.0013456282420274092,False,False
2023-09-01,M2,mu5,B02_spline_2,0.0011604017922980442,False,False
2023-09-01,M2,mu5,B03_spline_0,0.0044810441727144,False,False
2023-09-01,M2,mu5,B03_spline_1,0.0005357276218145943,False,False
2023-09-01,M2,mu5,B03_spline_2,0.0021129695166473093,False,False
2023-09-01,M2,mu5,C01_spline_0,-0.000773081197600972,False,False
2023-09-01,M2,mu5,C01_spline_1,-0.0030294858138086578,False,False
2023-09-01,M2,mu5,C01_spline_2,-0.005529763114125449,False,False
2023-09-01,M2,mu5,C02_spline_0,0.0036440886693450193,False,False
2023-09-01,M2,mu5,C02_spline_1,-0.005069666455842397,False,False
2023-09-01,M2,mu5,C02_spline_2,-0.0016453708250143031,False,False
2023-09-01,M2,mu5,C03_spline_0,-0.003302525777131808,False,False
2023-09-01,M2,mu5,C03_spline_1,-0.0018565251963383153,False,False
2023-09-01,M2,mu5,C03_spline_2,0.0035970224249678357,False,False
2023-09-01,M2,mu5,D01_spline_0,-0.004881874773249964,False,False
2023-09-01,M2,mu5,D01_spline_1,-0.0009479206734563372,False,False
2023-09-01,M2,mu5,D01_spline_2,-0.001545961322761259,False,False
2023-09-01,M2,mu5,D02_spline_0,-0.0019409781337328589,False,False
2023-09-01,M2,mu5,D02_spline_1,-5.9251335027458866e-05,False,False
2023-09-01,M2,mu5,D02_spline_2,-0.0051755519218257655,False,False
2023-09-01,M2,mu5,D03_spline_0,0.0002625331041064044,False,False
2023-09-01,M2,mu5,D03_spline_1,-3.594648940043882e-05,False,False
2023-09-01,M2,mu5,D03_spline_2,0.0006096118853837237,False,False
2023-09-01,M2,mu5,E01_spline_0,0.002242056660531684,False,False
2023-09-01,M2,mu5,E01_spline_1,-2.6008129120665222e-05,False,False
2023-09-01,M2,mu5,E01_spline_2,-0.006311086615013584,False,False
2023-09-01,M2,mu5,F01_spline_0,-0.0003611145522328836,False,False
2023-09-01,M2,mu5,F01_spline_1,0.0006074667450291327,False,False
2023-09-01,M2,mu5,F01_spline_2,-0.0003627941297655664,False,False
2023-09-01,M2,mu5,F02_spline_0,0.00601582232312203,False,False
2023-09-01,M2,mu5,F02_spline_1,-0.004761169407536871,False,False
2023-09-01,M2,mu5,F02_spline_2,0.0025477736594443304,False,False
2023-09-01,M2,mu5,F03_spline_0,-0.0032072750056269094,False,False
2023-09-01,M2,mu5,F03_spline_1,-0.00018178098174292988,False,False
2023-09-01,M2,mu5,F03_spline_2,0.0008679714461835072,False,False
2023-09-01,M2,mu5,F04_spline_0,-0.004193130333776262,False,False
2023-09-01,M2,mu5,F04_spline_1,-0.0029734337855073694,False,False
2023-09-01,M2,mu5,F04_spline_2,-0.00022854715312167675,False,False
2023-09-01,M2,mu5,I01,0.00011582146120321006,False,False
2023-09-01,M2,mu5,I02,0.0046065424783472576,False,False
2023-09-01,M2,mu5,I03,0.001577177546681702,False,False
2023-09-01,M2,mu5,I04,0.0015273787263725045,False,False
2023-09-01,M2,mu5,I05,-0.008349804866710844,False,False
2023-09-01,M2,mu5,I06,-0.003479125464003573,False,False
2023-09-01,M2,q90,A01_spline_0,0.0237419785177691,False,False
2023-09-01,M2,q90,A01_spline_1,0.0,True,False
2023-09-01,M2,q90,A01_spline_2,0.0,True,False
2023-09-01,M2,q90,A02_spline_0,0.0,True,False
2023-09-01,M2,q90,A02_spline_1,0.0,True,False
2023-09-01,M2,q90,A02_spline_2,0.0,True,False
2023-09-01,M2,q90,A03_spline_0,0.005531103557980228,False,False
2023-09-01,M2,q90,A03_spline_1,0.0,True,False
2023-09-01,M2,q90,A03_spline_2,0.0,True,False
2023-09-01,M2,q90,A04_spline_0,-0.0011102473616543286,False,False
2023-09-01,M2,q90,A04_spline_1,0.0,True,False
2023-09-01,M2,q90,A04_spline_2,0.0,True,False
2023-09-01,M2,q90,A05_spline_0,0.0020978734524082316,False,False
2023-09-01,M2,q90,A05_spline_1,0.0,True,False
2023-09-01,M2,q90,A05_spline_2,0.0,True,False
2023-09-01,M2,q90,B01_spline_0,0.0,True,False
2023-09-01,M2,q90,B01_spline_1,0.0,True,False
2023-09-01,M2,q90,B01_spline_2,0.0,True,False
2023-09-01,M2,q90,B02_spline_0,0.0,True,False
2023-09-01,M2,q90,B02_spline_1,0.0,True,False
2023-09-01,M2,q90,B02_spline_2,0.0,True,False
2023-09-01,M2,q90,B03_spline_0,0.0,True,False
2023-09-01,M2,q90,B03_spline_1,0.0,True,False
2023-09-01,M2,q90,B03_spline_2,0.0,True,False
2023-09-01,M2,q90,C01_spline_0,0.0,True,False
2023-09-01,M2,q90,C01_spline_1,0.0,True,False
2023-09-01,M2,q90,C01_spline_2,0.009064444781938444,False,False
2023-09-01,M2,q90,C02_spline_0,-0.0017049328989455718,False,False
2023-09-01,M2,q90,C02_spline_1,0.0,True,False
2023-09-01,M2,q90,C02_spline_2,0.0,True,False
2023-09-01,M2,q90,C03_spline_0,0.0,True,False
2023-09-01,M2,q90,C03_spline_1,0.0,True,False
2023-09-01,M2,q90,C03_spline_2,0.0,True,False
2023-09-01,M2,q90,D01_spline_0,0.0,True,False
2023-09-01,M2,q90,D01_spline_1,0.0,True,False
2023-09-01,M2,q90,D01_spline_2,0.0,True,False
2023-09-01,M2,q90,D02_spline_0,0.009768684840710624,False,False
2023-09-01,M2,q90,D02_spline_1,0.0,True,False
2023-09-01,M2,q90,D02_spline_2,0.0,True,False
2023-09-01,M2,q90,D03_spline_0,0.0,True,False
2023-09-01,M2,q90,D03_spline_1,0.0,True,False
2023-09-01,M2,q90,D03_spline_2,0.0,True,False
2023-09-01,M2,q90,E01_spline_0,0.0,True,False
2023-09-01,M2,q90,E01_spline_1,0.0,True,False
2023-09-01,M2,q90,E01_spline_2,0.007132452141683123,False,False
2023-09-01,M2,q90,F01_spline_0,-0.004866253348159003,False,False
2023-09-01,M2,q90,F01_spline_1,0.0,True,False
2023-09-01,M2,q90,F01_spline_2,0.0,True,False
2023-09-01,M2,q90,F02_spline_0,0.0,True,False
2023-09-01,M2,q90,F02_spline_1,0.0,True,False
2023-09-01,M2,q90,F02_spline_2,0.0,True,False
2023-09-01,M2,q90,F03_spline_0,0.0,True,False
2023-09-01,M2,q90,F03_spline_1,0.0,True,False
2023-09-01,M2,q90,F03_spline_2,0.0,True,False
2023-09-01,M2,q90,F04_spline_0,0.0,True,False
2023-09-01,M2,q90,F04_spline_1,0.0,True,False
2023-09-01,M2,q90,F04_spline_2,0.0,True,False
2023-09-01,M2,q90,I01,0.0,True,False
2023-09-01,M2,q90,I02,0.0,True,False
2023-09-01,M2,q90,I03,0.0,True,False
2023-09-01,M2,q90,I04,0.0,True,False
2023-09-01,M2,q90,I05,0.0,True,False
2023-09-01,M2,q90,I06,0.0,True,False
2023-09-01,M2,p10,A01_spline_0,0.5441300282587993,False,False
2023-09-01,M2,p10,A01_spline_1,-0.037172002538669,False,False
2023-09-01,M2,p10,A01_spline_2,0.14338103582187967,False,False
2023-09-01,M2,p10,A02_spline_0,-0.1660071061837799,False,False
2023-09-01,M2,p10,A02_spline_1,0.09766799267660373,False,False
2023-09-01,M2,p10,A02_spline_2,-0.12846482828866637,False,False
2023-09-01,M2,p10,A03_spline_0,0.5372519763449515,False,False
2023-09-01,M2,p10,A03_spline_1,-0.08496550345197998,False,False
2023-09-01,M2,p10,A03_spline_2,-0.07241100443938467,False,False
2023-09-01,M2,p10,A04_spline_0,-0.16035146965717842,False,False
2023-09-01,M2,p10,A04_spline_1,-0.13874665757586355,False,False
2023-09-01,M2,p10,A04_spline_2,0.0797172400969858,False,False
2023-09-01,M2,p10,A05_spline_0,0.05462248022438248,False,False
2023-09-01,M2,p10,A05_spline_1,-0.0667834062336859,False,False
2023-09-01,M2,p10,A05_spline_2,0.09064898259691805,False,False
2023-09-01,M2,p10,B01_spline_0,-0.12888528474912364,False,False
2023-09-01,M2,p10,B01_spline_1,0.029136761493905636,False,False
2023-09-01,M2,p10,B01_spline_2,0.15147760929559073,False,False
2023-09-01,M2,p10,B02_spline_0,0.0742299416987037,False,False
2023-09-01,M2,p10,B02_spline_1,-0.030969400990128914,False,False
2023-09-01,M2,p10,B02_spline_2,-0.08786226795741209,False,False
2023-09-01,M2,p10,B03_spline_0,-0.4061780560642046,False,False
2023-09-01,M2,p10,B03_spline_1,-0.0959316832228841,False,False
2023-09-01,M2,p10,B03_spline_2,0.08119444793307294,False,False
2023-09-01,M2,p10,C01_spline_0,0.005009557136966746,False,False
2023-09-01,M2,p10,C01_spline_1,-0.010300418701747098,False,False
2023-09-01,M2,p10,C01_spline_2,0.19939638279659208,False,False
2023-09-01,M2,p10,C02_spline_0,-0.3758802234198899,False,False
2023-09-01,M2,p10,C02_spline_1,0.1705833232745422,False,False
2023-09-01,M2,p10,C02_spline_2,0.06228216848004616,False,False
2023-09-01,M2,p10,C03_spline_0,-0.0022091654888829002,False,False
2023-09-01,M2,p10,C03_spline_1,0.12215056763842494,False,False
2023-09-01,M2,p10,C03_spline_2,-0.24123210249107813,False,False
2023-09-01,M2,p10,D01_spline_0,0.13092464199760687,False,False
2023-09-01,M2,p10,D01_spline_1,0.0863479561105498,False,False
2023-09-01,M2,p10,D01_spline_2,-0.1098409721213561,False,False
2023-09-01,M2,p10,D02_spline_0,0.24769449426387388,False,False
2023-09-01,M2,p10,D02_spline_1,-0.0497195267839315,False,False
2023-09-01,M2,p10,D02_spline_2,-0.017194284371617612,False,False
2023-09-01,M2,p10,D03_spline_0,-0.12510592861986203,False,False
2023-09-01,M2,p10,D03_spline_1,0.04382904530703595,False,False
2023-09-01,M2,p10,D03_spline_2,0.058111684081443446,False,False
2023-09-01,M2,p10,E01_spline_0,-0.010506240593415187,False,False
2023-09-01,M2,p10,E01_spline_1,-0.07775717790817886,False,False
2023-09-01,M2,p10,E01_spline_2,0.1592263816496701,False,False
2023-09-01,M2,p10,F01_spline_0,-0.013812042038962245,False,False
2023-09-01,M2,p10,F01_spline_1,-0.2330394287760606,False,False
2023-09-01,M2,p10,F01_spline_2,0.1425417827493599,False,False
2023-09-01,M2,p10,F02_spline_0,-0.3325497410300138,False,False
2023-09-01,M2,p10,F02_spline_1,-0.03732683333336322,False,False
2023-09-01,M2,p10,F02_spline_2,0.009590948246252355,False,False
2023-09-01,M2,p10,F03_spline_0,0.25337940684979454,False,False
2023-09-01,M2,p10,F03_spline_1,-0.01820790429032728,False,False
2023-09-01,M2,p10,F03_spline_2,-0.017028966488365316,False,False
2023-09-01,M2,p10,F04_spline_0,0.15726323493529334,False,False
2023-09-01,M2,p10,F04_spline_1,0.05406855526683009,False,False
2023-09-01,M2,p10,F04_spline_2,0.014147645278156495,False,False
2023-09-01,M2,p10,I01,-0.1238216096684313,False,False
2023-09-01,M2,p10,I02,0.0169072425095324,False,False
2023-09-01,M2,p10,I03,-0.06475539722432128,False,False
2023-09-01,M2,p10,I04,-0.15755394646465798,False,False
2023-09-01,M2,p10,I05,0.2821999622659325,False,False
2023-09-01,M2,p10,I06,-0.016516933379329017,False,False
2023-10-02,M1,mu5,A01,0.008335053873274684,False,False
2023-10-02,M1,mu5,A02,0.0016109146555542402,False,False
2023-10-02,M1,mu5,A03,0.006147621219251,False,False
2023-10-02,M1,mu5,A04,-0.0032610538143378904,False,False
2023-10-02,M1,mu5,A05,0.0035757182231594404,False,False
2023-10-02,M1,mu5,B01,0.00774387561314176,False,False
2023-10-02,M1,mu5,B02,0.0033312114824262337,False,False
2023-10-02,M1,mu5,B03,-0.00017339551882589074,False,False
2023-10-02,M1,mu5,C01,-0.0010894685557848423,False,False
2023-10-02,M1,mu5,C02,0.00529794507093822,False,False
2023-10-02,M1,mu5,C03,0.0005971692459654494,False,False
2023-10-02,M1,mu5,D01,0.0011895386886483284,False,False
2023-10-02,M1,mu5,D02,0.00018656226720900943,False,False
2023-10-02,M1,mu5,D03,0.004232804949654442,False,False
2023-10-02,M1,mu5,E01,-0.001638997828516236,False,False
2023-10-02,M1,mu5,F01,0.00021262573941337553,False,False
2023-10-02,M1,mu5,F02,0.004043802944952062,False,False
2023-10-02,M1,mu5,F03,0.0015871047187964984,False,False
2023-10-02,M1,mu5,F04,0.0038542890840300133,False,False
2023-10-02,M1,q90,A01,0.0,True,False
2023-10-02,M1,q90,A02,0.0,True,False
2023-10-02,M1,q90,A03,-0.0036945505689676733,False,False
2023-10-02,M1,q90,A04,0.0,True,False
2023-10-02,M1,q90,A05,0.0,True,False
2023-10-02,M1,q90,B01,0.0,True,False
2023-10-02,M1,q90,B02,0.0,True,False
2023-10-02,M1,q90,B03,0.0,True,False
2023-10-02,M1,q90,C01,0.008513095946022417,False,False
2023-10-02,M1,q90,C02,0.0,True,False
2023-10-02,M1,q90,C03,0.0,True,False
2023-10-02,M1,q90,D01,0.0,True,False
2023-10-02,M1,q90,D02,0.0,True,False
2023-10-02,M1,q90,D03,-0.001976165273632548,False,False
2023-10-02,M1,q90,E01,0.0,True,False
2023-10-02,M1,q90,F01,0.0,True,False
2023-10-02,M1,q90,F02,0.0,True,False
2023-10-02,M1,q90,F03,-0.01284663702324652,False,False
2023-10-02,M1,q90,F04,0.0,True,False
2023-10-02,M1,p10,A01,-0.29242683640617345,False,False
2023-10-02,M1,p10,A02,-0.14194903451739802,False,False
2023-10-02,M1,p10,A03,-0.3511194299951652,False,False
2023-10-02,M1,p10,A04,0.23386399974210959,False,False
2023-10-02,M1,p10,A05,0.03556884479767576,False,False
2023-10-02,M1,p10,B01,-0.06357003902883031,False,False
2023-10-02,M1,p10,B02,-0.18714616140527193,False,False
2023-10-02,M1,p10,B03,0.34919334532460744,False,False
2023-10-02,M1,p10,C01,0.10271384248804176,False,False
2023-10-02,M1,p10,C02,-0.1858123610594233,False,False
2023-10-02,M1,p10,C03,-0.01766346791824471,False,False
2023-10-02,M1,p10,D01,0.02173345041945261,False,False
2023-10-02,M1,p10,D02,-0.198374429113074,False,False
2023-10-02,M1,p10,D03,-0.23654633970943,False,False
2023-10-02,M1,p10,E01,0.13620241316294496,False,False
2023-10-02,M1,p10,F01,0.1667097929372703,False,False
2023-10-02,M1,p10,F02,0.08332662608098132,False,False
2023-10-02,M1,p10,F03,-0.19537052705851302,False,False
2023-10-02,M1,p10,F04,-0.0614563760237679,False,False
2023-10-02,M2,mu5,A01_spline_0,-0.021440012013904233,False,False
2023-10-02,M2,mu5,A01_spline_1,0.0016336395116302881,False,False
2023-10-02,M2,mu5,A01_spline_2,-0.002508832044659925,False,False
2023-10-02,M2,mu5,A02_spline_0,0.005056909925374763,False,False
2023-10-02,M2,mu5,A02_spline_1,0.0003488982334670257,False,False
2023-10-02,M2,mu5,A02_spline_2,0.005814220168015735,False,False
2023-10-02,M2,mu5,A03_spline_0,-0.009124883417288811,False,False
2023-10-02,M2,mu5,A03_spline_1,0.004326755262384669,False,False
2023-10-02,M2,mu5,A03_spline_2,0.0021150439186890567,False,False
2023-10-02,M2,mu5,A04_spline_0,0.0022173625346763406,False,False
2023-10-02,M2,mu5,A04_spline_1,0.00379866093998024,False,False
2023-10-02,M2,mu5,A04_spline_2,-0.0010838871669769461,False,False
2023-10-02,M2,mu5,A05_spline_0,-0.003928220404777537,False,False
2023-10-02,M2,mu5,A05_spline_1,-0.00032217157473138597,False,False
2023-10-02,M2,mu5,A05_spline_2,0.00034897165879261167,False,False
2023-10-02,M2,mu5,B01_spline_0,-0.0031251411874204734,False,False
2023-10-02,M2,mu5,B01_spline_1,-0.004512188562597275,False,False
2023-10-02,M2,mu5,B01_spline_2,-0.0005912334336446543,False,False
2023-10-02,M2,mu5,B02_spline_0,-0.001370536374525063,False,False
2023-10-02,M2,mu5,B02_spline_1,0.001357630940656693,False,False
2023-10-02,M2,mu5,B02_spline_2,0.0008673103305356835,False,False
2023-10-02,M2,mu5,B03_spline_0,0.0042937459383504285,False,False
2023-10-02,M2,mu5,B03_spline_1,0.00025077460256551967,False,False
2023-10-02,M2,mu5,B03_spline_2,0.002480681856780885,False,False
2023-10-02,M2,mu5,C01_spline_0,-0.0011640951402398124,False,False
2023-10-02,M2,mu5,C01_spline_1,-0.002806440829700148,False,False
2023-10-02,M2,mu5,C01_spline_2,-0.005660275580605016,False,False
2023-10-02,M2,mu5,C02_spline_0,0.0037726801664334977,False,False
2023-10-02,M2,mu5,C02_spline_1,-0.005560855554310658,False,False
2023-10-02,M2,mu5,C02_spline_2,-0.0013619631286824376,False,False
2023-10-02,M2,mu5,C03_spline_0,-0.0034300323615999145,False,False
2023-10-02,M2,mu5,C03_spline_1,-0.0015957772324265412,False,False
2023-10-02,M2,mu5,C03_spline_2,0.003427976583327635,False,False
2023-10-02,M2,mu5,D01_spline_0,-0.004785530735464193,False,False
2023-10-02,M2,mu5,D01_spline_1,-0.0011290791718616472,False,False
2023-10-02,M2,mu5,D01_spline_2,-0.0015139262438215962,False,False
2023-10-02,M2,mu5,D02_spline_0,-0.0014790090073217123,False,False
2023-10-02,M2,mu5,D02_spline_1,-0.0002899013284320738,False,False
2023-10-02,M2,mu5,D02_spline_2,-0.0053440437996592925,False,False
2023-10-02,M2,mu5,D03_spline_0,0.0006807707630096046,False,False
2023-10-02,M2,mu5,D03_spline_1,-0.00011173566255471851,False,False
2023-10-02,M2,mu5,D03_spline_2,0.00042577091394022863,False,False
2023-10-02,M2,mu5,E01_spline_0,0.002404143513747137,False,False
2023-10-02,M2,mu5,E01_spline_1,-0.0001955006446302237,False,False
2023-10-02,M2,mu5,E01_spline_2,-0.006293157327651631,False,False
2023-10-02,M2,mu5,F01_spline_0,-0.00041665584651853044,False,False
2023-10-02,M2,mu5,F01_spline_1,0.0006853008637635527,False,False
2023-10-02,M2,mu5,F01_spline_2,-0.0002990989861046319,False,False
2023-10-02,M2,mu5,F02_spline_0,0.0061553562404056145,False,False
2023-10-02,M2,mu5,F02_spline_1,-0.0046750298917245334,False,False
2023-10-02,M2,mu5,F02_spline_2,0.0021854872883092036,False,False
2023-10-02,M2,mu5,F03_spline_0,-0.003315493552752646,False,False
2023-10-02,M2,mu5,F03_spline_1,-0.00032141905893764023,False,False
2023-10-02,M2,mu5,F03_spline_2,0.0011964473960385472,False,False
2023-10-02,M2,mu5,F04_spline_0,-0.00460950427409054,False,False
2023-10-02,M2,mu5,F04_spline_1,-0.0030521341460062624,False,False
2023-10-02,M2,mu5,F04_spline_2,-2.836828540497046e-05,False,False
2023-10-02,M2,mu5,I01,0.0003202758098430642,False,False
2023-10-02,M2,mu5,I02,0.005029804980180198,False,False
2023-10-02,M2,mu5,I03,0.0017776937760032954,False,False
2023-10-02,M2,mu5,I04,0.001718594077870908,False,False
2023-10-02,M2,mu5,I05,-0.007818419774914449,False,False
2023-10-02,M2,mu5,I06,-0.003752063149222273,False,False
2023-10-02,M2,q90,A01_spline_0,0.023938687264014557,False,False
2023-10-02,M2,q90,A01_spline_1,0.0,True,False
2023-10-02,M2,q90,A01_spline_2,0.0,True,False
2023-10-02,M2,q90,A02_spline_0,0.0,True,False
2023-10-02,M2,q90,A02_spline_1,0.0,True,False
2023-10-02,M2,q90,A02_spline_2,-0.0006127746878065096,False,False
2023-10-02,M2,q90,A03_spline_0,0.0054071686763348835,False,False
2023-10-02,M2,q90,A03_spline_1,0.0,True,False
2023-10-02,M2,q90,A03_spline_2,0.0,True,False
2023-10-02,M2,q90,A04_spline_0,-0.0016754803416874002,False,False
2023-10-02,M2,q90,A04_spline_1,0.0,True,False
2023-10-02,M2,q90,A04_spline_2,0.0009855598945631991,False,False
2023-10-02,M2,q90,A05_spline_0,0.003737445857245811,False,False
2023-10-02,M2,q90,A05_spline_1,0.0,True,False
2023-10-02,M2,q90,A05_spline_2,0.0,True,False
2023-10-02,M2,q90,B01_spline_0,0.0,True,False
2023-10-02,M2,q90,B01_spline_1,0.0,True,False
2023-10-02,M2,q90,B01_spline_2,0.0,True,False
2023-10-02,M2,q90,B02_spline_0,0.0,True,False
2023-10-02,M2,q90,B02_spline_1,0.0,True,False
2023-10-02,M2,q90,B02_spline_2,0.0,True,False
2023-10-02,M2,q90,B03_spline_0,0.0,True,False
2023-10-02,M2,q90,B03_spline_1,0.0,True,False
2023-10-02,M2,q90,B03_spline_2,0.0,True,False
2023-10-02,M2,q90,C01_spline_0,0.0,True,False
2023-10-02,M2,q90,C01_spline_1,0.0,True,False
2023-10-02,M2,q90,C01_spline_2,0.008916524704233354,False,False
2023-10-02,M2,q90,C02_spline_0,-0.0006120500891244202,False,False
2023-10-02,M2,q90,C02_spline_1,0.0,True,False
2023-10-02,M2,q90,C02_spline_2,0.0,True,False
2023-10-02,M2,q90,C03_spline_0,0.0,True,False
2023-10-02,M2,q90,C03_spline_1,0.0,True,False
2023-10-02,M2,q90,C03_spline_2,0.0,True,False
2023-10-02,M2,q90,D01_spline_0,0.0,True,False
2023-10-02,M2,q90,D01_spline_1,0.0,True,False
2023-10-02,M2,q90,D01_spline_2,0.0,True,False
2023-10-02,M2,q90,D02_spline_0,0.011236808910818035,False,False
2023-10-02,M2,q90,D02_spline_1,0.0,True,False
2023-10-02,M2,q90,D02_spline_2,0.0,True,False
2023-10-02,M2,q90,D03_spline_0,0.0,True,False
2023-10-02,M2,q90,D03_spline_1,0.0,True,False
2023-10-02,M2,q90,D03_spline_2,0.0,True,False
2023-10-02,M2,q90,E01_spline_0,0.0,True,False
2023-10-02,M2,q90,E01_spline_1,0.0,True,False
2023-10-02,M2,q90,E01_spline_2,0.006426903427372773,False,False
2023-10-02,M2,q90,F01_spline_0,-0.004574771226749243,False,False
2023-10-02,M2,q90,F01_spline_1,0.0,True,False
2023-10-02,M2,q90,F01_spline_2,0.0,True,False
2023-10-02,M2,q90,F02_spline_0,0.0,True,False
2023-10-02,M2,q90,F02_spline_1,0.0,True,False
2023-10-02,M2,q90,F02_spline_2,0.0016530855048689907,False,False
2023-10-02,M2,q90,F03_spline_0,0.0,True,False
2023-10-02,M2,q90,F03_spline_1,0.0,True,False
2023-10-02,M2,q90,F03_spline_2,0.0,True,False
2023-10-02,M2,q90,F04_spline_0,0.0,True,False
2023-10-02,M2,q90,F04_spline_1,0.0,True,False
2023-10-02,M2,q90,F04_spline_2,0.0,True,False
2023-10-02,M2,q90,I01,0.0,True,False
2023-10-02,M2,q90,I02,0.0,True,False
2023-10-02,M2,q90,I03,0.0,True,False
2023-10-02,M2,q90,I04,0.0,True,False
2023-10-02,M2,q90,I05,0.0,True,False
2023-10-02,M2,q90,I06,0.0,True,False
2023-10-02,M2,p10,A01_spline_0,0.5452985791428953,False,False
2023-10-02,M2,p10,A01_spline_1,-0.04077897814824821,False,False
2023-10-02,M2,p10,A01_spline_2,0.15022785807899158,False,False
2023-10-02,M2,p10,A02_spline_0,-0.17191163582874663,False,False
2023-10-02,M2,p10,A02_spline_1,0.10518867262208052,False,False
2023-10-02,M2,p10,A02_spline_2,-0.13563872159813914,False,False
2023-10-02,M2,p10,A03_spline_0,0.5369401366937194,False,False
2023-10-02,M2,p10,A03_spline_1,-0.07489941772027439,False,False
2023-10-02,M2,p10,A03_spline_2,-0.08581056376051316,False,False
2023-10-02,M2,p10,A04_spline_0,-0.1749798175712779,False,False
2023-10-02,M2,p10,A04_spline_1,-0.13944380417918673,False,False
2023-10-02,M2,p10,A04_spline_2,0.08342795549868057,False,False
2023-10-02,M2,p10,A05_spline_0,0.09025301558556052,False,False
2023-10-02,M2,p10,A05_spline_1,-0.07407176261283986,False,False
2023-10-02,M2,p10,A05_spline_2,0.08318646655779004,False,False
2023-10-02,M2,p10,B01_spline_0,-0.11046355960389473,False,False
2023-10-02,M2,p10,B01_spline_1,0.023899145824357426,False,False
2023-10-02,M2,p10,B01_spline_2,0.1449700208344426,False,False
2023-10-02,M2,p10,B02_spline_0,0.08199697604589376,False,False
2023-10-02,M2,p10,B02_spline_1,-0.036488492435624534,False,False
2023-10-02,M2,p10,B02_spline_2,-0.07632416181650904,False,False
2023-10-02,M2,p10,B03_spline_0,-0.40557668270685626,False,False
2023-10-02,M2,p10,B03_spline_1,-0.08312332615942289,False,False
2023-10-02,M2,p10,B03_spline_2,0.06726268376070933,False,False
2023-10-02,M2,p10,C01_spline_0,0.020137005084546404,False,False
2023-10-02,M2,p10,C01_spline_1,-0.017773901754210644,False,False
2023-10-02,M2,p10,C01_spline_2,0.20164617902314713,False,False
2023-10-02,M2,p10,C02_spline_0,-0.3842392909382114,False,False
2023-10-02,M2,p10,C02_spline_1,0.1913402269036772,False,False
2023-10-02,M2,p10,C02_spline_2,0.047511237549163546,False,False
2023-10-02,M2,p10,C03_spline_0,-0.0037025861283756173,False,False
2023-10-02,M2,p10,C03_spline_1,0.11586071441310343,False,False
2023-10-02,M2,p10,C03_spline_2,-0.23269621224078899,False,False
2023-10-02,M2,p10,D01_spline_0,0.11628509757941764,False,False
2023-10-02,M2,p10,D01_spline_1,0.09853927647056825,False,False
2023-10-02,M2,p10,D01_spline_2,-0.10989765867822314,False,False
2023-10-02,M2,p10,D02_spline_0,0.23630087889151927,False,False
2023-10-02,M2,p10,D02_spline_1,-0.040625274139015725,False,False
2023-10-02,M2,p10,D02_spline_2,-0.014907915032569006,False,False
2023-10-02,M2,p10,D03_spline_0,-0.14170225393390423,False,False
2023-10-02,M2,p10,D03_spline_1,0.05499367734221222,False,False
2023-10-02,M2,p10,D03_spline_2,0.05404276824151662,False,False
2023-10-02,M2,p10,E01_spline_0,-0.01480259016129754,False,False
2023-10-02,M2,p10,E01_spline_1,-0.07466475031079824,False,False
2023-10-02,M2,p10,E01_spline_2,0.15656945958164292,False,False
2023-10-02,M2,p10,F01_spline_0,-0.012606105798006877,False,False
2023-10-02,M2,p10,F01_spline_1,-0.2284314884918307,False,False
2023-10-02,M2,p10,F01_spline_2,0.13475205675375657,False,False
2023-10-02,M2,p10,F02_spline_0,-0.33464135278379736,False,False
2023-10-02,M2,p10,F02_spline_1,-0.035005695625971105,False,False
2023-10-02,M2,p10,F02_spline_2,0.021334580836654998,False,False
2023-10-02,M2,p10,F03_spline_0,0.25857496417708997,False,False
2023-10-02,M2,p10,F03_spline_1,-0.013721161440265011,False,False
2023-10-02,M2,p10,F03_spline_2,-0.024247149288685974,False,False
2023-10-02,M2,p10,F04_spline_0,0.17396873263162818,False,False
2023-10-02,M2,p10,F04_spline_1,0.04902867599655446,False,False
2023-10-02,M2,p10,F04_spline_2,0.012198243630266432,False,False
2023-10-02,M2,p10,I01,-0.12306388359477545,False,False
2023-10-02,M2,p10,I02,-0.005259726653029528,False,False
2023-10-02,M2,p10,I03,-0.06937978885919875,False,False
2023-10-02,M2,p10,I04,-0.1614635900155742,False,False
2023-10-02,M2,p10,I05,0.2603813689207941,False,False
2023-10-02,M2,p10,I06,-0.006699808454578629,False,False
2023-11-01,M1,mu5,A01,0.008511268370157626,False,False
2023-11-01,M1,mu5,A02,0.0016705276598758378,False,False
2023-11-01,M1,mu5,A03,0.006273108334766666,False,False
2023-11-01,M1,mu5,A04,-0.0033034627151511987,False,False
2023-11-01,M1,mu5,A05,0.003691366176944541,False,False
2023-11-01,M1,mu5,B01,0.00792542259557981,False,False
2023-11-01,M1,mu5,B02,0.003269989131014913,False,False
2023-11-01,M1,mu5,B03,-9.046249702309551e-05,False,False
2023-11-01,M1,mu5,C01,-0.0009236690684587605,False,False
2023-11-01,M1,mu5,C02,0.00517041542299178,False,False
2023-11-01,M1,mu5,C03,0.0007034887924124897,False,False
2023-11-01,M1,mu5,D01,0.0013678251116727475,False,False
2023-11-01,M1,mu5,D02,0.00027238557507824706,False,False
2023-11-01,M1,mu5,D03,0.0039429329291467054,False,False
2023-11-01,M1,mu5,E01,-0.0016095752062062455,False,False
2023-11-01,M1,mu5,F01,-0.0001562569604241491,False,False
2023-11-01,M1,mu5,F02,0.004075648029323258,False,False
2023-11-01,M1,mu5,F03,0.00176791222252339,False,False
2023-11-01,M1,mu5,F04,0.003738437102377972,False,False
2023-11-01,M1,q90,A01,0.0,True,False
2023-11-01,M1,q90,A02,0.0,True,False
2023-11-01,M1,q90,A03,-0.004512989532083453,False,False
2023-11-01,M1,q90,A04,0.0,True,False
2023-11-01,M1,q90,A05,-2.722440773853142e-06,False,False
2023-11-01,M1,q90,B01,0.0,True,False
2023-11-01,M1,q90,B02,0.0,True,False
2023-11-01,M1,q90,B03,0.0,True,False
2023-11-01,M1,q90,C01,0.007264791067693467,False,False
2023-11-01,M1,q90,C02,0.0,True,False
2023-11-01,M1,q90,C03,0.0,True,False
2023-11-01,M1,q90,D01,0.0,True,False
2023-11-01,M1,q90,D02,0.0,True,False
2023-11-01,M1,q90,D03,-0.001521589394743503,False,False
2023-11-01,M1,q90,E01,0.0,True,False
2023-11-01,M1,q90,F01,0.0,True,False
2023-11-01,M1,q90,F02,0.0,True,False
2023-11-01,M1,q90,F03,-0.011749650571127087,False,False
2023-11-01,M1,q90,F04,0.0,True,False
2023-11-01,M1,p10,A01,-0.28511130600824075,False,False
2023-11-01,M1,p10,A02,-0.146772373131797,False,False
2023-11-01,M1,p10,A03,-0.3470954182515879,False,False
2023-11-01,M1,p10,A04,0.23277859641581078,False,False
2023-11-01,M1,p10,A05,0.032795609470036534,False,False
2023-11-01,M1,p10,B01,-0.05250072362286838,False,False
2023-11-01,M1,p10,B02,-0.18460719806097192,False,False
2023-11-01,M1,p10,B03,0.35139536735337107,False,False
2023-11-01,M1,p10,C01,0.11094828029909597,False,False
2023-11-01,M1,p10,C02,-0.20034620451680915,False,False
2023-11-01,M1,p10,C03,-0.004844262845015402,False,False
2023-11-01,M1,p10,D01,0.03424200174290234,False,False
2023-11-01,M1,p10,D02,-0.19149934700714394,False,False
2023-11-01,M1,p10,D03,-0.27143495833327347,False,False
2023-11-01,M1,p10,E01,0.14398990070138248,False,False
2023-11-01,M1,p10,F01,0.16037958868898827,False,False
2023-11-01,M1,p10,F02,0.08978793559617951,False,False
2023-11-01,M1,p10,F03,-0.18644230411428325,False,False
2023-11-01,M1,p10,F04,-0.05787739945936501,False,False
2023-11-01,M2,mu5,A01_spline_0,-0.0213493486019634,False,False
2023-11-01,M2,mu5,A01_spline_1,0.0012525484816719341,False,False
2023-11-01,M2,mu5,A01_spline_2,-0.002479580646587912,False,False
2023-11-01,M2,mu5,A02_spline_0,0.005049407727391722,False,False
2023-11-01,M2,mu5,A02_spline_1,0.0005809518789140272,False,False
2023-11-01,M2,mu5,A02_spline_2,0.006090646315849011,False,False
2023-11-01,M2,mu5,A03_spline_0,-0.009013068912437222,False,False
2023-11-01,M2,mu5,A03_spline_1,0.0040005199073772976,False,False
2023-11-01,M2,mu5,A03_spline_2,0.0023293848724692218,False,False
2023-11-01,M2,mu5,A04_spline_0,0.002230638035349457,False,False
2023-11-01,M2,mu5,A04_spline_1,0.003745214454405027,False,False
2023-11-01,M2,mu5,A04_spline_2,-0.0011213624835425197,False,False
2023-11-01,M2,mu5,A05_spline_0,-0.00401616287325984,False,False
2023-11-01,M2,mu5,A05_spline_1,-0.00013219942444550874,False,False
2023-11-01,M2,mu5,A05_spline_2,0.000512458617401394,False,False
2023-11-01,M2,mu5,B01_spline_0,-0.0029145846324777035,False,False
2023-11-01,M2,mu5,B01_spline_1,-0.004684049373392177,False,False
2023-11-01,M2,mu5,B01_spline_2,-0.0004578720879111482,False,False
2023-11-01,M2,mu5,B02_spline_0,-0.001444958911454854,False,False
2023-11-01,M2,mu5,B02_spline_1,0.0012821983250380863,False,False
2023-11-01,M2,mu5,B02_spline_2,0.0007253657069419646,False,False
2023-11-01,M2,mu5,B03_spline_0,0.004176598531440599,False,False
2023-11-01,M2,mu5,B03_spline_1,0.00018139305522289675,False,False
2023-11-01,M2,mu5,B03_spline_2,0.0023643256924059286,False,False
2023-11-01,M2,mu5,C01_spline_0,-0.0010584007796793707,False,False
2023-11-01,M2,mu5,C01_spline_1,-0.0031228125072327853,False,False
2023-11-01,M2,mu5,C01_spline_2,-0.0055097971122713705,False,False
2023-11-01,M2,mu5,C02_spline_0,0.0036832778182843405,False,False
2023-11-01,M2,mu5,C02_spline_1,-0.005399770643600977,False,False
2023-11-01,M2,mu5,C02_spline_2,-0.0013602899700594652,False,False
2023-11-01,M2,mu5,C03_spline_0,-0.003319708071859405,False,False
2023-11-01,M2,mu5,C03_spline_1,-0.001843748696768949,False,False
2023-11-01,M2,mu5,C03_spline_2,0.0034474677713670376,False,False
2023-11-01,M2,mu5,D01_spline_0,-0.004850925496261228,False,False
2023-11-01,M2,mu5,D01_spline_1,-0.0014709767760549622,False,False
2023-11-01,M2,mu5,D01_spline_2,-0.0011484082386308391,False,False
2023-11-01,M2,mu5,D02_spline_0,-0.0014571074690941219,False,False
2023-11-01,M2,mu5,D02_spline_1,-0.0004869512174726873,False,False
2023-11-01,M2,mu5,D02_spline_2,-0.005021424968504117,False,False
2023-11-01,M2,mu5,D03_spline_0,0.0004213478432579374,False,False
2023-11-01,M2,mu5,D03_spline_1,0.0005529279686329145,False,False
2023-11-01,M2,mu5,D03_spline_2,0.00014465835235403113,False,False
2023-11-01,M2,mu5,E01_spline_0,0.0022809702370270102,False,False
2023-11-01,M2,mu5,E01_spline_1,-0.00047646188158788827,False,False
2023-11-01,M2,mu5,E01_spline_2,-0.006216748751481607,False,False
2023-11-01,M2,mu5,F01_spline_0,-0.000635347694039209,False,False
2023-11-01,M2,mu5,F01_spline_1,0.0010222004588521572,False,False
2023-11-01,M2,mu5,F01_spline_2,-0.0006789978323834818,False,False
2023-11-01,M2,mu5,F02_spline_0,0.006122633828121234,False,False
2023-11-01,M2,mu5,F02_spline_1,-0.004734947965663176,False,False
2023-11-01,M2,mu5,F02_spline_2,0.0019226041465710345,False,False
2023-11-01,M2,mu5,F03_spline_0,-0.0033164066472932963,False,False
2023-11-01,M2,mu5,F03_spline_1,-0.00048219886346322874,False,False
2023-11-01,M2,mu5,F03_spline_2,0.0015724971656447834,False,False
2023-11-01,M2,mu5,F04_spline_0,-0.00459028632038848,False,False
2023-11-01,M2,mu5,F04_spline_1,-0.003112264264288395,False,False
2023-11-01,M2,mu5,F04_spline_2,-5.86859840229219e-05,False,False
2023-11-01,M2,mu5,I01,0.0004653322157789543,False,False
2023-11-01,M2,mu5,I02,0.00509186211194572,False,False
2023-11-01,M2,mu5,I03,0.001637101219088992,False,False
2023-11-01,M2,mu5,I04,0.0017203507738783558,False,False
2023-11-01,M2,mu5,I05,-0.007723512611552574,False,False
2023-11-01,M2,mu5,I06,-0.003606159025043187,False,False
2023-11-01,M2,q90,A01_spline_0,0.02455048798970147,False,False
2023-11-01,M2,q90,A01_spline_1,0.0,True,False
2023-11-01,M2,q90,A01_spline_2,0.0,True,False
2023-11-01,M2,q90,A02_spline_0,0.0,True,False
2023-11-01,M2,q90,A02_spline_1,0.0,True,False
2023-11-01,M2,q90,A02_spline_2,0.0,True,False
2023-11-01,M2,q90,A03_spline_0,0.004612844386471167,False,False
2023-11-01,M2,q90,A03_spline_1,0.0,True,False
2023-11-01,M2,q90,A03_spline_2,0.0,True,False
2023-11-01,M2,q90,A04_spline_0,-0.0011536704996517504,False,False
2023-11-01,M2,q90,A04_spline_1,0.0,True,False
2023-11-01,M2,q90,A04_spline_2,0.0,True,False
2023-11-01,M2,q90,A05_spline_0,0.0027717153875044024,False,False
2023-11-01,M2,q90,A05_spline_1,0.0,True,False
2023-11-01,M2,q90,A05_spline_2,-0.000870011048197255,False,False
2023-11-01,M2,q90,B01_spline_0,0.0,True,False
2023-11-01,M2,q90,B01_spline_1,0.0,True,False
2023-11-01,M2,q90,B01_spline_2,0.0,True,False
2023-11-01,M2,q90,B02_spline_0,0.0,True,False
2023-11-01,M2,q90,B02_spline_1,0.0,True,False
2023-11-01,M2,q90,B02_spline_2,0.0,True,False
2023-11-01,M2,q90,B03_spline_0,0.0,True,False
2023-11-01,M2,q90,B03_spline_1,0.0,True,False
2023-11-01,M2,q90,B03_spline_2,0.0,True,False
2023-11-01,M2,q90,C01_spline_0,0.0,True,False
2023-11-01,M2,q90,C01_spline_1,0.0,True,False
2023-11-01,M2,q90,C01_spline_2,0.008639163157240724,False,False
2023-11-01,M2,q90,C02_spline_0,-0.0014595799030482726,False,False
2023-11-01,M2,q90,C02_spline_1,0.0,True,False
2023-11-01,M2,q90,C02_spline_2,0.0,True,False
2023-11-01,M2,q90,C03_spline_0,0.0,True,False
2023-11-01,M2,q90,C03_spline_1,0.0,True,False
2023-11-01,M2,q90,C03_spline_2,0.0,True,False
2023-11-01,M2,q90,D01_spline_0,0.0,True,False
2023-11-01,M2,q90,D01_spline_1,0.0,True,False
2023-11-01,M2,q90,D01_spline_2,0.0,True,False
2023-11-01,M2,q90,D02_spline_0,0.011436222065984792,False,False
2023-11-01,M2,q90,D02_spline_1,0.0,True,False
2023-11-01,M2,q90,D02_spline_2,0.0,True,False
2023-11-01,M2,q90,D03_spline_0,0.0,True,False
2023-11-01,M2,q90,D03_spline_1,0.0,True,False
2023-11-01,M2,q90,D03_spline_2,0.0,True,False
2023-11-01,M2,q90,E01_spline_0,0.0,True,False
2023-11-01,M2,q90,E01_spline_1,0.0,True,False
2023-11-01,M2,q90,E01_spline_2,0.006673730886772483,False,False
2023-11-01,M2,q90,F01_spline_0,-0.002990535504570107,False,False
2023-11-01,M2,q90,F01_spline_1,0.0,True,False
2023-11-01,M2,q90,F01_spline_2,0.0,True,False
2023-11-01,M2,q90,F02_spline_0,0.0,True,False
2023-11-01,M2,q90,F02_spline_1,0.0,True,False
2023-11-01,M2,q90,F02_spline_2,0.002007282231117386,False,False
2023-11-01,M2,q90,F03_spline_0,0.0,True,False
2023-11-01,M2,q90,F03_spline_1,0.0,True,False
2023-11-01,M2,q90,F03_spline_2,0.0,True,False
2023-11-01,M2,q90,F04_spline_0,0.0,True,False
2023-11-01,M2,q90,F04_spline_1,0.0,True,False
2023-11-01,M2,q90,F04_spline_2,0.0,True,False
2023-11-01,M2,q90,I01,0.0,True,False
2023-11-01,M2,q90,I02,0.0,True,False
2023-11-01,M2,q90,I03,0.0,True,False
2023-11-01,M2,q90,I04,0.0,True,False
2023-11-01,M2,q90,I05,0.0,True,False
2023-11-01,M2,q90,I06,0.0,True,False
2023-11-01,M2,p10,A01_spline_0,0.5439108467169947,False,False
2023-11-01,M2,p10,A01_spline_1,-0.04847938107490891,False,False
2023-11-01,M2,p10,A01_spline_2,0.16162454706755003,False,False
2023-11-01,M2,p10,A02_spline_0,-0.17353382820992266,False,False
2023-11-01,M2,p10,A02_spline_1,0.10975611442127525,False,False
2023-11-01,M2,p10,A02_spline_2,-0.1321831766807748,False,False
2023-11-01,M2,p10,A03_spline_0,0.5439468671725628,False,False
2023-11-01,M2,p10,A03_spline_1,-0.08188361279204853,False,False
2023-11-01,M2,p10,A03_spline_2,-0.07914717850822398,False,False
2023-11-01,M2,p10,A04_spline_0,-0.17812888777947483,False,False
2023-11-01,M2,p10,A04_spline_1,-0.13857959275089984,False,False
2023-11-01,M2,p10,A04_spline_2,0.08130074322204088,False,False
2023-11-01,M2,p10,A05_spline_0,0.08934981911189835,False,False
2023-11-01,M2,p10,A05_spline_1,-0.07159420335908728,False,False
2023-11-01,M2,p10,A05_spline_2,0.08139978360378158,False,False
2023-11-01,M2,p10,B01_spline_0,-0.09835988947237219,False,False
2023-11-01,M2,p10,B01_spline_1,0.011211694667176194,False,False
2023-11-01,M2,p10,B01_spline_2,0.15183516140329995,False,False
2023-11-01,M2,p10,B02_spline_0,0.07753695976899087,False,False
2023-11-01,M2,p10,B02_spline_1,-0.040601403030653335,False,False
2023-11-01,M2,p10,B02_spline_2,-0.07770594948309023,False,False
2023-11-01,M2,p10,B03_spline_0,-0.40306318074618636,False,False
2023-11-01,M2,p10,B03_spline_1,-0.0827692227169795,False,False
2023-11-01,M2,p10,B03_spline_2,0.0665352761344582,False,False
2023-11-01,M2,p10,C01_spline_0,0.0313316330247973,False,False
2023-11-01,M2,p10,C01_spline_1,-0.03160199118811636,False,False
2023-11-01,M2,p10,C01_spline_2,0.20753913232417692,False,False
2023-11-01,M2,p10,C02_spline_0,-0.3825222645890559,False,False
2023-11-01,M2,p10,C02_spline_1,0.1948794493154565,False,False
2023-11-01,M2,p10,C02_spline_2,0.03991338989183905,False,False
2023-11-01,M2,p10,C03_spline_0,0.0033661608224878174,False,False
2023-11-01,M2,p10,C03_spline_1,0.10481685714136964,False,False
2023-11-01,M2,p10,C03_spline_2,-0.23081918240296986,False,False
2023-11-01,M2,p10,D01_spline_0,0.11415173077996357,False,False
2023-11-01,M2,p10,D01_spline_1,0.09313739311999876,False,False
2023-11-01,M2,p10,D01_spline_2,-0.10007436022476815,False,False
2023-11-01,M2,p10,D02_spline_0,0.2381868661656509,False,False
2023-11-01,M2,p10,D02_spline_1,-0.04770865894281175,False,False
2023-11-01,M2,p10,D02_spline_2,-0.002501118871575927,False,False
2023-11-01,M2,p10,D03_spline_0,-0.14471161077404782,False,False
2023-11-01,M2,p10,D03_spline_1,0.08002779866656526,False,False
2023-11-01,M2,p10,D03_spline_2,0.05232365297619515,False,False
2023-11-01,M2,p10,E01_spline_0,-0.0172733702267654,False,False
2023-11-01,M2,p10,E01_spline_1,-0.07581239433163894,False,False
2023-11-01,M2,p10,E01_spline_2,0.1577013146308352,False,False
2023-11-01,M2,p10,F01_spline_0,-0.01534349693297724,False,False
2023-11-01,M2,p10,F01_spline_1,-0.222239662718801,False,False
2023-11-01,M2,p10,F01_spline_2,0.12941689943834941,False,False
2023-11-01,M2,p10,F02_spline_0,-0.33985991563152146,False,False
2023-11-01,M2,p10,F02_spline_1,-0.043161500165921726,False,False
2023-11-01,M2,p10,F02_spline_2,0.019399027413503234,False,False
2023-11-01,M2,p10,F03_spline_0,0.2600656255994831,False,False
2023-11-01,M2,p10,F03_spline_1,-0.017150922063908555,False,False
2023-11-01,M2,p10,F03_spline_2,-0.018944414524257484,False,False
2023-11-01,M2,p10,F04_spline_0,0.17218435623874154,False,False
2023-11-01,M2,p10,F04_spline_1,0.050819002834345935,False,False
2023-11-01,M2,p10,F04_spline_2,0.012376341143845811,False,False
2023-11-01,M2,p10,I01,-0.11872313882627046,False,False
2023-11-01,M2,p10,I02,-0.0019131260975402543,False,False
2023-11-01,M2,p10,I03,-0.07279233459435791,False,False
2023-11-01,M2,p10,I04,-0.16460383222746586,False,False
2023-11-01,M2,p10,I05,0.26242686735681975,False,False
2023-11-01,M2,p10,I06,-0.003372035034435073,False,False
2023-12-01,M1,mu5,A01,0.008734899604104573,False,False
2023-12-01,M1,mu5,A02,0.0031312917509552347,False,False
2023-12-01,M1,mu5,A03,0.005404664037462138,False,False
2023-12-01,M1,mu5,A04,-0.003253828446712921,False,False
2023-12-01,M1,mu5,A05,0.003787090354099299,False,False
2023-12-01,M1,mu5,B01,0.007515889211622511,False,False
2023-12-01,M1,mu5,B02,0.0031926110544692513,False,False
2023-12-01,M1,mu5,B03,-0.0005866234846091681,False,False
2023-12-01,M1,mu5,C01,-0.0014847103018381885,False,False
2023-12-01,M1,mu5,C02,0.004585719792658385,False,False
2023-12-01,M1,mu5,C03,0.0004407295324817404,False,False
2023-12-01,M1,mu5,D01,0.0015331030875070297,False,False
2023-12-01,M1,mu5,D02,-0.0005966176398366988,False,False
2023-12-01,M1,mu5,D03,0.004054765349173464,False,False
2023-12-01,M1,mu5,E01,-0.001559875228748472,False,False
2023-12-01,M1,mu5,F01,-0.0006870678015577532,False,False
2023-12-01,M1,mu5,F02,0.003984597757053575,False,False
2023-12-01,M1,mu5,F03,0.0019007789990046929,False,False
2023-12-01,M1,mu5,F04,0.00454090803865748,False,False
2023-12-01,M1,q90,A01,0.0,True,False
2023-12-01,M1,q90,A02,0.0,True,False
2023-12-01,M1,q90,A03,-0.0036418024334769366,False,False
2023-12-01,M1,q90,A04,0.0,True,False
2023-12-01,M1,q90,A05,0.0,True,False
2023-12-01,M1,q90,B01,0.0,True,False
2023-12-01,M1,q90,B02,0.0,True,False
2023-12-01,M1,q90,B03,0.0,True,False
2023-12-01,M1,q90,C01,0.008459725520937055,False,False
2023-12-01,M1,q90,C02,0.0,True,False
2023-12-01,M1,q90,C03,0.0,True,False
2023-12-01,M1,q90,D01,0.0,True,False
2023-12-01,M1,q90,D02,0.0,True,False
2023-12-01,M1,q90,D03,-0.001984943442695987,False,False
2023-12-01,M1,q90,E01,0.0,True,False
2023-12-01,M1,q90,F01,0.0,True,False
2023-12-01,M1,q90,F02,0.0,True,False
2023-12-01,M1,q90,F03,-0.012792725318604658,False,False
2023-12-01,M1,q90,F04,0.0,True,False
2023-12-01,M1,p10,A01,-0.2896425998486813,False,False
2023-12-01,M1,p10,A02,-0.16345501243446883,False,False
2023-12-01,M1,p10,A03,-0.3377147935787098,False,False
2023-12-01,M1,p10,A04,0.23470672782511348,False,False
2023-12-01,M1,p10,A05,0.027960391478038433,False,False
2023-12-01,M1,p10,B01,-0.04174337017753411,False,False
2023-12-01,M1,p10,B02,-0.18172243239468128,False,False
2023-12-01,M1,p10,B03,0.356516690344152,False,False
2023-12-01,M1,p10,C01,0.12157844244667165,False,False
2023-12-01,M1,p10,C02,-0.19917162877222758,False,False
2023-12-01,M1,p10,C03,-0.00296935256085629,False,False
2023-12-01,M1,p10,D01,0.02786761017346462,False,False
2023-12-01,M1,p10,D02,-0.1877332762078938,False,False
2023-12-01,M1,p10,D03,-0.27390062071405324,False,False
2023-12-01,M1,p10,E01,0.13845404228380126,False,False
2023-12-01,M1,p10,F01,0.16204068384906367,False,False
2023-12-01,M1,p10,F02,0.09110700229335156,False,False
2023-12-01,M1,p10,F03,-0.18981433013765456,False,False
2023-12-01,M1,p10,F04,-0.0700449622512419,False,False
2023-12-01,M2,mu5,A01_spline_0,-0.021359276245033774,False,False
2023-12-01,M2,mu5,A01_spline_1,0.0014101273029115775,False,False
2023-12-01,M2,mu5,A01_spline_2,-0.0026080064957380764,False,False
2023-12-01,M2,mu5,A02_spline_0,0.0050069882083333735,False,False
2023-12-01,M2,mu5,A02_spline_1,-0.001507543417598096,False,False
2023-12-01,M2,mu5,A02_spline_2,0.004732590712659518,False,False
2023-12-01,M2,mu5,A03_spline_0,-0.009366272736876992,False,False
2023-12-01,M2,mu5,A03_spline_1,0.004848815654380258,False,False
2023-12-01,M2,mu5,A03_spline_2,0.00211737057802885,False,False
2023-12-01,M2,mu5,A04_spline_0,0.00242646959376501,False,False
2023-12-01,M2,mu5,A04_spline_1,0.003581353110929251,False,False
2023-12-01,M2,mu5,A04_spline_2,-0.0009178872268643456,False,False
2023-12-01,M2,mu5,A05_spline_0,-0.0040188208620847285,False,False
2023-12-01,M2,mu5,A05_spline_1,-0.0002688923623307773,False,False
2023-12-01,M2,mu5,A05_spline_2,0.0006824490951397494,False,False
2023-12-01,M2,mu5,B01_spline_0,-0.002985988543131003,False,False
2023-12-01,M2,mu5,B01_spline_1,-0.004575132168431943,False,False
2023-12-01,M2,mu5,B01_spline_2,-0.0005082228016686269,False,False
2023-12-01,M2,mu5,B02_spline_0,-0.0011725551211682497,False,False
2023-12-01,M2,mu5,B02_spline_1,0.0013090568958715387,False,False
2023-12-01,M2,mu5,B02_spline_2,0.0008105538399135713,False,False
2023-12-01,M2,mu5,B03_spline_0,0.004062253387348647,False,False
2023-12-01,M2,mu5,B03_spline_1,0.000642523572555718,False,False
2023-12-01,M2,mu5,B03_spline_2,0.002105739398119218,False,False
2023-12-01,M2,mu5,C01_spline_0,-0.00126982052394528,False,False
2023-12-01,M2,mu5,C01_spline_1,-0.0025824677925030595,False,False
2023-12-01,M2,mu5,C01_spline_2,-0.0058542749622173765,False,False
2023-12-01,M2,mu5,C02_spline_0,0.0038739755930057808,False,False
2023-12-01,M2,mu5,C02_spline_1,-0.005321568175086548,False,False
2023-12-01,M2,mu5,C02_spline_2,-0.001762715409799725,False,False
2023-12-01,M2,mu5,C03_spline_0,-0.003755572898341793,False,False
2023-12-01,M2,mu5,C03_spline_1,-0.0014344482904789535,False,False
2023-12-01,M2,mu5,C03_spline_2,0.003354932065747419,False,False
2023-12-01,M2,mu5,D01_spline_0,-0.005085484936006707,False,False
2023-12-01,M2,mu5,D01_spline_1,-0.0014589660404155389,False,False
2023-12-01,M2,mu5,D01_spline_2,-0.0012851530614863375,False,False
2023-12-01,M2,mu5,D02_spline_0,-0.0014937861522287378,False,False
2023-12-01,M2,mu5,D02_spline_1,8.162401865493846e-05,False,False
2023-12-01,M2,mu5,D02_spline_2,-0.00579446036812391,False,False
2023-12-01,M2,mu5,D03_spline_0,0.000563498791710838,False,False
2023-12-01,M2,mu5,D03_spline_1,0.0008117941866810268,False,False
2023-12-01,M2,mu5,D03_spline_2,0.00023816565445778986,False,False
2023-12-01,M2,mu5,E01_spline_0,0.0023554927029840918,False,False
2023-12-01,M2,mu5,E01_spline_1,-0.0005366442030019891,False,False
2023-12-01,M2,mu5,E01_spline_2,-0.006225035049070181,False,False
2023-12-01,M2,mu5,F01_spline_0,-0.0005029374092192986,False,False
2023-12-01,M2,mu5,F01_spline_1,0.0012540594671318888,False,False
2023-12-01,M2,mu5,F01_spline_2,-0.0012660466176769962,False,False
2023-12-01,M2,mu5,F02_spline_0,0.00599028273854905,False,False
2023-12-01,M2,mu5,F02_spline_1,-0.004770979316434171,False,False
2023-12-01,M2,mu5,F02_spline_2,0.0015472311230905428,False,False
2023-12-01,M2,mu5,F03_spline_0,-0.0034429100092014577,False,False
2023-12-01,M2,mu5,F03_spline_1,-0.0007197460256782914,False,False
2023-12-01,M2,mu5,F03_spline_2,0.0017840179732119001,False,False
2023-12-01,M2,mu5,F04_spline_0,-0.004809110346586282,False,False
2023-12-01,M2,mu5,F04_spline_1,-0.003439916297405825,False,False
2023-12-01,M2,mu5,F04_spline_2,0.00041153999098680937,False,False
2023-12-01,M2,mu5,I01,0.001105907986004821,False,False
2023-12-01,M2,mu5,I02,0.004982751356085429,False,False
2023-12-01,M2,mu5,I03,0.0013070181060435512,False,False
2023-12-01,M2,mu5,I04,0.001975356984308274,False,False
2023-12-01,M2,mu5,I05,-0.008233466559016918,False,False
2023-12-01,M2,mu5,I06,-0.0038780726704574528,False,False
2023-12-01,M2,q90,A01_spline_0,0.024668643105915464,False,False
2023-12-01,M2,q90,A01_spline_1,0.0,True,False
2023-12-01,M2,q90,A01_spline_2,0.0,True,False
2023-12-01,M2,q90,A02_spline_0,0.0,True,False
2023-12-01,M2,q90,A02_spline_1,0.0009249911267500531,False,False
2023-12-01,M2,q90,A02_spline_2,0.0,True,False
2023-12-01,M2,q90,A03_spline_0,0.004637689008424181,False,False
2023-12-01,M2,q90,A03_spline_1,0.0,True,False
2023-12-01,M2,q90,A03_spline_2,0.0,True,False
2023-12-01,M2,q90,A04_spline_0,-0.0017608142717525645,False,False
2023-12-01,M2,q90,A04_spline_1,0.0,True,False
2023-12-01,M2,q90,A04_spline_2,0.00015021128347301552,False,False
2023-12-01,M2,q90,A05_spline_0,0.002958226815078274,False,False
2023-12-01,M2,q90,A05_spline_1,0.0,True,False
2023-12-01,M2,q90,A05_spline_2,-0.0008109739105464466,False,False
2023-12-01,M2,q90,B01_spline_0,0.0,True,False
2023-12-01,M2,q90,B01_spline_1,0.0,True,False
2023-12-01,M2,q90,B01_spline_2,0.0,True,False
2023-12-01,M2,q90,B02_spline_0,0.0,True,False
2023-12-01,M2,q90,B02_spline_1,0.0,True,False
2023-12-01,M2,q90,B02_spline_2,0.0,True,False
2023-12-01,M2,q90,B03_spline_0,0.0,True,False
2023-12-01,M2,q90,B03_spline_1,0.0,True,False
2023-12-01,M2,q90,B03_spline_2,0.0,True,False
2023-12-01,M2,q90,C01_spline_0,0.0,True,False
2023-12-01,M2,q90,C01_spline_1,0.0,True,False
2023-12-01,M2,q90,C01_spline_2,0.008684836180804319,False,False
2023-12-01,M2,q90,C02_spline_0,-0.0008084223848525688,False,False
2023-12-01,M2,q90,C02_spline_1,0.0,True,False
2023-12-01,M2,q90,C02_spline_2,0.0,True,False
2023-12-01,M2,q90,C03_spline_0,0.0,True,False
2023-12-01,M2,q90,C03_spline_1,0.0,True,False
2023-12-01,M2,q90,C03_spline_2,0.0,True,False
2023-12-01,M2,q90,D01_spline_0,0.0,True,False
2023-12-01,M2,q90,D01_spline_1,0.0,True,False
2023-12-01,M2,q90,D01_spline_2,0.0,True,False
2023-12-01,M2,q90,D02_spline_0,0.010841614190158421,False,False
2023-12-01,M2,q90,D02_spline_1,0.0,True,False
2023-12-01,M2,q90,D02_spline_2,0.0,True,False
2023-12-01,M2,q90,D03_spline_0,0.0,True,False
2023-12-01,M2,q90,D03_spline_1,0.0,True,False
2023-12-01,M2,q90,D03_spline_2,0.0,True,False
2023-12-01,M2,q90,E01_spline_0,0.0,True,False
2023-12-01,M2,q90,E01_spline_1,0.0,True,False
2023-12-01,M2,q90,E01_spline_2,0.0066582106029640445,False,False
2023-12-01,M2,q90,F01_spline_0,-0.003039533567076916,False,False
2023-12-01,M2,q90,F01_spline_1,0.0,True,False
2023-12-01,M2,q90,F01_spline_2,0.0,True,False
2023-12-01,M2,q90,F02_spline_0,0.0,True,False
2023-12-01,M2,q90,F02_spline_1,0.0,True,False
2023-12-01,M2,q90,F02_spline_2,0.0018337367290704896,False,False
2023-12-01,M2,q90,F03_spline_0,0.0,True,False
2023-12-01,M2,q90,F03_spline_1,0.0,True,False
2023-12-01,M2,q90,F03_spline_2,0.0,True,False
2023-12-01,M2,q90,F04_spline_0,0.0,True,False
2023-12-01,M2,q90,F04_spline_1,0.0,True,False
2023-12-01,M2,q90,F04_spline_2,0.0,True,False
2023-12-01,M2,q90,I01,0.0,True,False
2023-12-01,M2,q90,I02,0.0,True,False
2023-12-01,M2,q90,I03,0.0,True,False
2023-12-01,M2,q90,I04,0.0,True,False
2023-12-01,M2,q90,I05,0.0,True,False
2023-12-01,M2,q90,I06,0.0,True,False
2023-12-01,M2,p10,A01_spline_0,0.5441315400409128,False,False
2023-12-01,M2,p10,A01_spline_1,-0.047464651158980416,False,False
2023-12-01,M2,p10,A01_spline_2,0.16017724674591582,False,False
2023-12-01,M2,p10,A02_spline_0,-0.17420802183873826,False,False
2023-12-01,M2,p10,A02_spline_1,0.12271392254992478,False,False
2023-12-01,M2,p10,A02_spline_2,-0.1294487965294918,False,False
2023-12-01,M2,p10,A03_spline_0,0.5459256348181742,False,False
2023-12-01,M2,p10,A03_spline_1,-0.0926327286175969,False,False
2023-12-01,M2,p10,A03_spline_2,-0.07821005296505038,False,False
2023-12-01,M2,p10,A04_spline_0,-0.1803622289197022,False,False
2023-12-01,M2,p10,A04_spline_1,-0.1379831359484252,False,False
2023-12-01,M2,p10,A04_spline_2,0.08155287430156348,False,False
2023-12-01,M2,p10,A05_spline_0,0.09016127174971991,False,False
2023-12-01,M2,p10,A05_spline_1,-0.0620274322850655,False,False
2023-12-01,M2,p10,A05_spline_2,0.08349968231634824,False,False
2023-12-01,M2,p10,B01_spline_0,-0.10263682484046438,False,False
2023-12-01,M2,p10,B01_spline_1,0.006159472872126204,False,False
2023-12-01,M2,p10,B01_spline_2,0.15825588506188568,False,False
2023-12-01,M2,p10,B02_spline_0,0.07445246525624222,False,False
2023-12-01,M2,p10,B02_spline_1,-0.04248474171831481,False,False
2023-12-01,M2,p10,B02_spline_2,-0.07502879054193921,False,False
2023-12-01,M2,p10,B03_spline_0,-0.39795592968460686,False,False
2023-12-01,M2,p10,B03_spline_1,-0.08777586206788358,False,False
2023-12-01,M2,p10,B03_spline_2,0.0682017859049379,False,False
2023-12-01,M2,p10,C01_spline_0,0.030166942391825075,False,False
2023-12-01,M2,p10,C01_spline_1,-0.037362138842849585,False,False
2023-12-01,M2,p10,C01_spline_2,0.21278349278928274,False,False
2023-12-01,M2,p10,C02_spline_0,-0.38033595801415565,False,False
2023-12-01,M2,p10,C02_spline_1,0.19332152400484573,False,False
2023-12-01,M2,p10,C02_spline_2,0.04264802530920383,False,False
2023-12-01,M2,p10,C03_spline_0,0.00174972092717867,False,False
2023-12-01,M2,p10,C03_spline_1,0.10880379085860015,False,False
2023-12-01,M2,p10,C03_spline_2,-0.2348638833391419,False,False
2023-12-01,M2,p10,D01_spline_0,0.1195226302097925,False,False
2023-12-01,M2,p10,D01_spline_1,0.09291444493963578,False,False
2023-12-01,M2,p10,D01_spline_2,-0.10371347611276617,False,False
2023-12-01,M2,p10,D02_spline_0,0.2416388117289877,False,False
2023-12-01,M2,p10,D02_spline_1,-0.0526215296332753,False,False
2023-12-01,M2,p10,D02_spline_2,0.000481491460701988,False,False
2023-12-01,M2,p10,D03_spline_0,-0.1431152153994017,False,False
2023-12-01,M2,p10,D03_spline_1,0.07543016321812566,False,False
2023-12-01,M2,p10,D03_spline_2,0.054193439480365396,False,False
2023-12-01,M2,p10,E01_spline_0,-0.017937624750682377,False,False
2023-12-01,M2,p10,E01_spline_1,-0.07345785375595795,False,False
2023-12-01,M2,p10,E01_spline_2,0.15817118116383855,False,False
2023-12-01,M2,p10,F01_spline_0,-0.015325835296151807,False,False
2023-12-01,M2,p10,F01_spline_1,-0.21884256886220346,False,False
2023-12-01,M2,p10,F01_spline_2,0.12790935215238014,False,False
2023-12-01,M2,p10,F02_spline_0,-0.3415643582343112,False,False
2023-12-01,M2,p10,F02_spline_1,-0.04547215437102617,False,False
2023-12-01,M2,p10,F02_spline_2,0.023313590354704573,False,False
2023-12-01,M2,p10,F03_spline_0,0.26243836134228493,False,False
2023-12-01,M2,p10,F03_spline_1,-0.013607902140661585,False,False
2023-12-01,M2,p10,F03_spline_2,-0.018756555494484087,False,False
2023-12-01,M2,p10,F04_spline_0,0.17844558023718168,False,False
2023-12-01,M2,p10,F04_spline_1,0.05274197973964951,False,False
2023-12-01,M2,p10,F04_spline_2,0.006586821528372401,False,False
2023-12-01,M2,p10,I01,-0.12080013537290805,False,False
2023-12-01,M2,p10,I02,-0.005053641981233388,False,False
2023-12-01,M2,p10,I03,-0.06759653526784641,False,False
2023-12-01,M2,p10,I04,-0.16429047003998676,False,False
2023-12-01,M2,p10,I05,0.2670380209531467,False,False
2023-12-01,M2,p10,I06,-0.004097531939101928,False,False
