model,method,as_of_session,decision_session,p10,group,Y10
M0,equal_width,2020-09-10,2020-09-11,0.0885286783042394,1,0
M0,equal_width,2020-09-11,2020-09-14,0.0885286783042394,1,0
M0,equal_width,2020-09-14,2020-09-15,0.0885286783042394,1,0
M0,equal_width,2020-09-15,2020-09-16,0.0885286783042394,1,0
M0,equal_width,2020-09-16,2020-09-17,0.0885286783042394,1,0
M0,equal_width,2020-09-17,2020-09-18,0.0885286783042394,1,0
M0,equal_width,2020-09-18,2020-09-21,0.0885286783042394,1,0
M0,equal_width,2020-09-21,2020-09-22,0.0885286783042394,1,0
M0,equal_width,2020-09-22,2020-09-23,0.0885286783042394,1,0
M0,equal_width,2020-09-23,2020-09-24,0.0885286783042394,1,0
M0,equal_width,2020-09-24,2020-09-25,0.0885286783042394,1,0
M0,equal_width,2020-09-25,2020-09-28,0.0885286783042394,1,0
M0,equal_width,2020-09-28,2020-09-29,0.0885286783042394,1,0
M0,equal_width,2020-09-29,2020-09-30,0.0885286783042394,1,0
M0,equal_width,2020-09-30,2020-10-01,0.0855421686746988,1,0
M0,equal_width,2020-10-01,2020-10-02,0.0855421686746988,1,0
M0,equal_width,2020-10-02,2020-10-05,0.0855421686746988,1,0
M0,equal_width,2020-10-05,2020-10-06,0.0855421686746988,1,0
M0,equal_width,2020-10-06,2020-10-07,0.0855421686746988,1,0
M0,equal_width,2020-10-07,2020-10-08,0.0855421686746988,1,0
M0,equal_width,2020-10-08,2020-10-09,0.0855421686746988,1,0
M0,equal_width,2020-10-09,2020-10-12,0.0855421686746988,1,0
M0,equal_width,2020-10-12,2020-10-13,0.0855421686746988,1,0
M0,equal_width,2020-10-13,2020-10-14,0.0855421686746988,1,0
M0,equal_width,2020-10-14,2020-10-15,0.0855421686746988,1,0
M0,equal_width,2020-10-15,2020-10-16,0.0855421686746988,1,0
M0,equal_width,2020-10-16,2020-10-19,0.0855421686746988,1,0
M0,equal_width,2020-10-19,2020-10-20,0.0855421686746988,1,0
M0,equal_width,2020-10-20,2020-10-21,0.0855421686746988,1,1
M0,equal_width,2020-10-21,2020-10-22,0.0855421686746988,1,1
M0,equal_width,2020-10-22,2020-10-23,0.0855421686746988,1,1
M0,equal_width,2020-10-23,2020-10-26,0.0855421686746988,1,0
M0,equal_width,2020-10-26,2020-10-27,0.0855421686746988,1,0
M0,equal_width,2020-10-27,2020-10-28,0.0855421686746988,1,0
M0,equal_width,2020-10-28,2020-10-29,0.0855421686746988,1,0
M0,equal_width,2020-10-29,2020-10-30,0.0855421686746988,1,0
M0,equal_width,2020-10-30,2020-11-02,0.08810068649885582,1,0
M0,equal_width,2020-11-02,2020-11-03,0.08810068649885582,1,0
M0,equal_width,2020-11-03,2020-11-04,0.08810068649885582,1,0
M0,equal_width,2020-11-04,2020-11-05,0.08810068649885582,1,0
M0,equal_width,2020-11-05,2020-11-06,0.08810068649885582,1,0
M0,equal_width,2020-11-06,2020-11-09,0.08810068649885582,1,0
M0,equal_width,2020-11-09,2020-11-10,0.08810068649885582,1,0
M0,equal_width,2020-11-10,2020-11-11,0.08810068649885582,1,0
M0,equal_width,2020-11-11,2020-11-12,0.08810068649885582,1,0
M0,equal_width,2020-11-12,2020-11-13,0.08810068649885582,1,0
M0,equal_width,2020-11-13,2020-11-16,0.08810068649885582,1,0
M0,equal_width,2020-11-16,2020-11-17,0.08810068649885582,1,0
M0,equal_width,2020-11-17,2020-11-18,0.08810068649885582,1,0
M0,equal_width,2020-11-18,2020-11-19,0.08810068649885582,1,0
M0,equal_width,2020-11-19,2020-11-20,0.08810068649885582,1,0
M0,equal_width,2020-11-20,2020-11-23,0.08810068649885582,1,0
M0,equal_width,2020-11-23,2020-11-24,0.08810068649885582,1,0
M0,equal_width,2020-11-24,2020-11-25,0.08810068649885582,1,0
M0,equal_width,2020-11-25,2020-11-27,0.08810068649885582,1,0
M0,equal_width,2020-11-27,2020-11-30,0.08810068649885582,1,0
M0,equal_width,2020-11-30,2020-12-01,0.08424507658643328,1,0
M0,equal_width,2020-12-01,2020-12-02,0.08424507658643328,1,0
M0,equal_width,2020-12-02,2020-12-03,0.08424507658643328,1,0
M0,equal_width,2020-12-03,2020-12-04,0.08424507658643328,1,0
M0,equal_width,2020-12-04,2020-12-07,0.08424507658643328,1,0
M0,equal_width,2020-12-07,2020-12-08,0.08424507658643328,1,0
M0,equal_width,2020-12-08,2020-12-09,0.08424507658643328,1,0
M0,equal_width,2020-12-09,2020-12-10,0.08424507658643328,1,0
M0,equal_width,2020-12-10,2020-12-11,0.08424507658643328,1,0
M0,equal_width,2020-12-11,2020-12-14,0.08424507658643328,1,0
M0,equal_width,2020-12-14,2020-12-15,0.08424507658643328,1,0
M0,equal_width,2020-12-15,2020-12-16,0.08424507658643328,1,0
M0,equal_width,2020-12-16,2020-12-17,0.08424507658643328,1,0
M0,equal_width,2020-12-17,2020-12-18,0.08424507658643328,1,0
M0,equal_width,2020-12-18,2020-12-21,0.08424507658643328,1,0
M0,equal_width,2020-12-21,2020-12-22,0.08424507658643328,1,0
M0,equal_width,2020-12-22,2020-12-23,0.08424507658643328,1,0
M0,equal_width,2020-12-23,2020-12-24,0.08424507658643328,1,0
M0,equal_width,2020-12-24,2020-12-28,0.08424507658643328,1,0
M0,equal_width,2020-12-28,2020-12-29,0.08424507658643328,1,0
M0,equal_width,2020-12-29,2020-12-30,0.08424507658643328,1,0
M0,equal_width,2020-12-30,2020-12-31,0.08424507658643328,1,0
M0,equal_width,2020-12-31,2021-01-04,0.08037578288100208,1,0
M0,equal_width,2021-01-04,2021-01-05,0.08037578288100208,1,0
M0,equal_width,2021-01-05,2021-01-06,0.08037578288100208,1,0
M0,equal_width,2021-01-06,2021-01-07,0.08037578288100208,1,0
M0,equal_width,2021-01-07,2021-01-08,0.08037578288100208,1,0
M0,equal_width,2021-01-08,2021-01-11,0.08037578288100208,1,0
M0,equal_width,2021-01-11,2021-01-12,0.08037578288100208,1,0
M0,equal_width,2021-01-12,2021-01-13,0.08037578288100208,1,0
M0,equal_width,2021-01-13,2021-01-14,0.08037578288100208,1,0
M0,equal_width,2021-01-14,2021-01-15,0.08037578288100208,1,0
M0,equal_width,2021-01-15,2021-01-19,0.08037578288100208,1,0
M0,equal_width,2021-01-19,2021-01-20,0.08037578288100208,1,1
M0,equal_width,2021-01-20,2021-01-21,0.08037578288100208,1,1
M0,equal_width,2021-01-21,2021-01-22,0.08037578288100208,1,1
M0,equal_width,2021-01-22,2021-01-25,0.08037578288100208,1,1
M0,equal_width,2021-01-25,2021-01-26,0.08037578288100208,1,1
M0,equal_width,2021-01-26,2021-01-27,0.08037578288100208,1,0
M0,equal_width,2021-01-27,2021-01-28,0.08037578288100208,1,0
M0,equal_width,2021-01-28,2021-01-29,0.08037578288100208,1,0
M0,equal_width,2021-01-29,2021-02-01,0.08333333333333331,1,0
M0,equal_width,2021-02-01,2021-02-02,0.08333333333333331,1,0
M0,equal_width,2021-02-02,2021-02-03,0.08333333333333331,1,0
M0,equal_width,2021-02-03,2021-02-04,0.08333333333333331,1,0
M0,equal_width,2021-02-04,2021-02-05,0.08333333333333331,1,0
M0,equal_width,2021-02-05,2021-02-08,0.08333333333333331,1,0
M0,equal_width,2021-02-08,2021-02-09,0.08333333333333331,1,0
M0,equal_width,2021-02-09,2021-02-10,0.08333333333333331,1,0
M0,equal_width,2021-02-10,2021-02-11,0.08333333333333331,1,0
M0,equal_width,2021-02-11,2021-02-12,0.08333333333333331,1,0
M0,equal_width,2021-02-12,2021-02-16,0.08333333333333331,1,0
M0,equal_width,2021-02-16,2021-02-17,0.08333333333333331,1,0
M0,equal_width,2021-02-17,2021-02-18,0.08333333333333331,1,0
M0,equal_width,2021-02-18,2021-02-19,0.08333333333333331,1,0
M0,equal_width,2021-02-19,2021-02-22,0.08333333333333331,1,0
M0,equal_width,2021-02-22,2021-02-23,0.08333333333333331,1,0
M0,equal_width,2021-02-23,2021-02-24,0.08333333333333331,1,0
M0,equal_width,2021-02-24,2021-02-25,0.08333333333333331,1,0
M0,equal_width,2021-02-25,2021-02-26,0.08333333333333331,1,0
M0,equal_width,2021-02-26,2021-03-01,0.08413926499032882,1,0
M0,equal_width,2021-03-01,2021-03-02,0.08413926499032882,1,0
M0,equal_width,2021-03-02,2021-03-03,0.08413926499032882,1,0
M0,equal_width,2021-03-03,2021-03-04,0.08413926499032882,1,0
M0,equal_width,2021-03-04,2021-03-05,0.08413926499032882,1,0
M0,equal_width,2021-03-05,2021-03-08,0.08413926499032882,1,0
M0,equal_width,2021-03-08,2021-03-09,0.08413926499032882,1,0
M0,equal_width,2021-03-09,2021-03-10,0.08413926499032882,1,0
M0,equal_width,2021-03-10,2021-03-11,0.08413926499032882,1,0
M0,equal_width,2021-03-11,2021-03-12,0.08413926499032882,1,0
M0,equal_width,2021-03-12,2021-03-15,0.08413926499032882,1,0
M0,equal_width,2021-03-15,2021-03-16,0.08413926499032882,1,0
M0,equal_width,2021-03-16,2021-03-17,0.08413926499032882,1,0
M0,equal_width,2021-03-17,2021-03-18,0.08413926499032882,1,0
M0,equal_width,2021-03-18,2021-03-19,0.08413926499032882,1,0
M0,equal_width,2021-03-19,2021-03-22,0.08413926499032882,1,0
M0,equal_width,2021-03-22,2021-03-23,0.08413926499032882,1,0
M0,equal_width,2021-03-23,2021-03-24,0.08413926499032882,1,0
M0,equal_width,2021-03-24,2021-03-25,0.08413926499032882,1,0
M0,equal_width,2021-03-25,2021-03-26,0.08413926499032882,1,0
M0,equal_width,2021-03-26,2021-03-29,0.08413926499032882,1,0
M0,equal_width,2021-03-29,2021-03-30,0.08413926499032882,1,0
M0,equal_width,2021-03-30,2021-03-31,0.08413926499032882,1,0
M0,equal_width,2021-03-31,2021-04-01,0.08055555555555556,1,0
M0,equal_width,2021-04-01,2021-04-05,0.08055555555555556,1,0
M0,equal_width,2021-04-05,2021-04-06,0.08055555555555556,1,0
M0,equal_width,2021-04-06,2021-04-07,0.08055555555555556,1,0
M0,equal_width,2021-04-07,2021-04-08,0.08055555555555556,1,0
M0,equal_width,2021-04-08,2021-04-09,0.08055555555555556,1,0
M0,equal_width,2021-04-09,2021-04-12,0.08055555555555556,1,0
M0,equal_width,2021-04-12,2021-04-13,0.08055555555555556,1,0
M0,equal_width,2021-04-13,2021-04-14,0.08055555555555556,1,0
M0,equal_width,2021-04-14,2021-04-15,0.08055555555555556,1,0
M0,equal_width,2021-04-15,2021-04-16,0.08055555555555556,1,0
M0,equal_width,2021-04-16,2021-04-19,0.08055555555555556,1,0
M0,equal_width,2021-04-19,2021-04-20,0.08055555555555556,1,0
M0,equal_width,2021-04-20,2021-04-21,0.08055555555555556,1,0
M0,equal_width,2021-04-21,2021-04-22,0.08055555555555556,1,0
M0,equal_width,2021-04-22,2021-04-23,0.08055555555555556,1,0
M0,equal_width,2021-04-23,2021-04-26,0.08055555555555556,1,0
M0,equal_width,2021-04-26,2021-04-27,0.08055555555555556,1,0
M0,equal_width,2021-04-27,2021-04-28,0.08055555555555556,1,0
M0,equal_width,2021-04-28,2021-04-29,0.08055555555555556,1,0
M0,equal_width,2021-04-29,2021-04-30,0.08055555555555556,1,0
M0,equal_width,2021-04-30,2021-05-03,0.07754010695187168,1,0
M0,equal_width,2021-05-03,2021-05-04,0.07754010695187168,1,0
M0,equal_width,2021-05-04,2021-05-05,0.07754010695187168,1,1
M0,equal_width,2021-05-05,2021-05-06,0.07754010695187168,1,1
M0,equal_width,2021-05-06,2021-05-07,0.07754010695187168,1,1
M0,equal_width,2021-05-07,2021-05-10,0.07754010695187168,1,1
M0,equal_width,2021-05-10,2021-05-11,0.07754010695187168,1,0
M0,equal_width,2021-05-11,2021-05-12,0.07754010695187168,1,0
M0,equal_width,2021-05-12,2021-05-13,0.07754010695187168,1,0
M0,equal_width,2021-05-13,2021-05-14,0.07754010695187168,1,0
M0,equal_width,2021-05-14,2021-05-17,0.07754010695187168,1,0
M0,equal_width,2021-05-17,2021-05-18,0.07754010695187168,1,0
M0,equal_width,2021-05-18,2021-05-19,0.07754010695187168,1,0
M0,equal_width,2021-05-19,2021-05-20,0.07754010695187168,1,0
M0,equal_width,2021-05-20,2021-05-21,0.07754010695187168,1,0
M0,equal_width,2021-05-21,2021-05-24,0.07754010695187168,1,0
M0,equal_width,2021-05-24,2021-05-25,0.07754010695187168,1,0
M0,equal_width,2021-05-25,2021-05-26,0.07754010695187168,1,0
M0,equal_width,2021-05-26,2021-05-27,0.07754010695187168,1,0
M0,equal_width,2021-05-27,2021-05-28,0.07754010695187168,1,0
M0,equal_width,2021-05-28,2021-06-01,0.0817555938037866,1,0
M0,equal_width,2021-06-01,2021-06-02,0.0817555938037866,1,0
M0,equal_width,2021-06-02,2021-06-03,0.0817555938037866,1,0
M0,equal_width,2021-06-03,2021-06-04,0.0817555938037866,1,0
M0,equal_width,2021-06-04,2021-06-07,0.0817555938037866,1,0
M0,equal_width,2021-06-07,2021-06-08,0.0817555938037866,1,0
M0,equal_width,2021-06-08,2021-06-09,0.0817555938037866,1,0
M0,equal_width,2021-06-09,2021-06-10,0.0817555938037866,1,0
M0,equal_width,2021-06-10,2021-06-11,0.0817555938037866,1,0
M0,equal_width,2021-06-11,2021-06-14,0.0817555938037866,1,0
M0,equal_width,2021-06-14,2021-06-15,0.0817555938037866,1,0
M0,equal_width,2021-06-15,2021-06-16,0.0817555938037866,1,0
M0,equal_width,2021-06-16,2021-06-17,0.0817555938037866,1,0
M0,equal_width,2021-06-17,2021-06-18,0.0817555938037866,1,0
M0,equal_width,2021-06-18,2021-06-21,0.0817555938037866,1,0
M0,equal_width,2021-06-21,2021-06-22,0.0817555938037866,1,0
M0,equal_width,2021-06-22,2021-06-23,0.0817555938037866,1,0
M0,equal_width,2021-06-23,2021-06-24,0.0817555938037866,1,0
M0,equal_width,2021-06-24,2021-06-25,0.0817555938037866,1,0
M0,equal_width,2021-06-25,2021-06-28,0.0817555938037866,1,0
M0,equal_width,2021-06-28,2021-06-29,0.0817555938037866,1,0
M0,equal_width,2021-06-29,2021-06-30,0.0817555938037866,1,0
M0,equal_width,2021-06-30,2021-07-01,0.07877280265339967,1,0
M0,equal_width,2021-07-01,2021-07-02,0.07877280265339967,1,0
M0,equal_width,2021-07-02,2021-07-06,0.07877280265339967,1,0
M0,equal_width,2021-07-06,2021-07-07,0.07877280265339967,1,0
M0,equal_width,2021-07-07,2021-07-08,0.07877280265339967,1,0
M0,equal_width,2021-07-08,2021-07-09,0.07877280265339967,1,0
M0,equal_width,2021-07-09,2021-07-12,0.07877280265339967,1,0
M0,equal_width,2021-07-12,2021-07-13,0.07877280265339967,1,0
M0,equal_width,2021-07-13,2021-07-14,0.07877280265339967,1,0
M0,equal_width,2021-07-14,2021-07-15,0.07877280265339967,1,0
M0,equal_width,2021-07-15,2021-07-16,0.07877280265339967,1,0
M0,equal_width,2021-07-16,2021-07-19,0.07877280265339967,1,0
M0,equal_width,2021-07-19,2021-07-20,0.07877280265339967,1,0
M0,equal_width,2021-07-20,2021-07-21,0.07877280265339967,1,0
M0,equal_width,2021-07-21,2021-07-22,0.07877280265339967,1,0
M0,equal_width,2021-07-22,2021-07-23,0.07877280265339967,1,0
M0,equal_width,2021-07-23,2021-07-26,0.07877280265339967,1,0
M0,equal_width,2021-07-26,2021-07-27,0.07877280265339967,1,0
M0,equal_width,2021-07-27,2021-07-28,0.07877280265339967,1,0
M0,equal_width,2021-07-28,2021-07-29,0.07877280265339967,1,0
M0,equal_width,2021-07-29,2021-07-30,0.07877280265339967,1,0
M0,equal_width,2021-07-30,2021-08-02,0.07612179487179487,1,0
M0,equal_width,2021-08-02,2021-08-03,0.07612179487179487,1,0
M0,equal_width,2021-08-03,2021-08-04,0.07612179487179487,1,0
M0,equal_width,2021-08-04,2021-08-05,0.07612179487179487,1,0
M0,equal_width,2021-08-05,2021-08-06,0.07612179487179487,1,0
M0,equal_width,2021-08-06,2021-08-09,0.07612179487179487,1,0
M0,equal_width,2021-08-09,2021-08-10,0.07612179487179487,1,0
M0,equal_width,2021-08-10,2021-08-11,0.07612179487179487,1,0
M0,equal_width,2021-08-11,2021-08-12,0.07612179487179487,1,0
M0,equal_width,2021-08-12,2021-08-13,0.07612179487179487,1,0
M0,equal_width,2021-08-13,2021-08-16,0.07612179487179487,1,0
M0,equal_width,2021-08-16,2021-08-17,0.07612179487179487,1,0
M0,equal_width,2021-08-17,2021-08-18,0.07612179487179487,1,0
M0,equal_width,2021-08-18,2021-08-19,0.07612179487179487,1,0
M0,equal_width,2021-08-19,2021-08-20,0.07612179487179487,1,0
M0,equal_width,2021-08-20,2021-08-23,0.07612179487179487,1,0
M0,equal_width,2021-08-23,2021-08-24,0.07612179487179487,1,0
M0,equal_width,2021-08-24,2021-08-25,0.07612179487179487,1,0
M0,equal_width,2021-08-25,2021-08-26,0.07612179487179487,1,0
M0,equal_width,2021-08-26,2021-08-27,0.07612179487179487,1,0
M0,equal_width,2021-08-27,2021-08-30,0.07612179487179487,1,0
M0,equal_width,2021-08-30,2021-08-31,0.07612179487179487,1,0
M0,equal_width,2021-08-31,2021-09-01,0.07352941176470587,1,0
M0,equal_width,2021-09-01,2021-09-02,0.07352941176470587,1,0
M0,equal_width,2021-09-02,2021-09-03,0.07352941176470587,1,0
M0,equal_width,2021-09-03,2021-09-07,0.07352941176470587,1,0
M0,equal_width,2021-09-07,2021-09-08,0.07352941176470587,1,0
M0,equal_width,2021-09-08,2021-09-09,0.07352941176470587,1,0
M0,equal_width,2021-09-09,2021-09-10,0.07352941176470587,1,0
M0,equal_width,2021-09-10,2021-09-13,0.07352941176470587,1,0
M0,equal_width,2021-09-13,2021-09-14,0.07352941176470587,1,0
M0,equal_width,2021-09-14,2021-09-15,0.07352941176470587,1,0
M0,equal_width,2021-09-15,2021-09-16,0.07352941176470587,1,0
M0,equal_width,2021-09-16,2021-09-17,0.07352941176470587,1,0
M0,equal_width,2021-09-17,2021-09-20,0.07352941176470587,1,0
M0,equal_width,2021-09-20,2021-09-21,0.07352941176470587,1,0
M0,equal_width,2021-09-21,2021-09-22,0.07352941176470587,1,0
M0,equal_width,2021-09-22,2021-09-23,0.07352941176470587,1,0
M0,equal_width,2021-09-23,2021-09-24,0.07352941176470587,1,0
M0,equal_width,2021-09-24,2021-09-27,0.07352941176470587,1,0
M0,equal_width,2021-09-27,2021-09-28,0.07352941176470587,1,0
M0,equal_width,2021-09-28,2021-09-29,0.07352941176470587,1,0
M0,equal_width,2021-09-29,2021-09-30,0.07352941176470587,1,0
M0,equal_width,2021-09-30,2021-10-01,0.0712143928035982,1,0
M0,equal_width,2021-10-01,2021-10-04,0.0712143928035982,1,0
M0,equal_width,2021-10-04,2021-10-05,0.0712143928035982,1,0
M0,equal_width,2021-10-05,2021-10-06,0.0712143928035982,1,0
M0,equal_width,2021-10-06,2021-10-07,0.0712143928035982,1,0
M0,equal_width,2021-10-07,2021-10-08,0.0712143928035982,1,0
M0,equal_width,2021-10-08,2021-10-11,0.0712143928035982,1,0
M0,equal_width,2021-10-11,2021-10-12,0.0712143928035982,1,0
M0,equal_width,2021-10-12,2021-10-13,0.0712143928035982,1,0
M0,equal_width,2021-10-13,2021-10-14,0.0712143928035982,1,0
M0,equal_width,2021-10-14,2021-10-15,0.0712143928035982,1,0
M0,equal_width,2021-10-15,2021-10-18,0.0712143928035982,1,0
M0,equal_width,2021-10-18,2021-10-19,0.0712143928035982,1,0
M0,equal_width,2021-10-19,2021-10-20,0.0712143928035982,1,0
M0,equal_width,2021-10-20,2021-10-21,0.0712143928035982,1,0
M0,equal_width,2021-10-21,2021-10-22,0.0712143928035982,1,0
M0,equal_width,2021-10-22,2021-10-25,0.0712143928035982,1,0
M0,equal_width,2021-10-25,2021-10-26,0.0712143928035982,1,0
M0,equal_width,2021-10-26,2021-10-27,0.0712143928035982,1,0
M0,equal_width,2021-10-27,2021-10-28,0.0712143928035982,1,0
M0,equal_width,2021-10-28,2021-10-29,0.0712143928035982,1,0
M0,equal_width,2021-10-29,2021-11-01,0.06904069767441859,1,0
M0,equal_width,2021-11-01,2021-11-02,0.06904069767441859,1,0
M0,equal_width,2021-11-02,2021-11-03,0.06904069767441859,1,0
M0,equal_width,2021-11-03,2021-11-04,0.06904069767441859,1,0
M0,equal_width,2021-11-04,2021-11-05,0.06904069767441859,1,0
M0,equal_width,2021-11-05,2021-11-08,0.06904069767441859,1,0
M0,equal_width,2021-11-08,2021-11-09,0.06904069767441859,1,0
M0,equal_width,2021-11-09,2021-11-10,0.06904069767441859,1,0
M0,equal_width,2021-11-10,2021-11-11,0.06904069767441859,1,0
M0,equal_width,2021-11-11,2021-11-12,0.06904069767441859,1,0
M0,equal_width,2021-11-12,2021-11-15,0.06904069767441859,1,0
M0,equal_width,2021-11-15,2021-11-16,0.06904069767441859,1,0
M0,equal_width,2021-11-16,2021-11-17,0.06904069767441859,1,0
M0,equal_width,2021-11-17,2021-11-18,0.06904069767441859,1,1
M0,equal_width,2021-11-18,2021-11-19,0.06904069767441859,1,1
M0,equal_width,2021-11-19,2021-11-22,0.06904069767441859,1,1
M0,equal_width,2021-11-22,2021-11-23,0.06904069767441859,1,1
M0,equal_width,2021-11-23,2021-11-24,0.06904069767441859,1,1
M0,equal_width,2021-11-24,2021-11-26,0.06904069767441859,1,0
M0,equal_width,2021-11-26,2021-11-29,0.06904069767441859,1,1
M0,equal_width,2021-11-29,2021-11-30,0.06904069767441859,1,0
M0,equal_width,2021-11-30,2021-12-01,0.07122708039492241,1,0
M0,equal_width,2021-12-01,2021-12-02,0.07122708039492241,1,0
M0,equal_width,2021-12-02,2021-12-03,0.07122708039492241,1,0
M0,equal_width,2021-12-03,2021-12-06,0.07122708039492241,1,0
M0,equal_width,2021-12-06,2021-12-07,0.07122708039492241,1,0
M0,equal_width,2021-12-07,2021-12-08,0.07122708039492241,1,0
M0,equal_width,2021-12-08,2021-12-09,0.07122708039492241,1,0
M0,equal_width,2021-12-09,2021-12-10,0.07122708039492241,1,0
M0,equal_width,2021-12-10,2021-12-13,0.07122708039492241,1,0
M0,equal_width,2021-12-13,2021-12-14,0.07122708039492241,1,0
M0,equal_width,2021-12-14,2021-12-15,0.07122708039492241,1,0
M0,equal_width,2021-12-15,2021-12-16,0.07122708039492241,1,0
M0,equal_width,2021-12-16,2021-12-17,0.07122708039492241,1,0
M0,equal_width,2021-12-17,2021-12-20,0.07122708039492241,1,0
M0,equal_width,2021-12-20,2021-12-21,0.07122708039492241,1,0
M0,equal_width,2021-12-21,2021-12-22,0.07122708039492241,1,0
M0,equal_width,2021-12-22,2021-12-23,0.07122708039492241,1,0
M0,equal_width,2021-12-23,2021-12-27,0.07122708039492241,1,0
M0,equal_width,2021-12-27,2021-12-28,0.07122708039492241,1,0
M0,equal_width,2021-12-28,2021-12-29,0.07122708039492241,1,0
M0,equal_width,2021-12-29,2021-12-30,0.07122708039492241,1,0
M0,equal_width,2021-12-30,2021-12-31,0.07122708039492241,1,0
M0,equal_width,2021-12-31,2022-01-03,0.073187414500684,1,0
M0,equal_width,2022-01-03,2022-01-04,0.073187414500684,1,0
M0,equal_width,2022-01-04,2022-01-05,0.073187414500684,1,0
M0,equal_width,2022-01-05,2022-01-06,0.073187414500684,1,0
M0,equal_width,2022-01-06,2022-01-07,0.073187414500684,1,0
M0,equal_width,2022-01-07,2022-01-10,0.073187414500684,1,0
M0,equal_width,2022-01-10,2022-01-11,0.073187414500684,1,0
M0,equal_width,2022-01-11,2022-01-12,0.073187414500684,1,0
M0,equal_width,2022-01-12,2022-01-13,0.073187414500684,1,1
M0,equal_width,2022-01-13,2022-01-14,0.073187414500684,1,1
M0,equal_width,2022-01-14,2022-01-18,0.073187414500684,1,0
M0,equal_width,2022-01-18,2022-01-19,0.073187414500684,1,0
M0,equal_width,2022-01-19,2022-01-20,0.073187414500684,1,0
M0,equal_width,2022-01-20,2022-01-21,0.073187414500684,1,0
M0,equal_width,2022-01-21,2022-01-24,0.073187414500684,1,0
M0,equal_width,2022-01-24,2022-01-25,0.073187414500684,1,0
M0,equal_width,2022-01-25,2022-01-26,0.073187414500684,1,0
M0,equal_width,2022-01-26,2022-01-27,0.073187414500684,1,0
M0,equal_width,2022-01-27,2022-01-28,0.073187414500684,1,0
M0,equal_width,2022-01-28,2022-01-31,0.073187414500684,1,0
M0,equal_width,2022-01-31,2022-02-01,0.07390146471371506,1,0
M0,equal_width,2022-02-01,2022-02-02,0.07390146471371506,1,0
M0,equal_width,2022-02-02,2022-02-03,0.07390146471371506,1,0
M0,equal_width,2022-02-03,2022-02-04,0.07390146471371506,1,0
M0,equal_width,2022-02-04,2022-02-07,0.07390146471371506,1,0
M0,equal_width,2022-02-07,2022-02-08,0.07390146471371506,1,0
M0,equal_width,2022-02-08,2022-02-09,0.07390146471371506,1,1
M0,equal_width,2022-02-09,2022-02-10,0.07390146471371506,1,0
M0,equal_width,2022-02-10,2022-02-11,0.07390146471371506,1,0
M0,equal_width,2022-02-11,2022-02-14,0.07390146471371506,1,0
M0,equal_width,2022-02-14,2022-02-15,0.07390146471371506,1,0
M0,equal_width,2022-02-15,2022-02-16,0.07390146471371506,1,0
M0,equal_width,2022-02-16,2022-02-17,0.07390146471371506,1,0
M0,equal_width,2022-02-17,2022-02-18,0.07390146471371506,1,0
M0,equal_width,2022-02-18,2022-02-22,0.07390146471371506,1,0
M0,equal_width,2022-02-22,2022-02-23,0.07390146471371506,1,0
M0,equal_width,2022-02-23,2022-02-24,0.07390146471371506,1,0
M0,equal_width,2022-02-24,2022-02-25,0.07390146471371506,1,0
M0,equal_width,2022-02-25,2022-02-28,0.07390146471371506,1,0
M0,equal_width,2022-02-28,2022-03-01,0.07337662337662336,1,0
M0,equal_width,2022-03-01,2022-03-02,0.07337662337662336,1,0
M0,equal_width,2022-03-02,2022-03-03,0.07337662337662336,1,0
M0,equal_width,2022-03-03,2022-03-04,0.07337662337662336,1,0
M0,equal_width,2022-03-04,2022-03-07,0.07337662337662336,1,0
M0,equal_width,2022-03-07,2022-03-08,0.07337662337662336,1,0
M0,equal_width,2022-03-08,2022-03-09,0.07337662337662336,1,0
M0,equal_width,2022-03-09,2022-03-10,0.07337662337662336,1,0
M0,equal_width,2022-03-10,2022-03-11,0.07337662337662336,1,0
M0,equal_width,2022-03-11,2022-03-14,0.07337662337662336,1,0
M0,equal_width,2022-03-14,2022-03-15,0.07337662337662336,1,0
M0,equal_width,2022-03-15,2022-03-16,0.07337662337662336,1,0
M0,equal_width,2022-03-16,2022-03-17,0.07337662337662336,1,0
M0,equal_width,2022-03-17,2022-03-18,0.07337662337662336,1,0
M0,equal_width,2022-03-18,2022-03-21,0.07337662337662336,1,0
M0,equal_width,2022-03-21,2022-03-22,0.07337662337662336,1,0
M0,equal_width,2022-03-22,2022-03-23,0.07337662337662336,1,0
M0,equal_width,2022-03-23,2022-03-24,0.07337662337662336,1,0
M0,equal_width,2022-03-24,2022-03-25,0.07337662337662336,1,0
M0,equal_width,2022-03-25,2022-03-28,0.07337662337662336,1,0
M0,equal_width,2022-03-28,2022-03-29,0.07337662337662336,1,0
M0,equal_width,2022-03-29,2022-03-30,0.07337662337662336,1,0
M0,equal_width,2022-03-30,2022-03-31,0.07337662337662336,1,0
M0,equal_width,2022-03-31,2022-04-01,0.07124842370744011,1,0
M0,equal_width,2022-04-01,2022-04-04,0.07124842370744011,1,0
M0,equal_width,2022-04-04,2022-04-05,0.07124842370744011,1,0
M0,equal_width,2022-04-05,2022-04-06,0.07124842370744011,1,0
M0,equal_width,2022-04-06,2022-04-07,0.07124842370744011,1,0
M0,equal_width,2022-04-07,2022-04-08,0.07124842370744011,1,0
M0,equal_width,2022-04-08,2022-04-11,0.07124842370744011,1,0
M0,equal_width,2022-04-11,2022-04-12,0.07124842370744011,1,0
M0,equal_width,2022-04-12,2022-04-13,0.07124842370744011,1,0
M0,equal_width,2022-04-13,2022-04-14,0.07124842370744011,1,0
M0,equal_width,2022-04-14,2022-04-18,0.07124842370744011,1,0
M0,equal_width,2022-04-18,2022-04-19,0.07124842370744011,1,1
M0,equal_width,2022-04-19,2022-04-20,0.07124842370744011,1,1
M0,equal_width,2022-04-20,2022-04-21,0.07124842370744011,1,1
M0,equal_width,2022-04-21,2022-04-22,0.07124842370744011,1,0
M0,equal_width,2022-04-22,2022-04-25,0.07124842370744011,1,0
M0,equal_width,2022-04-25,2022-04-26,0.07124842370744011,1,0
M0,equal_width,2022-04-26,2022-04-27,0.07124842370744011,1,0
M0,equal_width,2022-04-27,2022-04-28,0.07124842370744011,1,0
M0,equal_width,2022-04-28,2022-04-29,0.07124842370744011,1,0
M0,equal_width,2022-04-29,2022-05-02,0.07318573185731857,1,0
M0,equal_width,2022-05-02,2022-05-03,0.07318573185731857,1,0
M0,equal_width,2022-05-03,2022-05-04,0.07318573185731857,1,1
M0,equal_width,2022-05-04,2022-05-05,0.07318573185731857,1,0
M0,equal_width,2022-05-05,2022-05-06,0.07318573185731857,1,0
M0,equal_width,2022-05-06,2022-05-09,0.07318573185731857,1,0
M0,equal_width,2022-05-09,2022-05-10,0.07318573185731857,1,0
M0,equal_width,2022-05-10,2022-05-11,0.07318573185731857,1,0
M0,equal_width,2022-05-11,2022-05-12,0.07318573185731857,1,0
M0,equal_width,2022-05-12,2022-05-13,0.07318573185731857,1,0
M0,equal_width,2022-05-13,2022-05-16,0.07318573185731857,1,0
M0,equal_width,2022-05-16,2022-05-17,0.07318573185731857,1,0
M0,equal_width,2022-05-17,2022-05-18,0.07318573185731857,1,0
M0,equal_width,2022-05-18,2022-05-19,0.07318573185731857,1,0
M0,equal_width,2022-05-19,2022-05-20,0.07318573185731857,1,0
M0,equal_width,2022-05-20,2022-05-23,0.07318573185731857,1,0
M0,equal_width,2022-05-23,2022-05-24,0.07318573185731857,1,0
M0,equal_width,2022-05-24,2022-05-25,0.07318573185731857,1,0
M0,equal_width,2022-05-25,2022-05-26,0.07318573185731857,1,0
M0,equal_width,2022-05-26,2022-05-27,0.07318573185731857,1,0
M0,equal_width,2022-05-27,2022-05-31,0.07318573185731857,1,0
M0,equal_width,2022-05-31,2022-06-01,0.07254196642685852,1,0
M0,equal_width,2022-06-01,2022-06-02,0.07254196642685852,1,0
M0,equal_width,2022-06-02,2022-06-03,0.07254196642685852,1,0
M0,equal_width,2022-06-03,2022-06-06,0.07254196642685852,1,1
M0,equal_width,2022-06-06,2022-06-07,0.07254196642685852,1,1
M0,equal_width,2022-06-07,2022-06-08,0.07254196642685852,1,1
M0,equal_width,2022-06-08,2022-06-09,0.07254196642685852,1,0
M0,equal_width,2022-06-09,2022-06-10,0.07254196642685852,1,0
M0,equal_width,2022-06-10,2022-06-13,0.07254196642685852,1,0
M0,equal_width,2022-06-13,2022-06-14,0.07254196642685852,1,0
M0,equal_width,2022-06-14,2022-06-15,0.07254196642685852,1,0
M0,equal_width,2022-06-15,2022-06-16,0.07254196642685852,1,0
M0,equal_width,2022-06-16,2022-06-17,0.07254196642685852,1,0
M0,equal_width,2022-06-17,2022-06-21,0.07254196642685852,1,0
M0,equal_width,2022-06-21,2022-06-22,0.07254196642685852,1,0
M0,equal_width,2022-06-22,2022-06-23,0.07254196642685852,1,0
M0,equal_width,2022-06-23,2022-06-24,0.07254196642685852,1,0
M0,equal_width,2022-06-24,2022-06-27,0.07254196642685852,1,0
M0,equal_width,2022-06-27,2022-06-28,0.07254196642685852,1,0
M0,equal_width,2022-06-28,2022-06-29,0.07254196642685852,1,0
M0,equal_width,2022-06-29,2022-06-30,0.07254196642685852,1,0
M0,equal_width,2022-06-30,2022-07-01,0.07426900584795323,1,0
M0,equal_width,2022-07-01,2022-07-05,0.07426900584795323,1,0
M0,equal_width,2022-07-05,2022-07-06,0.07426900584795323,1,0
M0,equal_width,2022-07-06,2022-07-07,0.07426900584795323,1,0
M0,equal_width,2022-07-07,2022-07-08,0.07426900584795323,1,0
M0,equal_width,2022-07-08,2022-07-11,0.07426900584795323,1,0
M0,equal_width,2022-07-11,2022-07-12,0.07426900584795323,1,0
M0,equal_width,2022-07-12,2022-07-13,0.07426900584795323,1,0
M0,equal_width,2022-07-13,2022-07-14,0.07426900584795323,1,0
M0,equal_width,2022-07-14,2022-07-15,0.07426900584795323,1,0
M0,equal_width,2022-07-15,2022-07-18,0.07426900584795323,1,0
M0,equal_width,2022-07-18,2022-07-19,0.07426900584795323,1,0
M0,equal_width,2022-07-19,2022-07-20,0.07426900584795323,1,0
M0,equal_width,2022-07-20,2022-07-21,0.07426900584795323,1,0
M0,equal_width,2022-07-21,2022-07-22,0.07426900584795323,1,0
M0,equal_width,2022-07-22,2022-07-25,0.07426900584795323,1,0
M0,equal_width,2022-07-25,2022-07-26,0.07426900584795323,1,0
M0,equal_width,2022-07-26,2022-07-27,0.07426900584795323,1,0
M0,equal_width,2022-07-27,2022-07-28,0.07426900584795323,1,0
M0,equal_width,2022-07-28,2022-07-29,0.07426900584795323,1,0
M0,equal_width,2022-07-29,2022-08-01,0.07257142857142856,1,0
M0,equal_width,2022-08-01,2022-08-02,0.07257142857142856,1,0
M0,equal_width,2022-08-02,2022-08-03,0.07257142857142856,1,0
M0,equal_width,2022-08-03,2022-08-04,0.07257142857142856,1,0
M0,equal_width,2022-08-04,2022-08-05,0.07257142857142856,1,0
M0,equal_width,2022-08-05,2022-08-08,0.07257142857142856,1,0
M0,equal_width,2022-08-08,2022-08-09,0.07257142857142856,1,0
M0,equal_width,2022-08-09,2022-08-10,0.07257142857142856,1,0
M0,equal_width,2022-08-10,2022-08-11,0.07257142857142856,1,0
M0,equal_width,2022-08-11,2022-08-12,0.07257142857142856,1,0
M0,equal_width,2022-08-12,2022-08-15,0.07257142857142856,1,0
M0,equal_width,2022-08-15,2022-08-16,0.07257142857142856,1,0
M0,equal_width,2022-08-16,2022-08-17,0.07257142857142856,1,0
M0,equal_width,2022-08-17,2022-08-18,0.07257142857142856,1,0
M0,equal_width,2022-08-18,2022-08-19,0.07257142857142856,1,0
M0,equal_width,2022-08-19,2022-08-22,0.07257142857142856,1,0
M0,equal_width,2022-08-22,2022-08-23,0.07257142857142856,1,0
M0,equal_width,2022-08-23,2022-08-24,0.07257142857142856,1,0
M0,equal_width,2022-08-24,2022-08-25,0.07257142857142856,1,0
M0,equal_width,2022-08-25,2022-08-26,0.07257142857142856,1,0
M0,equal_width,2022-08-26,2022-08-29,0.07257142857142856,1,0
M0,equal_width,2022-08-29,2022-08-30,0.07257142857142856,1,0
M0,equal_width,2022-08-30,2022-08-31,0.07257142857142856,1,0
M0,equal_width,2022-08-31,2022-09-01,0.07071269487750556,1,0
M0,equal_width,2022-09-01,2022-09-02,0.07071269487750556,1,0
M0,equal_width,2022-09-02,2022-09-06,0.07071269487750556,1,0
M0,equal_width,2022-09-06,2022-09-07,0.07071269487750556,1,0
M0,equal_width,2022-09-07,2022-09-08,0.07071269487750556,1,0
M0,equal_width,2022-09-08,2022-09-09,0.07071269487750556,1,0
M0,equal_width,2022-09-09,2022-09-12,0.07071269487750556,1,0
M0,equal_width,2022-09-12,2022-09-13,0.07071269487750556,1,0
M0,equal_width,2022-09-13,2022-09-14,0.07071269487750556,1,0
M0,equal_width,2022-09-14,2022-09-15,0.07071269487750556,1,0
M0,equal_width,2022-09-15,2022-09-16,0.07071269487750556,1,0
M0,equal_width,2022-09-16,2022-09-19,0.07071269487750556,1,0
M0,equal_width,2022-09-19,2022-09-20,0.07071269487750556,1,0
M0,equal_width,2022-09-20,2022-09-21,0.07071269487750556,1,0
M0,equal_width,2022-09-21,2022-09-22,0.07071269487750556,1,0
M0,equal_width,2022-09-22,2022-09-23,0.07071269487750556,1,0
M0,equal_width,2022-09-23,2022-09-26,0.07071269487750556,1,0
M0,equal_width,2022-09-26,2022-09-27,0.07071269487750556,1,0
M0,equal_width,2022-09-27,2022-09-28,0.07071269487750556,1,0
M0,equal_width,2022-09-28,2022-09-29,0.07071269487750556,1,0
M0,equal_width,2022-09-29,2022-09-30,0.07071269487750556,1,0
M0,equal_width,2022-09-30,2022-10-03,0.0690968443960827,1,0
M0,equal_width,2022-10-03,2022-10-04,0.0690968443960827,1,0
M0,equal_width,2022-10-04,2022-10-05,0.0690968443960827,1,0
M0,equal_width,2022-10-05,2022-10-06,0.0690968443960827,1,0
M0,equal_width,2022-10-06,2022-10-07,0.0690968443960827,1,0
M0,equal_width,2022-10-07,2022-10-10,0.0690968443960827,1,0
M0,equal_width,2022-10-10,2022-10-11,0.0690968443960827,1,0
M0,equal_width,2022-10-11,2022-10-12,0.0690968443960827,1,0
M0,equal_width,2022-10-12,2022-10-13,0.0690968443960827,1,0
M0,equal_width,2022-10-13,2022-10-14,0.0690968443960827,1,0
M0,equal_width,2022-10-14,2022-10-17,0.0690968443960827,1,0
M0,equal_width,2022-10-17,2022-10-18,0.0690968443960827,1,0
M0,equal_width,2022-10-18,2022-10-19,0.0690968443960827,1,0
M0,equal_width,2022-10-19,2022-10-20,0.0690968443960827,1,0
M0,equal_width,2022-10-20,2022-10-21,0.0690968443960827,1,0
M0,equal_width,2022-10-21,2022-10-24,0.0690968443960827,1,0
M0,equal_width,2022-10-24,2022-10-25,0.0690968443960827,1,0
M0,equal_width,2022-10-25,2022-10-26,0.0690968443960827,1,0
M0,equal_width,2022-10-26,2022-10-27,0.0690968443960827,1,0
M0,equal_width,2022-10-27,2022-10-28,0.0690968443960827,1,0
M0,equal_width,2022-10-28,2022-10-31,0.0690968443960827,1,0
M0,equal_width,2022-10-31,2022-11-01,0.0675531914893617,1,0
M0,equal_width,2022-11-01,2022-11-02,0.0675531914893617,1,0
M0,equal_width,2022-11-02,2022-11-03,0.0675531914893617,1,0
M0,equal_width,2022-11-03,2022-11-04,0.0675531914893617,1,0
M0,equal_width,2022-11-04,2022-11-07,0.0675531914893617,1,0
M0,equal_width,2022-11-07,2022-11-08,0.0675531914893617,1,0
M0,equal_width,2022-11-08,2022-11-09,0.0675531914893617,1,0
M0,equal_width,2022-11-09,2022-11-10,0.0675531914893617,1,0
M0,equal_width,2022-11-10,2022-11-11,0.0675531914893617,1,0
M0,equal_width,2022-11-11,2022-11-14,0.0675531914893617,1,0
M0,equal_width,2022-11-14,2022-11-15,0.0675531914893617,1,0
M0,equal_width,2022-11-15,2022-11-16,0.0675531914893617,1,0
M0,equal_width,2022-11-16,2022-11-17,0.0675531914893617,1,0
M0,equal_width,2022-11-17,2022-11-18,0.0675531914893617,1,0
M0,equal_width,2022-11-18,2022-11-21,0.0675531914893617,1,0
M0,equal_width,2022-11-21,2022-11-22,0.0675531914893617,1,0
M0,equal_width,2022-11-22,2022-11-23,0.0675531914893617,1,0
M0,equal_width,2022-11-23,2022-11-25,0.0675531914893617,1,0
M0,equal_width,2022-11-25,2022-11-28,0.0675531914893617,1,0
M0,equal_width,2022-11-28,2022-11-29,0.0675531914893617,1,0
M0,equal_width,2022-11-29,2022-11-30,0.0675531914893617,1,0
M0,equal_width,2022-11-30,2022-12-01,0.06607700312174818,1,0
M0,equal_width,2022-12-01,2022-12-02,0.06607700312174818,1,0
M0,equal_width,2022-12-02,2022-12-05,0.06607700312174818,1,0
M0,equal_width,2022-12-05,2022-12-06,0.06607700312174818,1,0
M0,equal_width,2022-12-06,2022-12-07,0.06607700312174818,1,0
M0,equal_width,2022-12-07,2022-12-08,0.06607700312174818,1,0
M0,equal_width,2022-12-08,2022-12-09,0.06607700312174818,1,0
M0,equal_width,2022-12-09,2022-12-12,0.06607700312174818,1,0
M0,equal_width,2022-12-12,2022-12-13,0.06607700312174818,1,0
M0,equal_width,2022-12-13,2022-12-14,0.06607700312174818,1,0
M0,equal_width,2022-12-14,2022-12-15,0.06607700312174818,1,0
M0,equal_width,2022-12-15,2022-12-16,0.06607700312174818,1,0
M0,equal_width,2022-12-16,2022-12-19,0.06607700312174818,1,0
M0,equal_width,2022-12-19,2022-12-20,0.06607700312174818,1,0
M0,equal_width,2022-12-20,2022-12-21,0.06607700312174818,1,0
M0,equal_width,2022-12-21,2022-12-22,0.06607700312174818,1,0
M0,equal_width,2022-12-22,2022-12-23,0.06607700312174818,1,0
M0,equal_width,2022-12-23,2022-12-27,0.06607700312174818,1,0
M0,equal_width,2022-12-27,2022-12-28,0.06607700312174818,1,0
M0,equal_width,2022-12-28,2022-12-29,0.06607700312174818,1,0
M0,equal_width,2022-12-29,2022-12-30,0.06607700312174818,1,0
M0,equal_width,2022-12-30,2023-01-03,0.06466395112016293,1,0
M0,equal_width,2023-01-03,2023-01-04,0.06466395112016293,1,0
M0,equal_width,2023-01-04,2023-01-05,0.06466395112016293,1,0
M0,equal_width,2023-01-05,2023-01-06,0.06466395112016293,1,0
M0,equal_width,2023-01-06,2023-01-09,0.06466395112016293,1,0
M0,equal_width,2023-01-09,2023-01-10,0.06466395112016293,1,0
M0,equal_width,2023-01-10,2023-01-11,0.06466395112016293,1,0
M0,equal_width,2023-01-11,2023-01-12,0.06466395112016293,1,0
M0,equal_width,2023-01-12,2023-01-13,0.06466395112016293,1,0
M0,equal_width,2023-01-13,2023-01-17,0.06466395112016293,1,0
M0,equal_width,2023-01-17,2023-01-18,0.06466395112016293,1,0
M0,equal_width,2023-01-18,2023-01-19,0.06466395112016293,1,0
M0,equal_width,2023-01-19,2023-01-20,0.06466395112016293,1,0
M0,equal_width,2023-01-20,2023-01-23,0.06466395112016293,1,0
M0,equal_width,2023-01-23,2023-01-24,0.06466395112016293,1,0
M0,equal_width,2023-01-24,2023-01-25,0.06466395112016293,1,0
M0,equal_width,2023-01-25,2023-01-26,0.06466395112016293,1,0
M0,equal_width,2023-01-26,2023-01-27,0.06466395112016293,1,0
M0,equal_width,2023-01-27,2023-01-30,0.06466395112016293,1,0
M0,equal_width,2023-01-30,2023-01-31,0.06466395112016293,1,0
M0,equal_width,2023-01-31,2023-02-01,0.06337325349301395,1,0
M0,equal_width,2023-02-01,2023-02-02,0.06337325349301395,1,0
M0,equal_width,2023-02-02,2023-02-03,0.06337325349301395,1,0
M0,equal_width,2023-02-03,2023-02-06,0.06337325349301395,1,0
M0,equal_width,2023-02-06,2023-02-07,0.06337325349301395,1,0
M0,equal_width,2023-02-07,2023-02-08,0.06337325349301395,1,0
M0,equal_width,2023-02-08,2023-02-09,0.06337325349301395,1,0
M0,equal_width,2023-02-09,2023-02-10,0.06337325349301395,1,0
M0,equal_width,2023-02-10,2023-02-13,0.06337325349301395,1,0
M0,equal_width,2023-02-13,2023-02-14,0.06337325349301395,1,0
M0,equal_width,2023-02-14,2023-02-15,0.06337325349301395,1,0
M0,equal_width,2023-02-15,2023-02-16,0.06337325349301395,1,0
M0,equal_width,2023-02-16,2023-02-17,0.06337325349301395,1,0
M0,equal_width,2023-02-17,2023-02-21,0.06337325349301395,1,0
M0,equal_width,2023-02-21,2023-02-22,0.06337325349301395,1,0
M0,equal_width,2023-02-22,2023-02-23,0.06337325349301395,1,0
M0,equal_width,2023-02-23,2023-02-24,0.06337325349301395,1,0
M0,equal_width,2023-02-24,2023-02-27,0.06337325349301395,1,0
M0,equal_width,2023-02-27,2023-02-28,0.06337325349301395,1,0
M0,equal_width,2023-02-28,2023-03-01,0.062193927522037236,1,0
M0,equal_width,2023-03-01,2023-03-02,0.062193927522037236,1,0
M0,equal_width,2023-03-02,2023-03-03,0.062193927522037236,1,1
M0,equal_width,2023-03-03,2023-03-06,0.062193927522037236,1,1
M0,equal_width,2023-03-06,2023-03-07,0.062193927522037236,1,1
M0,equal_width,2023-03-07,2023-03-08,0.062193927522037236,1,1
M0,equal_width,2023-03-08,2023-03-09,0.062193927522037236,1,0
M0,equal_width,2023-03-09,2023-03-10,0.062193927522037236,1,0
M0,equal_width,2023-03-10,2023-03-13,0.062193927522037236,1,0
M0,equal_width,2023-03-13,2023-03-14,0.062193927522037236,1,0
M0,equal_width,2023-03-14,2023-03-15,0.062193927522037236,1,0
M0,equal_width,2023-03-15,2023-03-16,0.062193927522037236,1,0
M0,equal_width,2023-03-16,2023-03-17,0.062193927522037236,1,0
M0,equal_width,2023-03-17,2023-03-20,0.062193927522037236,1,0
M0,equal_width,2023-03-20,2023-03-21,0.062193927522037236,1,0
M0,equal_width,2023-03-21,2023-03-22,0.062193927522037236,1,0
M0,equal_width,2023-03-22,2023-03-23,0.062193927522037236,1,0
M0,equal_width,2023-03-23,2023-03-24,0.062193927522037236,1,0
M0,equal_width,2023-03-24,2023-03-27,0.062193927522037236,1,0
M0,equal_width,2023-03-27,2023-03-28,0.062193927522037236,1,0
M0,equal_width,2023-03-28,2023-03-29,0.062193927522037236,1,0
M0,equal_width,2023-03-29,2023-03-30,0.062193927522037236,1,0
M0,equal_width,2023-03-30,2023-03-31,0.062193927522037236,1,0
M0,equal_width,2023-03-31,2023-04-03,0.06465517241379312,1,0
M0,equal_width,2023-04-03,2023-04-04,0.06465517241379312,1,0
M0,equal_width,2023-04-04,2023-04-05,0.06465517241379312,1,0
M0,equal_width,2023-04-05,2023-04-06,0.06465517241379312,1,0
M0,equal_width,2023-04-06,2023-04-10,0.06465517241379312,1,0
M0,equal_width,2023-04-10,2023-04-11,0.06465517241379312,1,0
M0,equal_width,2023-04-11,2023-04-12,0.06465517241379312,1,0
M0,equal_width,2023-04-12,2023-04-13,0.06465517241379312,1,0
M0,equal_width,2023-04-13,2023-04-14,0.06465517241379312,1,0
M0,equal_width,2023-04-14,2023-04-17,0.06465517241379312,1,0
M0,equal_width,2023-04-17,2023-04-18,0.06465517241379312,1,0
M0,equal_width,2023-04-18,2023-04-19,0.06465517241379312,1,0
M0,equal_width,2023-04-19,2023-04-20,0.06465517241379312,1,0
M0,equal_width,2023-04-20,2023-04-21,0.06465517241379312,1,0
M0,equal_width,2023-04-21,2023-04-24,0.06465517241379312,1,0
M0,equal_width,2023-04-24,2023-04-25,0.06465517241379312,1,0
M0,equal_width,2023-04-25,2023-04-26,0.06465517241379312,1,0
M0,equal_width,2023-04-26,2023-04-27,0.06465517241379312,1,0
M0,equal_width,2023-04-27,2023-04-28,0.06465517241379312,1,0
M0,equal_width,2023-04-28,2023-05-01,0.06349952963311381,1,0
M0,equal_width,2023-05-01,2023-05-02,0.06349952963311381,1,0
M0,equal_width,2023-05-02,2023-05-03,0.06349952963311381,1,0
M0,equal_width,2023-05-03,2023-05-04,0.06349952963311381,1,0
M0,equal_width,2023-05-04,2023-05-05,0.06349952963311381,1,0
M0,equal_width,2023-05-05,2023-05-08,0.06349952963311381,1,0
M0,equal_width,2023-05-08,2023-05-09,0.06349952963311381,1,0
M0,equal_width,2023-05-09,2023-05-10,0.06349952963311381,1,0
M0,equal_width,2023-05-10,2023-05-11,0.06349952963311381,1,0
M0,equal_width,2023-05-11,2023-05-12,0.06349952963311381,1,0
M0,equal_width,2023-05-12,2023-05-15,0.06349952963311381,1,0
M0,equal_width,2023-05-15,2023-05-16,0.06349952963311381,1,0
M0,equal_width,2023-05-16,2023-05-17,0.06349952963311381,1,0
M0,equal_width,2023-05-17,2023-05-18,0.06349952963311381,1,0
M0,equal_width,2023-05-18,2023-05-19,0.06349952963311381,1,0
M0,equal_width,2023-05-19,2023-05-22,0.06349952963311381,1,0
M0,equal_width,2023-05-22,2023-05-23,0.06349952963311381,1,0
M0,equal_width,2023-05-23,2023-05-24,0.06349952963311381,1,0
M0,equal_width,2023-05-24,2023-05-25,0.06349952963311381,1,0
M0,equal_width,2023-05-25,2023-05-26,0.06349952963311381,1,0
M0,equal_width,2023-05-26,2023-05-30,0.06349952963311381,1,0
M0,equal_width,2023-05-30,2023-05-31,0.06349952963311381,1,0
M0,equal_width,2023-05-31,2023-06-01,0.06221198156682027,1,0
M0,equal_width,2023-06-01,2023-06-02,0.06221198156682027,1,0
M0,equal_width,2023-06-02,2023-06-05,0.06221198156682027,1,0
M0,equal_width,2023-06-05,2023-06-06,0.06221198156682027,1,0
M0,equal_width,2023-06-06,2023-06-07,0.06221198156682027,1,0
M0,equal_width,2023-06-07,2023-06-08,0.06221198156682027,1,0
M0,equal_width,2023-06-08,2023-06-09,0.06221198156682027,1,0
M0,equal_width,2023-06-09,2023-06-12,0.06221198156682027,1,0
M0,equal_width,2023-06-12,2023-06-13,0.06221198156682027,1,0
M0,equal_width,2023-06-13,2023-06-14,0.06221198156682027,1,0
M0,equal_width,2023-06-14,2023-06-15,0.06221198156682027,1,0
M0,equal_width,2023-06-15,2023-06-16,0.06221198156682027,1,0
M0,equal_width,2023-06-16,2023-06-20,0.06221198156682027,1,0
M0,equal_width,2023-06-20,2023-06-21,0.06221198156682027,1,0
M0,equal_width,2023-06-21,2023-06-22,0.06221198156682027,1,0
M0,equal_width,2023-06-22,2023-06-23,0.06221198156682027,1,0
M0,equal_width,2023-06-23,2023-06-26,0.06221198156682027,1,0
M0,equal_width,2023-06-26,2023-06-27,0.06221198156682027,1,0
M0,equal_width,2023-06-27,2023-06-28,0.06221198156682027,1,0
M0,equal_width,2023-06-28,2023-06-29,0.06221198156682027,1,0
M0,equal_width,2023-06-29,2023-06-30,0.06221198156682027,1,0
M0,equal_width,2023-06-30,2023-07-03,0.06103074141048824,1,0
M0,equal_width,2023-07-03,2023-07-05,0.06103074141048824,1,0
M0,equal_width,2023-07-05,2023-07-06,0.06103074141048824,1,0
M0,equal_width,2023-07-06,2023-07-07,0.06103074141048824,1,0
M0,equal_width,2023-07-07,2023-07-10,0.06103074141048824,1,0
M0,equal_width,2023-07-10,2023-07-11,0.06103074141048824,1,0
M0,equal_width,2023-07-11,2023-07-12,0.06103074141048824,1,0
M0,equal_width,2023-07-12,2023-07-13,0.06103074141048824,1,0
M0,equal_width,2023-07-13,2023-07-14,0.06103074141048824,1,0
M0,equal_width,2023-07-14,2023-07-17,0.06103074141048824,1,0
M0,equal_width,2023-07-17,2023-07-18,0.06103074141048824,1,0
M0,equal_width,2023-07-18,2023-07-19,0.06103074141048824,1,0
M0,equal_width,2023-07-19,2023-07-20,0.06103074141048824,1,0
M0,equal_width,2023-07-20,2023-07-21,0.06103074141048824,1,0
M0,equal_width,2023-07-21,2023-07-24,0.06103074141048824,1,0
M0,equal_width,2023-07-24,2023-07-25,0.06103074141048824,1,0
M0,equal_width,2023-07-25,2023-07-26,0.06103074141048824,1,0
M0,equal_width,2023-07-26,2023-07-27,0.06103074141048824,1,0
M0,equal_width,2023-07-27,2023-07-28,0.06103074141048824,1,0
M0,equal_width,2023-07-28,2023-07-31,0.06103074141048824,1,0
M0,equal_width,2023-07-31,2023-08-01,0.0599467140319716,1,0
M0,equal_width,2023-08-01,2023-08-02,0.0599467140319716,1,0
M0,equal_width,2023-08-02,2023-08-03,0.0599467140319716,1,0
M0,equal_width,2023-08-03,2023-08-04,0.0599467140319716,1,0
M0,equal_width,2023-08-04,2023-08-07,0.0599467140319716,1,0
M0,equal_width,2023-08-07,2023-08-08,0.0599467140319716,1,0
M0,equal_width,2023-08-08,2023-08-09,0.0599467140319716,1,0
M0,equal_width,2023-08-09,2023-08-10,0.0599467140319716,1,0
M0,equal_width,2023-08-10,2023-08-11,0.0599467140319716,1,0
M0,equal_width,2023-08-11,2023-08-14,0.0599467140319716,1,0
M0,equal_width,2023-08-14,2023-08-15,0.0599467140319716,1,0
M0,equal_width,2023-08-15,2023-08-16,0.0599467140319716,1,0
M0,equal_width,2023-08-16,2023-08-17,0.0599467140319716,1,0
M0,equal_width,2023-08-17,2023-08-18,0.0599467140319716,1,0
M0,equal_width,2023-08-18,2023-08-21,0.0599467140319716,1,0
M0,equal_width,2023-08-21,2023-08-22,0.0599467140319716,1,0
M0,equal_width,2023-08-22,2023-08-23,0.0599467140319716,1,0
M0,equal_width,2023-08-23,2023-08-24,0.0599467140319716,1,0
M0,equal_width,2023-08-24,2023-08-25,0.0599467140319716,1,0
M0,equal_width,2023-08-25,2023-08-28,0.0599467140319716,1,0
M0,equal_width,2023-08-28,2023-08-29,0.0599467140319716,1,0
M0,equal_width,2023-08-29,2023-08-30,0.0599467140319716,1,0
M0,equal_width,2023-08-30,2023-08-31,0.0599467140319716,1,0
M0,equal_width,2023-08-31,2023-09-01,0.0587467362924282,1,0
M0,equal_width,2023-09-01,2023-09-05,0.0587467362924282,1,0
M0,equal_width,2023-09-05,2023-09-06,0.0587467362924282,1,0
M0,equal_width,2023-09-06,2023-09-07,0.0587467362924282,1,0
M0,equal_width,2023-09-07,2023-09-08,0.0587467362924282,1,0
M0,equal_width,2023-09-08,2023-09-11,0.0587467362924282,1,0
M0,equal_width,2023-09-11,2023-09-12,0.0587467362924282,1,0
M0,equal_width,2023-09-12,2023-09-13,0.0587467362924282,1,0
M0,equal_width,2023-09-13,2023-09-14,0.0587467362924282,1,0
M0,equal_width,2023-09-14,2023-09-15,0.0587467362924282,1,0
M0,equal_width,2023-09-15,2023-09-18,0.0587467362924282,1,0
M0,equal_width,2023-09-18,2023-09-19,0.0587467362924282,1,1
M0,equal_width,2023-09-19,2023-09-20,0.0587467362924282,1,0
M0,equal_width,2023-09-20,2023-09-21,0.0587467362924282,1,0
M0,equal_width,2023-09-21,2023-09-22,0.0587467362924282,1,0
M0,equal_width,2023-09-22,2023-09-25,0.0587467362924282,1,0
M0,equal_width,2023-09-25,2023-09-26,0.0587467362924282,1,0
M0,equal_width,2023-09-26,2023-09-27,0.0587467362924282,1,0
M0,equal_width,2023-09-27,2023-09-28,0.0587467362924282,1,0
M0,equal_width,2023-09-28,2023-09-29,0.0587467362924282,1,0
M0,equal_width,2023-09-29,2023-10-02,0.05859709153122328,1,0
M0,equal_width,2023-10-02,2023-10-03,0.05859709153122328,1,0
M0,equal_width,2023-10-03,2023-10-04,0.05859709153122328,1,0
M0,equal_width,2023-10-04,2023-10-05,0.05859709153122328,1,0
M0,equal_width,2023-10-05,2023-10-06,0.05859709153122328,1,0
M0,equal_width,2023-10-06,2023-10-09,0.05859709153122328,1,0
M0,equal_width,2023-10-09,2023-10-10,0.05859709153122328,1,0
M0,equal_width,2023-10-10,2023-10-11,0.05859709153122328,1,0
M0,equal_width,2023-10-11,2023-10-12,0.05859709153122328,1,0
M0,equal_width,2023-10-12,2023-10-13,0.05859709153122328,1,0
M0,equal_width,2023-10-13,2023-10-16,0.05859709153122328,1,0
M0,equal_width,2023-10-16,2023-10-17,0.05859709153122328,1,0
M0,equal_width,2023-10-17,2023-10-18,0.05859709153122328,1,0
M0,equal_width,2023-10-18,2023-10-19,0.05859709153122328,1,0
M0,equal_width,2023-10-19,2023-10-20,0.05859709153122328,1,0
M0,equal_width,2023-10-20,2023-10-23,0.05859709153122328,1,0
M0,equal_width,2023-10-23,2023-10-24,0.05859709153122328,1,0
M0,equal_width,2023-10-24,2023-10-25,0.05859709153122328,1,0
M0,equal_width,2023-10-25,2023-10-26,0.05859709153122328,1,0
M0,equal_width,2023-10-26,2023-10-27,0.05859709153122328,1,0
M0,equal_width,2023-10-27,2023-10-30,0.05859709153122328,1,0
M0,equal_width,2023-10-30,2023-10-31,0.05859709153122328,1,0
M0,equal_width,2023-10-31,2023-11-01,0.05751469353484465,1,0
M0,equal_width,2023-11-01,2023-11-02,0.05751469353484465,1,0
M0,equal_width,2023-11-02,2023-11-03,0.05751469353484465,1,0
M0,equal_width,2023-11-03,2023-11-06,0.05751469353484465,1,0
M0,equal_width,2023-11-06,2023-11-07,0.05751469353484465,1,0
M0,equal_width,2023-11-07,2023-11-08,0.05751469353484465,1,0
M0,equal_width,2023-11-08,2023-11-09,0.05751469353484465,1,0
M0,equal_width,2023-11-09,2023-11-10,0.05751469353484465,1,0
M0,equal_width,2023-11-10,2023-11-13,0.05751469353484465,1,0
M0,equal_width,2023-11-13,2023-11-14,0.05751469353484465,1,0
M0,equal_width,2023-11-14,2023-11-15,0.05751469353484465,1,0
M0,equal_width,2023-11-15,2023-11-16,0.05751469353484465,1,0
M0,equal_width,2023-11-16,2023-11-17,0.05751469353484465,1,0
M0,equal_width,2023-11-17,2023-11-20,0.05751469353484465,1,0
M0,equal_width,2023-11-20,2023-11-21,0.05751469353484465,1,0
M0,equal_width,2023-11-21,2023-11-22,0.05751469353484465,1,0
M0,equal_width,2023-11-22,2023-11-24,0.05751469353484465,1,0
M0,equal_width,2023-11-24,2023-11-27,0.05751469353484465,1,0
M0,equal_width,2023-11-27,2023-11-28,0.05751469353484465,1,0
M0,equal_width,2023-11-28,2023-11-29,0.05751469353484465,1,0
M0,equal_width,2023-11-29,2023-11-30,0.05751469353484465,1,0
M0,equal_width,2023-11-30,2023-12-01,0.05651815181518153,1,0
M0,equal_width,2023-12-01,2023-12-04,0.05651815181518153,1,0
M0,equal_width,2023-12-04,2023-12-05,0.05651815181518153,1,0
M0,equal_width,2023-12-05,2023-12-06,0.05651815181518153,1,0
M0,equal_width,2023-12-06,2023-12-07,0.05651815181518153,1,0
M0,equal_width,2023-12-07,2023-12-08,0.05651815181518153,1,0
M0,equal_width,2023-12-08,2023-12-11,0.05651815181518153,1,0
M0,equal_width,2023-12-11,2023-12-12,0.05651815181518153,1,0
M0,equal_width,2023-12-12,2023-12-13,0.05651815181518153,1,0
M0,equal_width,2023-12-13,2023-12-14,0.05651815181518153,1,0
M0,equal_width,2023-12-14,2023-12-15,0.05651815181518153,1,0
M0,equal_width,2023-12-15,2023-12-18,0.05651815181518153,1,0
M0,equal_width,2023-12-18,2023-12-19,0.05651815181518153,1,0
M0,equal_width,2023-12-19,2023-12-20,0.05651815181518153,1,0
M0,equal_width,2023-12-20,2023-12-21,0.05651815181518153,1,0
M0,equal_frequency,2020-09-10,2020-09-11,0.0885286783042394,5,0
M0,equal_frequency,2020-09-11,2020-09-14,0.0885286783042394,5,0
M0,equal_frequency,2020-09-14,2020-09-15,0.0885286783042394,5,0
M0,equal_frequency,2020-09-15,2020-09-16,0.0885286783042394,5,0
M0,equal_frequency,2020-09-16,2020-09-17,0.0885286783042394,5,0
M0,equal_frequency,2020-09-17,2020-09-18,0.0885286783042394,5,0
M0,equal_frequency,2020-09-18,2020-09-21,0.0885286783042394,5,0
M0,equal_frequency,2020-09-21,2020-09-22,0.0885286783042394,5,0
M0,equal_frequency,2020-09-22,2020-09-23,0.0885286783042394,5,0
M0,equal_frequency,2020-09-23,2020-09-24,0.0885286783042394,5,0
M0,equal_frequency,2020-09-24,2020-09-25,0.0885286783042394,5,0
M0,equal_frequency,2020-09-25,2020-09-28,0.0885286783042394,5,0
M0,equal_frequency,2020-09-28,2020-09-29,0.0885286783042394,5,0
M0,equal_frequency,2020-09-29,2020-09-30,0.0885286783042394,5,0
M0,equal_frequency,2020-09-30,2020-10-01,0.0855421686746988,5,0
M0,equal_frequency,2020-10-01,2020-10-02,0.0855421686746988,5,0
M0,equal_frequency,2020-10-02,2020-10-05,0.0855421686746988,5,0
M0,equal_frequency,2020-10-05,2020-10-06,0.0855421686746988,5,0
M0,equal_frequency,2020-10-06,2020-10-07,0.0855421686746988,5,0
M0,equal_frequency,2020-10-07,2020-10-08,0.0855421686746988,5,0
M0,equal_frequency,2020-10-08,2020-10-09,0.0855421686746988,5,0
M0,equal_frequency,2020-10-09,2020-10-12,0.0855421686746988,5,0
M0,equal_frequency,2020-10-12,2020-10-13,0.0855421686746988,5,0
M0,equal_frequency,2020-10-13,2020-10-14,0.0855421686746988,5,0
M0,equal_frequency,2020-10-14,2020-10-15,0.0855421686746988,5,0
M0,equal_frequency,2020-10-15,2020-10-16,0.0855421686746988,5,0
M0,equal_frequency,2020-10-16,2020-10-19,0.0855421686746988,5,0
M0,equal_frequency,2020-10-19,2020-10-20,0.0855421686746988,5,0
M0,equal_frequency,2020-10-20,2020-10-21,0.0855421686746988,5,1
M0,equal_frequency,2020-10-21,2020-10-22,0.0855421686746988,5,1
M0,equal_frequency,2020-10-22,2020-10-23,0.0855421686746988,5,1
M0,equal_frequency,2020-10-23,2020-10-26,0.0855421686746988,5,0
M0,equal_frequency,2020-10-26,2020-10-27,0.0855421686746988,5,0
M0,equal_frequency,2020-10-27,2020-10-28,0.0855421686746988,5,0
M0,equal_frequency,2020-10-28,2020-10-29,0.0855421686746988,5,0
M0,equal_frequency,2020-10-29,2020-10-30,0.0855421686746988,5,0
M0,equal_frequency,2020-10-30,2020-11-02,0.08810068649885582,5,0
M0,equal_frequency,2020-11-02,2020-11-03,0.08810068649885582,5,0
M0,equal_frequency,2020-11-03,2020-11-04,0.08810068649885582,5,0
M0,equal_frequency,2020-11-04,2020-11-05,0.08810068649885582,5,0
M0,equal_frequency,2020-11-05,2020-11-06,0.08810068649885582,5,0
M0,equal_frequency,2020-11-06,2020-11-09,0.08810068649885582,5,0
M0,equal_frequency,2020-11-09,2020-11-10,0.08810068649885582,5,0
M0,equal_frequency,2020-11-10,2020-11-11,0.08810068649885582,5,0
M0,equal_frequency,2020-11-11,2020-11-12,0.08810068649885582,5,0
M0,equal_frequency,2020-11-12,2020-11-13,0.08810068649885582,5,0
M0,equal_frequency,2020-11-13,2020-11-16,0.08810068649885582,5,0
M0,equal_frequency,2020-11-16,2020-11-17,0.08810068649885582,5,0
M0,equal_frequency,2020-11-17,2020-11-18,0.08810068649885582,5,0
M0,equal_frequency,2020-11-18,2020-11-19,0.08810068649885582,5,0
M0,equal_frequency,2020-11-19,2020-11-20,0.08810068649885582,5,0
M0,equal_frequency,2020-11-20,2020-11-23,0.08810068649885582,5,0
M0,equal_frequency,2020-11-23,2020-11-24,0.08810068649885582,5,0
M0,equal_frequency,2020-11-24,2020-11-25,0.08810068649885582,5,0
M0,equal_frequency,2020-11-25,2020-11-27,0.08810068649885582,5,0
M0,equal_frequency,2020-11-27,2020-11-30,0.08810068649885582,5,0
M0,equal_frequency,2020-11-30,2020-12-01,0.08424507658643328,5,0
M0,equal_frequency,2020-12-01,2020-12-02,0.08424507658643328,5,0
M0,equal_frequency,2020-12-02,2020-12-03,0.08424507658643328,5,0
M0,equal_frequency,2020-12-03,2020-12-04,0.08424507658643328,5,0
M0,equal_frequency,2020-12-04,2020-12-07,0.08424507658643328,5,0
M0,equal_frequency,2020-12-07,2020-12-08,0.08424507658643328,5,0
M0,equal_frequency,2020-12-08,2020-12-09,0.08424507658643328,5,0
M0,equal_frequency,2020-12-09,2020-12-10,0.08424507658643328,5,0
M0,equal_frequency,2020-12-10,2020-12-11,0.08424507658643328,5,0
M0,equal_frequency,2020-12-11,2020-12-14,0.08424507658643328,5,0
M0,equal_frequency,2020-12-14,2020-12-15,0.08424507658643328,5,0
M0,equal_frequency,2020-12-15,2020-12-16,0.08424507658643328,5,0
M0,equal_frequency,2020-12-16,2020-12-17,0.08424507658643328,5,0
M0,equal_frequency,2020-12-17,2020-12-18,0.08424507658643328,5,0
M0,equal_frequency,2020-12-18,2020-12-21,0.08424507658643328,5,0
M0,equal_frequency,2020-12-21,2020-12-22,0.08424507658643328,5,0
M0,equal_frequency,2020-12-22,2020-12-23,0.08424507658643328,5,0
M0,equal_frequency,2020-12-23,2020-12-24,0.08424507658643328,5,0
M0,equal_frequency,2020-12-24,2020-12-28,0.08424507658643328,5,0
M0,equal_frequency,2020-12-28,2020-12-29,0.08424507658643328,5,0
M0,equal_frequency,2020-12-29,2020-12-30,0.08424507658643328,5,0
M0,equal_frequency,2020-12-30,2020-12-31,0.08424507658643328,5,0
M0,equal_frequency,2020-12-31,2021-01-04,0.08037578288100208,4,0
M0,equal_frequency,2021-01-04,2021-01-05,0.08037578288100208,4,0
M0,equal_frequency,2021-01-05,2021-01-06,0.08037578288100208,4,0
M0,equal_frequency,2021-01-06,2021-01-07,0.08037578288100208,4,0
M0,equal_frequency,2021-01-07,2021-01-08,0.08037578288100208,4,0
M0,equal_frequency,2021-01-08,2021-01-11,0.08037578288100208,4,0
M0,equal_frequency,2021-01-11,2021-01-12,0.08037578288100208,4,0
M0,equal_frequency,2021-01-12,2021-01-13,0.08037578288100208,4,0
M0,equal_frequency,2021-01-13,2021-01-14,0.08037578288100208,4,0
M0,equal_frequency,2021-01-14,2021-01-15,0.08037578288100208,4,0
M0,equal_frequency,2021-01-15,2021-01-19,0.08037578288100208,4,0
M0,equal_frequency,2021-01-19,2021-01-20,0.08037578288100208,4,1
M0,equal_frequency,2021-01-20,2021-01-21,0.08037578288100208,4,1
M0,equal_frequency,2021-01-21,2021-01-22,0.08037578288100208,4,1
M0,equal_frequency,2021-01-22,2021-01-25,0.08037578288100208,4,1
M0,equal_frequency,2021-01-25,2021-01-26,0.08037578288100208,4,1
M0,equal_frequency,2021-01-26,2021-01-27,0.08037578288100208,4,0
M0,equal_frequency,2021-01-27,2021-01-28,0.08037578288100208,4,0
M0,equal_frequency,2021-01-28,2021-01-29,0.08037578288100208,4,0
M0,equal_frequency,2021-01-29,2021-02-01,0.08333333333333331,5,0
M0,equal_frequency,2021-02-01,2021-02-02,0.08333333333333331,5,0
M0,equal_frequency,2021-02-02,2021-02-03,0.08333333333333331,5,0
M0,equal_frequency,2021-02-03,2021-02-04,0.08333333333333331,5,0
M0,equal_frequency,2021-02-04,2021-02-05,0.08333333333333331,5,0
M0,equal_frequency,2021-02-05,2021-02-08,0.08333333333333331,5,0
M0,equal_frequency,2021-02-08,2021-02-09,0.08333333333333331,5,0
M0,equal_frequency,2021-02-09,2021-02-10,0.08333333333333331,5,0
M0,equal_frequency,2021-02-10,2021-02-11,0.08333333333333331,5,0
M0,equal_frequency,2021-02-11,2021-02-12,0.08333333333333331,5,0
M0,equal_frequency,2021-02-12,2021-02-16,0.08333333333333331,5,0
M0,equal_frequency,2021-02-16,2021-02-17,0.08333333333333331,5,0
M0,equal_frequency,2021-02-17,2021-02-18,0.08333333333333331,5,0
M0,equal_frequency,2021-02-18,2021-02-19,0.08333333333333331,5,0
M0,equal_frequency,2021-02-19,2021-02-22,0.08333333333333331,5,0
M0,equal_frequency,2021-02-22,2021-02-23,0.08333333333333331,5,0
M0,equal_frequency,2021-02-23,2021-02-24,0.08333333333333331,5,0
M0,equal_frequency,2021-02-24,2021-02-25,0.08333333333333331,5,0
M0,equal_frequency,2021-02-25,2021-02-26,0.08333333333333331,5,0
M0,equal_frequency,2021-02-26,2021-03-01,0.08413926499032882,5,0
M0,equal_frequency,2021-03-01,2021-03-02,0.08413926499032882,5,0
M0,equal_frequency,2021-03-02,2021-03-03,0.08413926499032882,5,0
M0,equal_frequency,2021-03-03,2021-03-04,0.08413926499032882,5,0
M0,equal_frequency,2021-03-04,2021-03-05,0.08413926499032882,5,0
M0,equal_frequency,2021-03-05,2021-03-08,0.08413926499032882,5,0
M0,equal_frequency,2021-03-08,2021-03-09,0.08413926499032882,5,0
M0,equal_frequency,2021-03-09,2021-03-10,0.08413926499032882,5,0
M0,equal_frequency,2021-03-10,2021-03-11,0.08413926499032882,5,0
M0,equal_frequency,2021-03-11,2021-03-12,0.08413926499032882,5,0
M0,equal_frequency,2021-03-12,2021-03-15,0.08413926499032882,5,0
M0,equal_frequency,2021-03-15,2021-03-16,0.08413926499032882,5,0
M0,equal_frequency,2021-03-16,2021-03-17,0.08413926499032882,5,0
M0,equal_frequency,2021-03-17,2021-03-18,0.08413926499032882,5,0
M0,equal_frequency,2021-03-18,2021-03-19,0.08413926499032882,5,0
M0,equal_frequency,2021-03-19,2021-03-22,0.08413926499032882,5,0
M0,equal_frequency,2021-03-22,2021-03-23,0.08413926499032882,5,0
M0,equal_frequency,2021-03-23,2021-03-24,0.08413926499032882,5,0
M0,equal_frequency,2021-03-24,2021-03-25,0.08413926499032882,5,0
M0,equal_frequency,2021-03-25,2021-03-26,0.08413926499032882,5,0
M0,equal_frequency,2021-03-26,2021-03-29,0.08413926499032882,5,0
M0,equal_frequency,2021-03-29,2021-03-30,0.08413926499032882,5,0
M0,equal_frequency,2021-03-30,2021-03-31,0.08413926499032882,5,0
M0,equal_frequency,2021-03-31,2021-04-01,0.08055555555555556,5,0
M0,equal_frequency,2021-04-01,2021-04-05,0.08055555555555556,5,0
M0,equal_frequency,2021-04-05,2021-04-06,0.08055555555555556,5,0
M0,equal_frequency,2021-04-06,2021-04-07,0.08055555555555556,5,0
M0,equal_frequency,2021-04-07,2021-04-08,0.08055555555555556,5,0
M0,equal_frequency,2021-04-08,2021-04-09,0.08055555555555556,5,0
M0,equal_frequency,2021-04-09,2021-04-12,0.08055555555555556,5,0
M0,equal_frequency,2021-04-12,2021-04-13,0.08055555555555556,5,0
M0,equal_frequency,2021-04-13,2021-04-14,0.08055555555555556,5,0
M0,equal_frequency,2021-04-14,2021-04-15,0.08055555555555556,5,0
M0,equal_frequency,2021-04-15,2021-04-16,0.08055555555555556,5,0
M0,equal_frequency,2021-04-16,2021-04-19,0.08055555555555556,5,0
M0,equal_frequency,2021-04-19,2021-04-20,0.08055555555555556,5,0
M0,equal_frequency,2021-04-20,2021-04-21,0.08055555555555556,5,0
M0,equal_frequency,2021-04-21,2021-04-22,0.08055555555555556,5,0
M0,equal_frequency,2021-04-22,2021-04-23,0.08055555555555556,5,0
M0,equal_frequency,2021-04-23,2021-04-26,0.08055555555555556,5,0
M0,equal_frequency,2021-04-26,2021-04-27,0.08055555555555556,5,0
M0,equal_frequency,2021-04-27,2021-04-28,0.08055555555555556,5,0
M0,equal_frequency,2021-04-28,2021-04-29,0.08055555555555556,5,0
M0,equal_frequency,2021-04-29,2021-04-30,0.08055555555555556,5,0
M0,equal_frequency,2021-04-30,2021-05-03,0.07754010695187168,4,0
M0,equal_frequency,2021-05-03,2021-05-04,0.07754010695187168,4,0
M0,equal_frequency,2021-05-04,2021-05-05,0.07754010695187168,4,1
M0,equal_frequency,2021-05-05,2021-05-06,0.07754010695187168,4,1
M0,equal_frequency,2021-05-06,2021-05-07,0.07754010695187168,4,1
M0,equal_frequency,2021-05-07,2021-05-10,0.07754010695187168,4,1
M0,equal_frequency,2021-05-10,2021-05-11,0.07754010695187168,4,0
M0,equal_frequency,2021-05-11,2021-05-12,0.07754010695187168,4,0
M0,equal_frequency,2021-05-12,2021-05-13,0.07754010695187168,4,0
M0,equal_frequency,2021-05-13,2021-05-14,0.07754010695187168,4,0
M0,equal_frequency,2021-05-14,2021-05-17,0.07754010695187168,4,0
M0,equal_frequency,2021-05-17,2021-05-18,0.07754010695187168,4,0
M0,equal_frequency,2021-05-18,2021-05-19,0.07754010695187168,4,0
M0,equal_frequency,2021-05-19,2021-05-20,0.07754010695187168,4,0
M0,equal_frequency,2021-05-20,2021-05-21,0.07754010695187168,4,0
M0,equal_frequency,2021-05-21,2021-05-24,0.07754010695187168,4,0
M0,equal_frequency,2021-05-24,2021-05-25,0.07754010695187168,4,0
M0,equal_frequency,2021-05-25,2021-05-26,0.07754010695187168,4,0
M0,equal_frequency,2021-05-26,2021-05-27,0.07754010695187168,4,0
M0,equal_frequency,2021-05-27,2021-05-28,0.07754010695187168,4,0
M0,equal_frequency,2021-05-28,2021-06-01,0.0817555938037866,5,0
M0,equal_frequency,2021-06-01,2021-06-02,0.0817555938037866,5,0
M0,equal_frequency,2021-06-02,2021-06-03,0.0817555938037866,5,0
M0,equal_frequency,2021-06-03,2021-06-04,0.0817555938037866,5,0
M0,equal_frequency,2021-06-04,2021-06-07,0.0817555938037866,5,0
M0,equal_frequency,2021-06-07,2021-06-08,0.0817555938037866,5,0
M0,equal_frequency,2021-06-08,2021-06-09,0.0817555938037866,5,0
M0,equal_frequency,2021-06-09,2021-06-10,0.0817555938037866,5,0
M0,equal_frequency,2021-06-10,2021-06-11,0.0817555938037866,5,0
M0,equal_frequency,2021-06-11,2021-06-14,0.0817555938037866,5,0
M0,equal_frequency,2021-06-14,2021-06-15,0.0817555938037866,5,0
M0,equal_frequency,2021-06-15,2021-06-16,0.0817555938037866,5,0
M0,equal_frequency,2021-06-16,2021-06-17,0.0817555938037866,5,0
M0,equal_frequency,2021-06-17,2021-06-18,0.0817555938037866,5,0
M0,equal_frequency,2021-06-18,2021-06-21,0.0817555938037866,5,0
M0,equal_frequency,2021-06-21,2021-06-22,0.0817555938037866,5,0
M0,equal_frequency,2021-06-22,2021-06-23,0.0817555938037866,5,0
M0,equal_frequency,2021-06-23,2021-06-24,0.0817555938037866,5,0
M0,equal_frequency,2021-06-24,2021-06-25,0.0817555938037866,5,0
M0,equal_frequency,2021-06-25,2021-06-28,0.0817555938037866,5,0
M0,equal_frequency,2021-06-28,2021-06-29,0.0817555938037866,5,0
M0,equal_frequency,2021-06-29,2021-06-30,0.0817555938037866,5,0
M0,equal_frequency,2021-06-30,2021-07-01,0.07877280265339967,4,0
M0,equal_frequency,2021-07-01,2021-07-02,0.07877280265339967,4,0
M0,equal_frequency,2021-07-02,2021-07-06,0.07877280265339967,4,0
M0,equal_frequency,2021-07-06,2021-07-07,0.07877280265339967,4,0
M0,equal_frequency,2021-07-07,2021-07-08,0.07877280265339967,4,0
M0,equal_frequency,2021-07-08,2021-07-09,0.07877280265339967,4,0
M0,equal_frequency,2021-07-09,2021-07-12,0.07877280265339967,4,0
M0,equal_frequency,2021-07-12,2021-07-13,0.07877280265339967,4,0
M0,equal_frequency,2021-07-13,2021-07-14,0.07877280265339967,4,0
M0,equal_frequency,2021-07-14,2021-07-15,0.07877280265339967,4,0
M0,equal_frequency,2021-07-15,2021-07-16,0.07877280265339967,4,0
M0,equal_frequency,2021-07-16,2021-07-19,0.07877280265339967,4,0
M0,equal_frequency,2021-07-19,2021-07-20,0.07877280265339967,4,0
M0,equal_frequency,2021-07-20,2021-07-21,0.07877280265339967,4,0
M0,equal_frequency,2021-07-21,2021-07-22,0.07877280265339967,4,0
M0,equal_frequency,2021-07-22,2021-07-23,0.07877280265339967,4,0
M0,equal_frequency,2021-07-23,2021-07-26,0.07877280265339967,4,0
M0,equal_frequency,2021-07-26,2021-07-27,0.07877280265339967,4,0
M0,equal_frequency,2021-07-27,2021-07-28,0.07877280265339967,4,0
M0,equal_frequency,2021-07-28,2021-07-29,0.07877280265339967,4,0
M0,equal_frequency,2021-07-29,2021-07-30,0.07877280265339967,4,0
M0,equal_frequency,2021-07-30,2021-08-02,0.07612179487179487,4,0
M0,equal_frequency,2021-08-02,2021-08-03,0.07612179487179487,4,0
M0,equal_frequency,2021-08-03,2021-08-04,0.07612179487179487,4,0
M0,equal_frequency,2021-08-04,2021-08-05,0.07612179487179487,4,0
M0,equal_frequency,2021-08-05,2021-08-06,0.07612179487179487,4,0
M0,equal_frequency,2021-08-06,2021-08-09,0.07612179487179487,4,0
M0,equal_frequency,2021-08-09,2021-08-10,0.07612179487179487,4,0
M0,equal_frequency,2021-08-10,2021-08-11,0.07612179487179487,4,0
M0,equal_frequency,2021-08-11,2021-08-12,0.07612179487179487,4,0
M0,equal_frequency,2021-08-12,2021-08-13,0.07612179487179487,4,0
M0,equal_frequency,2021-08-13,2021-08-16,0.07612179487179487,4,0
M0,equal_frequency,2021-08-16,2021-08-17,0.07612179487179487,4,0
M0,equal_frequency,2021-08-17,2021-08-18,0.07612179487179487,4,0
M0,equal_frequency,2021-08-18,2021-08-19,0.07612179487179487,4,0
M0,equal_frequency,2021-08-19,2021-08-20,0.07612179487179487,4,0
M0,equal_frequency,2021-08-20,2021-08-23,0.07612179487179487,4,0
M0,equal_frequency,2021-08-23,2021-08-24,0.07612179487179487,4,0
M0,equal_frequency,2021-08-24,2021-08-25,0.07612179487179487,4,0
M0,equal_frequency,2021-08-25,2021-08-26,0.07612179487179487,4,0
M0,equal_frequency,2021-08-26,2021-08-27,0.07612179487179487,4,0
M0,equal_frequency,2021-08-27,2021-08-30,0.07612179487179487,4,0
M0,equal_frequency,2021-08-30,2021-08-31,0.07612179487179487,4,0
M0,equal_frequency,2021-08-31,2021-09-01,0.07352941176470587,4,0
M0,equal_frequency,2021-09-01,2021-09-02,0.07352941176470587,4,0
M0,equal_frequency,2021-09-02,2021-09-03,0.07352941176470587,4,0
M0,equal_frequency,2021-09-03,2021-09-07,0.07352941176470587,4,0
M0,equal_frequency,2021-09-07,2021-09-08,0.07352941176470587,4,0
M0,equal_frequency,2021-09-08,2021-09-09,0.07352941176470587,4,0
M0,equal_frequency,2021-09-09,2021-09-10,0.07352941176470587,4,0
M0,equal_frequency,2021-09-10,2021-09-13,0.07352941176470587,4,0
M0,equal_frequency,2021-09-13,2021-09-14,0.07352941176470587,4,0
M0,equal_frequency,2021-09-14,2021-09-15,0.07352941176470587,4,0
M0,equal_frequency,2021-09-15,2021-09-16,0.07352941176470587,4,0
M0,equal_frequency,2021-09-16,2021-09-17,0.07352941176470587,4,0
M0,equal_frequency,2021-09-17,2021-09-20,0.07352941176470587,4,0
M0,equal_frequency,2021-09-20,2021-09-21,0.07352941176470587,4,0
M0,equal_frequency,2021-09-21,2021-09-22,0.07352941176470587,4,0
M0,equal_frequency,2021-09-22,2021-09-23,0.07352941176470587,4,0
M0,equal_frequency,2021-09-23,2021-09-24,0.07352941176470587,4,0
M0,equal_frequency,2021-09-24,2021-09-27,0.07352941176470587,4,0
M0,equal_frequency,2021-09-27,2021-09-28,0.07352941176470587,4,0
M0,equal_frequency,2021-09-28,2021-09-29,0.07352941176470587,4,0
M0,equal_frequency,2021-09-29,2021-09-30,0.07352941176470587,4,0
M0,equal_frequency,2021-09-30,2021-10-01,0.0712143928035982,3,0
M0,equal_frequency,2021-10-01,2021-10-04,0.0712143928035982,3,0
M0,equal_frequency,2021-10-04,2021-10-05,0.0712143928035982,3,0
M0,equal_frequency,2021-10-05,2021-10-06,0.0712143928035982,3,0
M0,equal_frequency,2021-10-06,2021-10-07,0.0712143928035982,3,0
M0,equal_frequency,2021-10-07,2021-10-08,0.0712143928035982,3,0
M0,equal_frequency,2021-10-08,2021-10-11,0.0712143928035982,3,0
M0,equal_frequency,2021-10-11,2021-10-12,0.0712143928035982,3,0
M0,equal_frequency,2021-10-12,2021-10-13,0.0712143928035982,3,0
M0,equal_frequency,2021-10-13,2021-10-14,0.0712143928035982,3,0
M0,equal_frequency,2021-10-14,2021-10-15,0.0712143928035982,3,0
M0,equal_frequency,2021-10-15,2021-10-18,0.0712143928035982,3,0
M0,equal_frequency,2021-10-18,2021-10-19,0.0712143928035982,3,0
M0,equal_frequency,2021-10-19,2021-10-20,0.0712143928035982,3,0
M0,equal_frequency,2021-10-20,2021-10-21,0.0712143928035982,3,0
M0,equal_frequency,2021-10-21,2021-10-22,0.0712143928035982,3,0
M0,equal_frequency,2021-10-22,2021-10-25,0.0712143928035982,3,0
M0,equal_frequency,2021-10-25,2021-10-26,0.0712143928035982,3,0
M0,equal_frequency,2021-10-26,2021-10-27,0.0712143928035982,3,0
M0,equal_frequency,2021-10-27,2021-10-28,0.0712143928035982,3,0
M0,equal_frequency,2021-10-28,2021-10-29,0.0712143928035982,3,0
M0,equal_frequency,2021-10-29,2021-11-01,0.06904069767441859,2,0
M0,equal_frequency,2021-11-01,2021-11-02,0.06904069767441859,2,0
M0,equal_frequency,2021-11-02,2021-11-03,0.06904069767441859,2,0
M0,equal_frequency,2021-11-03,2021-11-04,0.06904069767441859,2,0
M0,equal_frequency,2021-11-04,2021-11-05,0.06904069767441859,2,0
M0,equal_frequency,2021-11-05,2021-11-08,0.06904069767441859,2,0
M0,equal_frequency,2021-11-08,2021-11-09,0.06904069767441859,2,0
M0,equal_frequency,2021-11-09,2021-11-10,0.06904069767441859,2,0
M0,equal_frequency,2021-11-10,2021-11-11,0.06904069767441859,2,0
M0,equal_frequency,2021-11-11,2021-11-12,0.06904069767441859,2,0
M0,equal_frequency,2021-11-12,2021-11-15,0.06904069767441859,2,0
M0,equal_frequency,2021-11-15,2021-11-16,0.06904069767441859,2,0
M0,equal_frequency,2021-11-16,2021-11-17,0.06904069767441859,2,0
M0,equal_frequency,2021-11-17,2021-11-18,0.06904069767441859,2,1
M0,equal_frequency,2021-11-18,2021-11-19,0.06904069767441859,2,1
M0,equal_frequency,2021-11-19,2021-11-22,0.06904069767441859,2,1
M0,equal_frequency,2021-11-22,2021-11-23,0.06904069767441859,2,1
M0,equal_frequency,2021-11-23,2021-11-24,0.06904069767441859,2,1
M0,equal_frequency,2021-11-24,2021-11-26,0.06904069767441859,2,0
M0,equal_frequency,2021-11-26,2021-11-29,0.06904069767441859,2,1
M0,equal_frequency,2021-11-29,2021-11-30,0.06904069767441859,2,0
M0,equal_frequency,2021-11-30,2021-12-01,0.07122708039492241,3,0
M0,equal_frequency,2021-12-01,2021-12-02,0.07122708039492241,3,0
M0,equal_frequency,2021-12-02,2021-12-03,0.07122708039492241,3,0
M0,equal_frequency,2021-12-03,2021-12-06,0.07122708039492241,3,0
M0,equal_frequency,2021-12-06,2021-12-07,0.07122708039492241,3,0
M0,equal_frequency,2021-12-07,2021-12-08,0.07122708039492241,3,0
M0,equal_frequency,2021-12-08,2021-12-09,0.07122708039492241,3,0
M0,equal_frequency,2021-12-09,2021-12-10,0.07122708039492241,3,0
M0,equal_frequency,2021-12-10,2021-12-13,0.07122708039492241,3,0
M0,equal_frequency,2021-12-13,2021-12-14,0.07122708039492241,3,0
M0,equal_frequency,2021-12-14,2021-12-15,0.07122708039492241,3,0
M0,equal_frequency,2021-12-15,2021-12-16,0.07122708039492241,3,0
M0,equal_frequency,2021-12-16,2021-12-17,0.07122708039492241,3,0
M0,equal_frequency,2021-12-17,2021-12-20,0.07122708039492241,3,0
M0,equal_frequency,2021-12-20,2021-12-21,0.07122708039492241,3,0
M0,equal_frequency,2021-12-21,2021-12-22,0.07122708039492241,3,0
M0,equal_frequency,2021-12-22,2021-12-23,0.07122708039492241,3,0
M0,equal_frequency,2021-12-23,2021-12-27,0.07122708039492241,3,0
M0,equal_frequency,2021-12-27,2021-12-28,0.07122708039492241,3,0
M0,equal_frequency,2021-12-28,2021-12-29,0.07122708039492241,3,0
M0,equal_frequency,2021-12-29,2021-12-30,0.07122708039492241,3,0
M0,equal_frequency,2021-12-30,2021-12-31,0.07122708039492241,3,0
M0,equal_frequency,2021-12-31,2022-01-03,0.073187414500684,3,0
M0,equal_frequency,2022-01-03,2022-01-04,0.073187414500684,3,0
M0,equal_frequency,2022-01-04,2022-01-05,0.073187414500684,3,0
M0,equal_frequency,2022-01-05,2022-01-06,0.073187414500684,3,0
M0,equal_frequency,2022-01-06,2022-01-07,0.073187414500684,3,0
M0,equal_frequency,2022-01-07,2022-01-10,0.073187414500684,3,0
M0,equal_frequency,2022-01-10,2022-01-11,0.073187414500684,3,0
M0,equal_frequency,2022-01-11,2022-01-12,0.073187414500684,3,0
M0,equal_frequency,2022-01-12,2022-01-13,0.073187414500684,3,1
M0,equal_frequency,2022-01-13,2022-01-14,0.073187414500684,3,1
M0,equal_frequency,2022-01-14,2022-01-18,0.073187414500684,3,0
M0,equal_frequency,2022-01-18,2022-01-19,0.073187414500684,3,0
M0,equal_frequency,2022-01-19,2022-01-20,0.073187414500684,3,0
M0,equal_frequency,2022-01-20,2022-01-21,0.073187414500684,3,0
M0,equal_frequency,2022-01-21,2022-01-24,0.073187414500684,3,0
M0,equal_frequency,2022-01-24,2022-01-25,0.073187414500684,3,0
M0,equal_frequency,2022-01-25,2022-01-26,0.073187414500684,3,0
M0,equal_frequency,2022-01-26,2022-01-27,0.073187414500684,3,0
M0,equal_frequency,2022-01-27,2022-01-28,0.073187414500684,3,0
M0,equal_frequency,2022-01-28,2022-01-31,0.073187414500684,3,0
M0,equal_frequency,2022-01-31,2022-02-01,0.07390146471371506,4,0
M0,equal_frequency,2022-02-01,2022-02-02,0.07390146471371506,4,0
M0,equal_frequency,2022-02-02,2022-02-03,0.07390146471371506,4,0
M0,equal_frequency,2022-02-03,2022-02-04,0.07390146471371506,4,0
M0,equal_frequency,2022-02-04,2022-02-07,0.07390146471371506,4,0
M0,equal_frequency,2022-02-07,2022-02-08,0.07390146471371506,4,0
M0,equal_frequency,2022-02-08,2022-02-09,0.07390146471371506,4,1
M0,equal_frequency,2022-02-09,2022-02-10,0.07390146471371506,4,0
M0,equal_frequency,2022-02-10,2022-02-11,0.07390146471371506,4,0
M0,equal_frequency,2022-02-11,2022-02-14,0.07390146471371506,4,0
M0,equal_frequency,2022-02-14,2022-02-15,0.07390146471371506,4,0
M0,equal_frequency,2022-02-15,2022-02-16,0.07390146471371506,4,0
M0,equal_frequency,2022-02-16,2022-02-17,0.07390146471371506,4,0
M0,equal_frequency,2022-02-17,2022-02-18,0.07390146471371506,4,0
M0,equal_frequency,2022-02-18,2022-02-22,0.07390146471371506,4,0
M0,equal_frequency,2022-02-22,2022-02-23,0.07390146471371506,4,0
M0,equal_frequency,2022-02-23,2022-02-24,0.07390146471371506,4,0
M0,equal_frequency,2022-02-24,2022-02-25,0.07390146471371506,4,0
M0,equal_frequency,2022-02-25,2022-02-28,0.07390146471371506,4,0
M0,equal_frequency,2022-02-28,2022-03-01,0.07337662337662336,4,0
M0,equal_frequency,2022-03-01,2022-03-02,0.07337662337662336,4,0
M0,equal_frequency,2022-03-02,2022-03-03,0.07337662337662336,4,0
M0,equal_frequency,2022-03-03,2022-03-04,0.07337662337662336,4,0
M0,equal_frequency,2022-03-04,2022-03-07,0.07337662337662336,4,0
M0,equal_frequency,2022-03-07,2022-03-08,0.07337662337662336,4,0
M0,equal_frequency,2022-03-08,2022-03-09,0.07337662337662336,4,0
M0,equal_frequency,2022-03-09,2022-03-10,0.07337662337662336,4,0
M0,equal_frequency,2022-03-10,2022-03-11,0.07337662337662336,4,0
M0,equal_frequency,2022-03-11,2022-03-14,0.07337662337662336,4,0
M0,equal_frequency,2022-03-14,2022-03-15,0.07337662337662336,4,0
M0,equal_frequency,2022-03-15,2022-03-16,0.07337662337662336,4,0
M0,equal_frequency,2022-03-16,2022-03-17,0.07337662337662336,4,0
M0,equal_frequency,2022-03-17,2022-03-18,0.07337662337662336,4,0
M0,equal_frequency,2022-03-18,2022-03-21,0.07337662337662336,4,0
M0,equal_frequency,2022-03-21,2022-03-22,0.07337662337662336,4,0
M0,equal_frequency,2022-03-22,2022-03-23,0.07337662337662336,4,0
M0,equal_frequency,2022-03-23,2022-03-24,0.07337662337662336,4,0
M0,equal_frequency,2022-03-24,2022-03-25,0.07337662337662336,4,0
M0,equal_frequency,2022-03-25,2022-03-28,0.07337662337662336,4,0
M0,equal_frequency,2022-03-28,2022-03-29,0.07337662337662336,4,0
M0,equal_frequency,2022-03-29,2022-03-30,0.07337662337662336,4,0
M0,equal_frequency,2022-03-30,2022-03-31,0.07337662337662336,4,0
M0,equal_frequency,2022-03-31,2022-04-01,0.07124842370744011,3,0
M0,equal_frequency,2022-04-01,2022-04-04,0.07124842370744011,3,0
M0,equal_frequency,2022-04-04,2022-04-05,0.07124842370744011,3,0
M0,equal_frequency,2022-04-05,2022-04-06,0.07124842370744011,3,0
M0,equal_frequency,2022-04-06,2022-04-07,0.07124842370744011,3,0
M0,equal_frequency,2022-04-07,2022-04-08,0.07124842370744011,3,0
M0,equal_frequency,2022-04-08,2022-04-11,0.07124842370744011,3,0
M0,equal_frequency,2022-04-11,2022-04-12,0.07124842370744011,3,0
M0,equal_frequency,2022-04-12,2022-04-13,0.07124842370744011,3,0
M0,equal_frequency,2022-04-13,2022-04-14,0.07124842370744011,3,0
M0,equal_frequency,2022-04-14,2022-04-18,0.07124842370744011,3,0
M0,equal_frequency,2022-04-18,2022-04-19,0.07124842370744011,3,1
M0,equal_frequency,2022-04-19,2022-04-20,0.07124842370744011,3,1
M0,equal_frequency,2022-04-20,2022-04-21,0.07124842370744011,3,1
M0,equal_frequency,2022-04-21,2022-04-22,0.07124842370744011,3,0
M0,equal_frequency,2022-04-22,2022-04-25,0.07124842370744011,3,0
M0,equal_frequency,2022-04-25,2022-04-26,0.07124842370744011,3,0
M0,equal_frequency,2022-04-26,2022-04-27,0.07124842370744011,3,0
M0,equal_frequency,2022-04-27,2022-04-28,0.07124842370744011,3,0
M0,equal_frequency,2022-04-28,2022-04-29,0.07124842370744011,3,0
M0,equal_frequency,2022-04-29,2022-05-02,0.07318573185731857,3,0
M0,equal_frequency,2022-05-02,2022-05-03,0.07318573185731857,3,0
M0,equal_frequency,2022-05-03,2022-05-04,0.07318573185731857,3,1
M0,equal_frequency,2022-05-04,2022-05-05,0.07318573185731857,3,0
M0,equal_frequency,2022-05-05,2022-05-06,0.07318573185731857,3,0
M0,equal_frequency,2022-05-06,2022-05-09,0.07318573185731857,3,0
M0,equal_frequency,2022-05-09,2022-05-10,0.07318573185731857,3,0
M0,equal_frequency,2022-05-10,2022-05-11,0.07318573185731857,3,0
M0,equal_frequency,2022-05-11,2022-05-12,0.07318573185731857,3,0
M0,equal_frequency,2022-05-12,2022-05-13,0.07318573185731857,3,0
M0,equal_frequency,2022-05-13,2022-05-16,0.07318573185731857,3,0
M0,equal_frequency,2022-05-16,2022-05-17,0.07318573185731857,3,0
M0,equal_frequency,2022-05-17,2022-05-18,0.07318573185731857,3,0
M0,equal_frequency,2022-05-18,2022-05-19,0.07318573185731857,3,0
M0,equal_frequency,2022-05-19,2022-05-20,0.07318573185731857,3,0
M0,equal_frequency,2022-05-20,2022-05-23,0.07318573185731857,3,0
M0,equal_frequency,2022-05-23,2022-05-24,0.07318573185731857,3,0
M0,equal_frequency,2022-05-24,2022-05-25,0.07318573185731857,3,0
M0,equal_frequency,2022-05-25,2022-05-26,0.07318573185731857,3,0
M0,equal_frequency,2022-05-26,2022-05-27,0.07318573185731857,3,0
M0,equal_frequency,2022-05-27,2022-05-31,0.07318573185731857,3,0
M0,equal_frequency,2022-05-31,2022-06-01,0.07254196642685852,3,0
M0,equal_frequency,2022-06-01,2022-06-02,0.07254196642685852,3,0
M0,equal_frequency,2022-06-02,2022-06-03,0.07254196642685852,3,0
M0,equal_frequency,2022-06-03,2022-06-06,0.07254196642685852,3,1
M0,equal_frequency,2022-06-06,2022-06-07,0.07254196642685852,3,1
M0,equal_frequency,2022-06-07,2022-06-08,0.07254196642685852,3,1
M0,equal_frequency,2022-06-08,2022-06-09,0.07254196642685852,3,0
M0,equal_frequency,2022-06-09,2022-06-10,0.07254196642685852,3,0
M0,equal_frequency,2022-06-10,2022-06-13,0.07254196642685852,3,0
M0,equal_frequency,2022-06-13,2022-06-14,0.07254196642685852,3,0
M0,equal_frequency,2022-06-14,2022-06-15,0.07254196642685852,3,0
M0,equal_frequency,2022-06-15,2022-06-16,0.07254196642685852,3,0
M0,equal_frequency,2022-06-16,2022-06-17,0.07254196642685852,3,0
M0,equal_frequency,2022-06-17,2022-06-21,0.07254196642685852,3,0
M0,equal_frequency,2022-06-21,2022-06-22,0.07254196642685852,3,0
M0,equal_frequency,2022-06-22,2022-06-23,0.07254196642685852,3,0
M0,equal_frequency,2022-06-23,2022-06-24,0.07254196642685852,3,0
M0,equal_frequency,2022-06-24,2022-06-27,0.07254196642685852,3,0
M0,equal_frequency,2022-06-27,2022-06-28,0.07254196642685852,3,0
M0,equal_frequency,2022-06-28,2022-06-29,0.07254196642685852,3,0
M0,equal_frequency,2022-06-29,2022-06-30,0.07254196642685852,3,0
M0,equal_frequency,2022-06-30,2022-07-01,0.07426900584795323,4,0
M0,equal_frequency,2022-07-01,2022-07-05,0.07426900584795323,4,0
M0,equal_frequency,2022-07-05,2022-07-06,0.07426900584795323,4,0
M0,equal_frequency,2022-07-06,2022-07-07,0.07426900584795323,4,0
M0,equal_frequency,2022-07-07,2022-07-08,0.07426900584795323,4,0
M0,equal_frequency,2022-07-08,2022-07-11,0.07426900584795323,4,0
M0,equal_frequency,2022-07-11,2022-07-12,0.07426900584795323,4,0
M0,equal_frequency,2022-07-12,2022-07-13,0.07426900584795323,4,0
M0,equal_frequency,2022-07-13,2022-07-14,0.07426900584795323,4,0
M0,equal_frequency,2022-07-14,2022-07-15,0.07426900584795323,4,0
M0,equal_frequency,2022-07-15,2022-07-18,0.07426900584795323,4,0
M0,equal_frequency,2022-07-18,2022-07-19,0.07426900584795323,4,0
M0,equal_frequency,2022-07-19,2022-07-20,0.07426900584795323,4,0
M0,equal_frequency,2022-07-20,2022-07-21,0.07426900584795323,4,0
M0,equal_frequency,2022-07-21,2022-07-22,0.07426900584795323,4,0
M0,equal_frequency,2022-07-22,2022-07-25,0.07426900584795323,4,0
M0,equal_frequency,2022-07-25,2022-07-26,0.07426900584795323,4,0
M0,equal_frequency,2022-07-26,2022-07-27,0.07426900584795323,4,0
M0,equal_frequency,2022-07-27,2022-07-28,0.07426900584795323,4,0
M0,equal_frequency,2022-07-28,2022-07-29,0.07426900584795323,4,0
M0,equal_frequency,2022-07-29,2022-08-01,0.07257142857142856,3,0
M0,equal_frequency,2022-08-01,2022-08-02,0.07257142857142856,3,0
M0,equal_frequency,2022-08-02,2022-08-03,0.07257142857142856,3,0
M0,equal_frequency,2022-08-03,2022-08-04,0.07257142857142856,3,0
M0,equal_frequency,2022-08-04,2022-08-05,0.07257142857142856,3,0
M0,equal_frequency,2022-08-05,2022-08-08,0.07257142857142856,3,0
M0,equal_frequency,2022-08-08,2022-08-09,0.07257142857142856,3,0
M0,equal_frequency,2022-08-09,2022-08-10,0.07257142857142856,3,0
M0,equal_frequency,2022-08-10,2022-08-11,0.07257142857142856,3,0
M0,equal_frequency,2022-08-11,2022-08-12,0.07257142857142856,3,0
M0,equal_frequency,2022-08-12,2022-08-15,0.07257142857142856,3,0
M0,equal_frequency,2022-08-15,2022-08-16,0.07257142857142856,3,0
M0,equal_frequency,2022-08-16,2022-08-17,0.07257142857142856,3,0
M0,equal_frequency,2022-08-17,2022-08-18,0.07257142857142856,3,0
M0,equal_frequency,2022-08-18,2022-08-19,0.07257142857142856,3,0
M0,equal_frequency,2022-08-19,2022-08-22,0.07257142857142856,3,0
M0,equal_frequency,2022-08-22,2022-08-23,0.07257142857142856,3,0
M0,equal_frequency,2022-08-23,2022-08-24,0.07257142857142856,3,0
M0,equal_frequency,2022-08-24,2022-08-25,0.07257142857142856,3,0
M0,equal_frequency,2022-08-25,2022-08-26,0.07257142857142856,3,0
M0,equal_frequency,2022-08-26,2022-08-29,0.07257142857142856,3,0
M0,equal_frequency,2022-08-29,2022-08-30,0.07257142857142856,3,0
M0,equal_frequency,2022-08-30,2022-08-31,0.07257142857142856,3,0
M0,equal_frequency,2022-08-31,2022-09-01,0.07071269487750556,2,0
M0,equal_frequency,2022-09-01,2022-09-02,0.07071269487750556,2,0
M0,equal_frequency,2022-09-02,2022-09-06,0.07071269487750556,2,0
M0,equal_frequency,2022-09-06,2022-09-07,0.07071269487750556,2,0
M0,equal_frequency,2022-09-07,2022-09-08,0.07071269487750556,2,0
M0,equal_frequency,2022-09-08,2022-09-09,0.07071269487750556,2,0
M0,equal_frequency,2022-09-09,2022-09-12,0.07071269487750556,2,0
M0,equal_frequency,2022-09-12,2022-09-13,0.07071269487750556,2,0
M0,equal_frequency,2022-09-13,2022-09-14,0.07071269487750556,2,0
M0,equal_frequency,2022-09-14,2022-09-15,0.07071269487750556,2,0
M0,equal_frequency,2022-09-15,2022-09-16,0.07071269487750556,2,0
M0,equal_frequency,2022-09-16,2022-09-19,0.07071269487750556,2,0
M0,equal_frequency,2022-09-19,2022-09-20,0.07071269487750556,2,0
M0,equal_frequency,2022-09-20,2022-09-21,0.07071269487750556,2,0
M0,equal_frequency,2022-09-21,2022-09-22,0.07071269487750556,2,0
M0,equal_frequency,2022-09-22,2022-09-23,0.07071269487750556,2,0
M0,equal_frequency,2022-09-23,2022-09-26,0.07071269487750556,2,0
M0,equal_frequency,2022-09-26,2022-09-27,0.07071269487750556,2,0
M0,equal_frequency,2022-09-27,2022-09-28,0.07071269487750556,2,0
M0,equal_frequency,2022-09-28,2022-09-29,0.07071269487750556,2,0
M0,equal_frequency,2022-09-29,2022-09-30,0.07071269487750556,2,0
M0,equal_frequency,2022-09-30,2022-10-03,0.0690968443960827,2,0
M0,equal_frequency,2022-10-03,2022-10-04,0.0690968443960827,2,0
M0,equal_frequency,2022-10-04,2022-10-05,0.0690968443960827,2,0
M0,equal_frequency,2022-10-05,2022-10-06,0.0690968443960827,2,0
M0,equal_frequency,2022-10-06,2022-10-07,0.0690968443960827,2,0
M0,equal_frequency,2022-10-07,2022-10-10,0.0690968443960827,2,0
M0,equal_frequency,2022-10-10,2022-10-11,0.0690968443960827,2,0
M0,equal_frequency,2022-10-11,2022-10-12,0.0690968443960827,2,0
M0,equal_frequency,2022-10-12,2022-10-13,0.0690968443960827,2,0
M0,equal_frequency,2022-10-13,2022-10-14,0.0690968443960827,2,0
M0,equal_frequency,2022-10-14,2022-10-17,0.0690968443960827,2,0
M0,equal_frequency,2022-10-17,2022-10-18,0.0690968443960827,2,0
M0,equal_frequency,2022-10-18,2022-10-19,0.0690968443960827,2,0
M0,equal_frequency,2022-10-19,2022-10-20,0.0690968443960827,2,0
M0,equal_frequency,2022-10-20,2022-10-21,0.0690968443960827,2,0
M0,equal_frequency,2022-10-21,2022-10-24,0.0690968443960827,2,0
M0,equal_frequency,2022-10-24,2022-10-25,0.0690968443960827,2,0
M0,equal_frequency,2022-10-25,2022-10-26,0.0690968443960827,2,0
M0,equal_frequency,2022-10-26,2022-10-27,0.0690968443960827,2,0
M0,equal_frequency,2022-10-27,2022-10-28,0.0690968443960827,2,0
M0,equal_frequency,2022-10-28,2022-10-31,0.0690968443960827,2,0
M0,equal_frequency,2022-10-31,2022-11-01,0.0675531914893617,2,0
M0,equal_frequency,2022-11-01,2022-11-02,0.0675531914893617,2,0
M0,equal_frequency,2022-11-02,2022-11-03,0.0675531914893617,2,0
M0,equal_frequency,2022-11-03,2022-11-04,0.0675531914893617,2,0
M0,equal_frequency,2022-11-04,2022-11-07,0.0675531914893617,2,0
M0,equal_frequency,2022-11-07,2022-11-08,0.0675531914893617,2,0
M0,equal_frequency,2022-11-08,2022-11-09,0.0675531914893617,2,0
M0,equal_frequency,2022-11-09,2022-11-10,0.0675531914893617,2,0
M0,equal_frequency,2022-11-10,2022-11-11,0.0675531914893617,2,0
M0,equal_frequency,2022-11-11,2022-11-14,0.0675531914893617,2,0
M0,equal_frequency,2022-11-14,2022-11-15,0.0675531914893617,2,0
M0,equal_frequency,2022-11-15,2022-11-16,0.0675531914893617,2,0
M0,equal_frequency,2022-11-16,2022-11-17,0.0675531914893617,2,0
M0,equal_frequency,2022-11-17,2022-11-18,0.0675531914893617,2,0
M0,equal_frequency,2022-11-18,2022-11-21,0.0675531914893617,2,0
M0,equal_frequency,2022-11-21,2022-11-22,0.0675531914893617,2,0
M0,equal_frequency,2022-11-22,2022-11-23,0.0675531914893617,2,0
M0,equal_frequency,2022-11-23,2022-11-25,0.0675531914893617,2,0
M0,equal_frequency,2022-11-25,2022-11-28,0.0675531914893617,2,0
M0,equal_frequency,2022-11-28,2022-11-29,0.0675531914893617,2,0
M0,equal_frequency,2022-11-29,2022-11-30,0.0675531914893617,2,0
M0,equal_frequency,2022-11-30,2022-12-01,0.06607700312174818,2,0
M0,equal_frequency,2022-12-01,2022-12-02,0.06607700312174818,2,0
M0,equal_frequency,2022-12-02,2022-12-05,0.06607700312174818,2,0
M0,equal_frequency,2022-12-05,2022-12-06,0.06607700312174818,2,0
M0,equal_frequency,2022-12-06,2022-12-07,0.06607700312174818,2,0
M0,equal_frequency,2022-12-07,2022-12-08,0.06607700312174818,2,0
M0,equal_frequency,2022-12-08,2022-12-09,0.06607700312174818,2,0
M0,equal_frequency,2022-12-09,2022-12-12,0.06607700312174818,2,0
M0,equal_frequency,2022-12-12,2022-12-13,0.06607700312174818,2,0
M0,equal_frequency,2022-12-13,2022-12-14,0.06607700312174818,2,0
M0,equal_frequency,2022-12-14,2022-12-15,0.06607700312174818,2,0
M0,equal_frequency,2022-12-15,2022-12-16,0.06607700312174818,2,0
M0,equal_frequency,2022-12-16,2022-12-19,0.06607700312174818,2,0
M0,equal_frequency,2022-12-19,2022-12-20,0.06607700312174818,2,0
M0,equal_frequency,2022-12-20,2022-12-21,0.06607700312174818,2,0
M0,equal_frequency,2022-12-21,2022-12-22,0.06607700312174818,2,0
M0,equal_frequency,2022-12-22,2022-12-23,0.06607700312174818,2,0
M0,equal_frequency,2022-12-23,2022-12-27,0.06607700312174818,2,0
M0,equal_frequency,2022-12-27,2022-12-28,0.06607700312174818,2,0
M0,equal_frequency,2022-12-28,2022-12-29,0.06607700312174818,2,0
M0,equal_frequency,2022-12-29,2022-12-30,0.06607700312174818,2,0
M0,equal_frequency,2022-12-30,2023-01-03,0.06466395112016293,2,0
M0,equal_frequency,2023-01-03,2023-01-04,0.06466395112016293,2,0
M0,equal_frequency,2023-01-04,2023-01-05,0.06466395112016293,2,0
M0,equal_frequency,2023-01-05,2023-01-06,0.06466395112016293,2,0
M0,equal_frequency,2023-01-06,2023-01-09,0.06466395112016293,2,0
M0,equal_frequency,2023-01-09,2023-01-10,0.06466395112016293,2,0
M0,equal_frequency,2023-01-10,2023-01-11,0.06466395112016293,2,0
M0,equal_frequency,2023-01-11,2023-01-12,0.06466395112016293,2,0
M0,equal_frequency,2023-01-12,2023-01-13,0.06466395112016293,2,0
M0,equal_frequency,2023-01-13,2023-01-17,0.06466395112016293,2,0
M0,equal_frequency,2023-01-17,2023-01-18,0.06466395112016293,2,0
M0,equal_frequency,2023-01-18,2023-01-19,0.06466395112016293,2,0
M0,equal_frequency,2023-01-19,2023-01-20,0.06466395112016293,2,0
M0,equal_frequency,2023-01-20,2023-01-23,0.06466395112016293,2,0
M0,equal_frequency,2023-01-23,2023-01-24,0.06466395112016293,2,0
M0,equal_frequency,2023-01-24,2023-01-25,0.06466395112016293,2,0
M0,equal_frequency,2023-01-25,2023-01-26,0.06466395112016293,2,0
M0,equal_frequency,2023-01-26,2023-01-27,0.06466395112016293,2,0
M0,equal_frequency,2023-01-27,2023-01-30,0.06466395112016293,2,0
M0,equal_frequency,2023-01-30,2023-01-31,0.06466395112016293,2,0
M0,equal_frequency,2023-01-31,2023-02-01,0.06337325349301395,1,0
M0,equal_frequency,2023-02-01,2023-02-02,0.06337325349301395,1,0
M0,equal_frequency,2023-02-02,2023-02-03,0.06337325349301395,1,0
M0,equal_frequency,2023-02-03,2023-02-06,0.06337325349301395,1,0
M0,equal_frequency,2023-02-06,2023-02-07,0.06337325349301395,1,0
M0,equal_frequency,2023-02-07,2023-02-08,0.06337325349301395,1,0
M0,equal_frequency,2023-02-08,2023-02-09,0.06337325349301395,1,0
M0,equal_frequency,2023-02-09,2023-02-10,0.06337325349301395,1,0
M0,equal_frequency,2023-02-10,2023-02-13,0.06337325349301395,1,0
M0,equal_frequency,2023-02-13,2023-02-14,0.06337325349301395,1,0
M0,equal_frequency,2023-02-14,2023-02-15,0.06337325349301395,1,0
M0,equal_frequency,2023-02-15,2023-02-16,0.06337325349301395,1,0
M0,equal_frequency,2023-02-16,2023-02-17,0.06337325349301395,1,0
M0,equal_frequency,2023-02-17,2023-02-21,0.06337325349301395,1,0
M0,equal_frequency,2023-02-21,2023-02-22,0.06337325349301395,1,0
M0,equal_frequency,2023-02-22,2023-02-23,0.06337325349301395,1,0
M0,equal_frequency,2023-02-23,2023-02-24,0.06337325349301395,1,0
M0,equal_frequency,2023-02-24,2023-02-27,0.06337325349301395,1,0
M0,equal_frequency,2023-02-27,2023-02-28,0.06337325349301395,1,0
M0,equal_frequency,2023-02-28,2023-03-01,0.062193927522037236,1,0
M0,equal_frequency,2023-03-01,2023-03-02,0.062193927522037236,1,0
M0,equal_frequency,2023-03-02,2023-03-03,0.062193927522037236,1,1
M0,equal_frequency,2023-03-03,2023-03-06,0.062193927522037236,1,1
M0,equal_frequency,2023-03-06,2023-03-07,0.062193927522037236,1,1
M0,equal_frequency,2023-03-07,2023-03-08,0.062193927522037236,1,1
M0,equal_frequency,2023-03-08,2023-03-09,0.062193927522037236,1,0
M0,equal_frequency,2023-03-09,2023-03-10,0.062193927522037236,1,0
M0,equal_frequency,2023-03-10,2023-03-13,0.062193927522037236,1,0
M0,equal_frequency,2023-03-13,2023-03-14,0.062193927522037236,1,0
M0,equal_frequency,2023-03-14,2023-03-15,0.062193927522037236,1,0
M0,equal_frequency,2023-03-15,2023-03-16,0.062193927522037236,1,0
M0,equal_frequency,2023-03-16,2023-03-17,0.062193927522037236,1,0
M0,equal_frequency,2023-03-17,2023-03-20,0.062193927522037236,1,0
M0,equal_frequency,2023-03-20,2023-03-21,0.062193927522037236,1,0
M0,equal_frequency,2023-03-21,2023-03-22,0.062193927522037236,1,0
M0,equal_frequency,2023-03-22,2023-03-23,0.062193927522037236,1,0
M0,equal_frequency,2023-03-23,2023-03-24,0.062193927522037236,1,0
M0,equal_frequency,2023-03-24,2023-03-27,0.062193927522037236,1,0
M0,equal_frequency,2023-03-27,2023-03-28,0.062193927522037236,1,0
M0,equal_frequency,2023-03-28,2023-03-29,0.062193927522037236,1,0
M0,equal_frequency,2023-03-29,2023-03-30,0.062193927522037236,1,0
M0,equal_frequency,2023-03-30,2023-03-31,0.062193927522037236,1,0
M0,equal_frequency,2023-03-31,2023-04-03,0.06465517241379312,2,0
M0,equal_frequency,2023-04-03,2023-04-04,0.06465517241379312,2,0
M0,equal_frequency,2023-04-04,2023-04-05,0.06465517241379312,2,0
M0,equal_frequency,2023-04-05,2023-04-06,0.06465517241379312,2,0
M0,equal_frequency,2023-04-06,2023-04-10,0.06465517241379312,2,0
M0,equal_frequency,2023-04-10,2023-04-11,0.06465517241379312,2,0
M0,equal_frequency,2023-04-11,2023-04-12,0.06465517241379312,2,0
M0,equal_frequency,2023-04-12,2023-04-13,0.06465517241379312,2,0
M0,equal_frequency,2023-04-13,2023-04-14,0.06465517241379312,2,0
M0,equal_frequency,2023-04-14,2023-04-17,0.06465517241379312,2,0
M0,equal_frequency,2023-04-17,2023-04-18,0.06465517241379312,2,0
M0,equal_frequency,2023-04-18,2023-04-19,0.06465517241379312,2,0
M0,equal_frequency,2023-04-19,2023-04-20,0.06465517241379312,2,0
M0,equal_frequency,2023-04-20,2023-04-21,0.06465517241379312,2,0
M0,equal_frequency,2023-04-21,2023-04-24,0.06465517241379312,2,0
M0,equal_frequency,2023-04-24,2023-04-25,0.06465517241379312,2,0
M0,equal_frequency,2023-04-25,2023-04-26,0.06465517241379312,2,0
M0,equal_frequency,2023-04-26,2023-04-27,0.06465517241379312,2,0
M0,equal_frequency,2023-04-27,2023-04-28,0.06465517241379312,2,0
M0,equal_frequency,2023-04-28,2023-05-01,0.06349952963311381,2,0
M0,equal_frequency,2023-05-01,2023-05-02,0.06349952963311381,2,0
M0,equal_frequency,2023-05-02,2023-05-03,0.06349952963311381,2,0
M0,equal_frequency,2023-05-03,2023-05-04,0.06349952963311381,2,0
M0,equal_frequency,2023-05-04,2023-05-05,0.06349952963311381,2,0
M0,equal_frequency,2023-05-05,2023-05-08,0.06349952963311381,2,0
M0,equal_frequency,2023-05-08,2023-05-09,0.06349952963311381,2,0
M0,equal_frequency,2023-05-09,2023-05-10,0.06349952963311381,2,0
M0,equal_frequency,2023-05-10,2023-05-11,0.06349952963311381,2,0
M0,equal_frequency,2023-05-11,2023-05-12,0.06349952963311381,2,0
M0,equal_frequency,2023-05-12,2023-05-15,0.06349952963311381,2,0
M0,equal_frequency,2023-05-15,2023-05-16,0.06349952963311381,2,0
M0,equal_frequency,2023-05-16,2023-05-17,0.06349952963311381,2,0
M0,equal_frequency,2023-05-17,2023-05-18,0.06349952963311381,2,0
M0,equal_frequency,2023-05-18,2023-05-19,0.06349952963311381,2,0
M0,equal_frequency,2023-05-19,2023-05-22,0.06349952963311381,2,0
M0,equal_frequency,2023-05-22,2023-05-23,0.06349952963311381,2,0
M0,equal_frequency,2023-05-23,2023-05-24,0.06349952963311381,2,0
M0,equal_frequency,2023-05-24,2023-05-25,0.06349952963311381,2,0
M0,equal_frequency,2023-05-25,2023-05-26,0.06349952963311381,2,0
M0,equal_frequency,2023-05-26,2023-05-30,0.06349952963311381,2,0
M0,equal_frequency,2023-05-30,2023-05-31,0.06349952963311381,2,0
M0,equal_frequency,2023-05-31,2023-06-01,0.06221198156682027,1,0
M0,equal_frequency,2023-06-01,2023-06-02,0.06221198156682027,1,0
M0,equal_frequency,2023-06-02,2023-06-05,0.06221198156682027,1,0
M0,equal_frequency,2023-06-05,2023-06-06,0.06221198156682027,1,0
M0,equal_frequency,2023-06-06,2023-06-07,0.06221198156682027,1,0
M0,equal_frequency,2023-06-07,2023-06-08,0.06221198156682027,1,0
M0,equal_frequency,2023-06-08,2023-06-09,0.06221198156682027,1,0
M0,equal_frequency,2023-06-09,2023-06-12,0.06221198156682027,1,0
M0,equal_frequency,2023-06-12,2023-06-13,0.06221198156682027,1,0
M0,equal_frequency,2023-06-13,2023-06-14,0.06221198156682027,1,0
M0,equal_frequency,2023-06-14,2023-06-15,0.06221198156682027,1,0
M0,equal_frequency,2023-06-15,2023-06-16,0.06221198156682027,1,0
M0,equal_frequency,2023-06-16,2023-06-20,0.06221198156682027,1,0
M0,equal_frequency,2023-06-20,2023-06-21,0.06221198156682027,1,0
M0,equal_frequency,2023-06-21,2023-06-22,0.06221198156682027,1,0
M0,equal_frequency,2023-06-22,2023-06-23,0.06221198156682027,1,0
M0,equal_frequency,2023-06-23,2023-06-26,0.06221198156682027,1,0
M0,equal_frequency,2023-06-26,2023-06-27,0.06221198156682027,1,0
M0,equal_frequency,2023-06-27,2023-06-28,0.06221198156682027,1,0
M0,equal_frequency,2023-06-28,2023-06-29,0.06221198156682027,1,0
M0,equal_frequency,2023-06-29,2023-06-30,0.06221198156682027,1,0
M0,equal_frequency,2023-06-30,2023-07-03,0.06103074141048824,1,0
M0,equal_frequency,2023-07-03,2023-07-05,0.06103074141048824,1,0
M0,equal_frequency,2023-07-05,2023-07-06,0.06103074141048824,1,0
M0,equal_frequency,2023-07-06,2023-07-07,0.06103074141048824,1,0
M0,equal_frequency,2023-07-07,2023-07-10,0.06103074141048824,1,0
M0,equal_frequency,2023-07-10,2023-07-11,0.06103074141048824,1,0
M0,equal_frequency,2023-07-11,2023-07-12,0.06103074141048824,1,0
M0,equal_frequency,2023-07-12,2023-07-13,0.06103074141048824,1,0
M0,equal_frequency,2023-07-13,2023-07-14,0.06103074141048824,1,0
M0,equal_frequency,2023-07-14,2023-07-17,0.06103074141048824,1,0
M0,equal_frequency,2023-07-17,2023-07-18,0.06103074141048824,1,0
M0,equal_frequency,2023-07-18,2023-07-19,0.06103074141048824,1,0
M0,equal_frequency,2023-07-19,2023-07-20,0.06103074141048824,1,0
M0,equal_frequency,2023-07-20,2023-07-21,0.06103074141048824,1,0
M0,equal_frequency,2023-07-21,2023-07-24,0.06103074141048824,1,0
M0,equal_frequency,2023-07-24,2023-07-25,0.06103074141048824,1,0
M0,equal_frequency,2023-07-25,2023-07-26,0.06103074141048824,1,0
M0,equal_frequency,2023-07-26,2023-07-27,0.06103074141048824,1,0
M0,equal_frequency,2023-07-27,2023-07-28,0.06103074141048824,1,0
M0,equal_frequency,2023-07-28,2023-07-31,0.06103074141048824,1,0
M0,equal_frequency,2023-07-31,2023-08-01,0.0599467140319716,1,0
M0,equal_frequency,2023-08-01,2023-08-02,0.0599467140319716,1,0
M0,equal_frequency,2023-08-02,2023-08-03,0.0599467140319716,1,0
M0,equal_frequency,2023-08-03,2023-08-04,0.0599467140319716,1,0
M0,equal_frequency,2023-08-04,2023-08-07,0.0599467140319716,1,0
M0,equal_frequency,2023-08-07,2023-08-08,0.0599467140319716,1,0
M0,equal_frequency,2023-08-08,2023-08-09,0.0599467140319716,1,0
M0,equal_frequency,2023-08-09,2023-08-10,0.0599467140319716,1,0
M0,equal_frequency,2023-08-10,2023-08-11,0.0599467140319716,1,0
M0,equal_frequency,2023-08-11,2023-08-14,0.0599467140319716,1,0
M0,equal_frequency,2023-08-14,2023-08-15,0.0599467140319716,1,0
M0,equal_frequency,2023-08-15,2023-08-16,0.0599467140319716,1,0
M0,equal_frequency,2023-08-16,2023-08-17,0.0599467140319716,1,0
M0,equal_frequency,2023-08-17,2023-08-18,0.0599467140319716,1,0
M0,equal_frequency,2023-08-18,2023-08-21,0.0599467140319716,1,0
M0,equal_frequency,2023-08-21,2023-08-22,0.0599467140319716,1,0
M0,equal_frequency,2023-08-22,2023-08-23,0.0599467140319716,1,0
M0,equal_frequency,2023-08-23,2023-08-24,0.0599467140319716,1,0
M0,equal_frequency,2023-08-24,2023-08-25,0.0599467140319716,1,0
M0,equal_frequency,2023-08-25,2023-08-28,0.0599467140319716,1,0
M0,equal_frequency,2023-08-28,2023-08-29,0.0599467140319716,1,0
M0,equal_frequency,2023-08-29,2023-08-30,0.0599467140319716,1,0
M0,equal_frequency,2023-08-30,2023-08-31,0.0599467140319716,1,0
M0,equal_frequency,2023-08-31,2023-09-01,0.0587467362924282,1,0
M0,equal_frequency,2023-09-01,2023-09-05,0.0587467362924282,1,0
M0,equal_frequency,2023-09-05,2023-09-06,0.0587467362924282,1,0
M0,equal_frequency,2023-09-06,2023-09-07,0.0587467362924282,1,0
M0,equal_frequency,2023-09-07,2023-09-08,0.0587467362924282,1,0
M0,equal_frequency,2023-09-08,2023-09-11,0.0587467362924282,1,0
M0,equal_frequency,2023-09-11,2023-09-12,0.0587467362924282,1,0
M0,equal_frequency,2023-09-12,2023-09-13,0.0587467362924282,1,0
M0,equal_frequency,2023-09-13,2023-09-14,0.0587467362924282,1,0
M0,equal_frequency,2023-09-14,2023-09-15,0.0587467362924282,1,0
M0,equal_frequency,2023-09-15,2023-09-18,0.0587467362924282,1,0
M0,equal_frequency,2023-09-18,2023-09-19,0.0587467362924282,1,1
M0,equal_frequency,2023-09-19,2023-09-20,0.0587467362924282,1,0
M0,equal_frequency,2023-09-20,2023-09-21,0.0587467362924282,1,0
M0,equal_frequency,2023-09-21,2023-09-22,0.0587467362924282,1,0
M0,equal_frequency,2023-09-22,2023-09-25,0.0587467362924282,1,0
M0,equal_frequency,2023-09-25,2023-09-26,0.0587467362924282,1,0
M0,equal_frequency,2023-09-26,2023-09-27,0.0587467362924282,1,0
M0,equal_frequency,2023-09-27,2023-09-28,0.0587467362924282,1,0
M0,equal_frequency,2023-09-28,2023-09-29,0.0587467362924282,1,0
M0,equal_frequency,2023-09-29,2023-10-02,0.05859709153122328,1,0
M0,equal_frequency,2023-10-02,2023-10-03,0.05859709153122328,1,0
M0,equal_frequency,2023-10-03,2023-10-04,0.05859709153122328,1,0
M0,equal_frequency,2023-10-04,2023-10-05,0.05859709153122328,1,0
M0,equal_frequency,2023-10-05,2023-10-06,0.05859709153122328,1,0
M0,equal_frequency,2023-10-06,2023-10-09,0.05859709153122328,1,0
M0,equal_frequency,2023-10-09,2023-10-10,0.05859709153122328,1,0
M0,equal_frequency,2023-10-10,2023-10-11,0.05859709153122328,1,0
M0,equal_frequency,2023-10-11,2023-10-12,0.05859709153122328,1,0
M0,equal_frequency,2023-10-12,2023-10-13,0.05859709153122328,1,0
M0,equal_frequency,2023-10-13,2023-10-16,0.05859709153122328,1,0
M0,equal_frequency,2023-10-16,2023-10-17,0.05859709153122328,1,0
M0,equal_frequency,2023-10-17,2023-10-18,0.05859709153122328,1,0
M0,equal_frequency,2023-10-18,2023-10-19,0.05859709153122328,1,0
M0,equal_frequency,2023-10-19,2023-10-20,0.05859709153122328,1,0
M0,equal_frequency,2023-10-20,2023-10-23,0.05859709153122328,1,0
M0,equal_frequency,2023-10-23,2023-10-24,0.05859709153122328,1,0
M0,equal_frequency,2023-10-24,2023-10-25,0.05859709153122328,1,0
M0,equal_frequency,2023-10-25,2023-10-26,0.05859709153122328,1,0
M0,equal_frequency,2023-10-26,2023-10-27,0.05859709153122328,1,0
M0,equal_frequency,2023-10-27,2023-10-30,0.05859709153122328,1,0
M0,equal_frequency,2023-10-30,2023-10-31,0.05859709153122328,1,0
M0,equal_frequency,2023-10-31,2023-11-01,0.05751469353484465,1,0
M0,equal_frequency,2023-11-01,2023-11-02,0.05751469353484465,1,0
M0,equal_frequency,2023-11-02,2023-11-03,0.05751469353484465,1,0
M0,equal_frequency,2023-11-03,2023-11-06,0.05751469353484465,1,0
M0,equal_frequency,2023-11-06,2023-11-07,0.05751469353484465,1,0
M0,equal_frequency,2023-11-07,2023-11-08,0.05751469353484465,1,0
M0,equal_frequency,2023-11-08,2023-11-09,0.05751469353484465,1,0
M0,equal_frequency,2023-11-09,2023-11-10,0.05751469353484465,1,0
M0,equal_frequency,2023-11-10,2023-11-13,0.05751469353484465,1,0
M0,equal_frequency,2023-11-13,2023-11-14,0.05751469353484465,1,0
M0,equal_frequency,2023-11-14,2023-11-15,0.05751469353484465,1,0
M0,equal_frequency,2023-11-15,2023-11-16,0.05751469353484465,1,0
M0,equal_frequency,2023-11-16,2023-11-17,0.05751469353484465,1,0
M0,equal_frequency,2023-11-17,2023-11-20,0.05751469353484465,1,0
M0,equal_frequency,2023-11-20,2023-11-21,0.05751469353484465,1,0
M0,equal_frequency,2023-11-21,2023-11-22,0.05751469353484465,1,0
M0,equal_frequency,2023-11-22,2023-11-24,0.05751469353484465,1,0
M0,equal_frequency,2023-11-24,2023-11-27,0.05751469353484465,1,0
M0,equal_frequency,2023-11-27,2023-11-28,0.05751469353484465,1,0
M0,equal_frequency,2023-11-28,2023-11-29,0.05751469353484465,1,0
M0,equal_frequency,2023-11-29,2023-11-30,0.05751469353484465,1,0
M0,equal_frequency,2023-11-30,2023-12-01,0.05651815181518153,1,0
M0,equal_frequency,2023-12-01,2023-12-04,0.05651815181518153,1,0
M0,equal_frequency,2023-12-04,2023-12-05,0.05651815181518153,1,0
M0,equal_frequency,2023-12-05,2023-12-06,0.05651815181518153,1,0
M0,equal_frequency,2023-12-06,2023-12-07,0.05651815181518153,1,0
M0,equal_frequency,2023-12-07,2023-12-08,0.05651815181518153,1,0
M0,equal_frequency,2023-12-08,2023-12-11,0.05651815181518153,1,0
M0,equal_frequency,2023-12-11,2023-12-12,0.05651815181518153,1,0
M0,equal_frequency,2023-12-12,2023-12-13,0.05651815181518153,1,0
M0,equal_frequency,2023-12-13,2023-12-14,0.05651815181518153,1,0
M0,equal_frequency,2023-12-14,2023-12-15,0.05651815181518153,1,0
M0,equal_frequency,2023-12-15,2023-12-18,0.05651815181518153,1,0
M0,equal_frequency,2023-12-18,2023-12-19,0.05651815181518153,1,0
M0,equal_frequency,2023-12-19,2023-12-20,0.05651815181518153,1,0
M0,equal_frequency,2023-12-20,2023-12-21,0.05651815181518153,1,0
M1,equal_width,2020-09-10,2020-09-11,0.05227312706546723,1,0
M1,equal_width,2020-09-11,2020-09-14,0.022425978834836574,1,0
M1,equal_width,2020-09-14,2020-09-15,0.032478491007681735,1,0
M1,equal_width,2020-09-15,2020-09-16,0.03522329650318398,1,0
M1,equal_width,2020-09-16,2020-09-17,0.014971428522740773,1,0
M1,equal_width,2020-09-17,2020-09-18,0.018741365164006592,1,0
M1,equal_width,2020-09-18,2020-09-21,0.015622018897692722,1,0
M1,equal_width,2020-09-21,2020-09-22,0.023803266923226696,1,0
M1,equal_width,2020-09-22,2020-09-23,0.018610534623487343,1,0
M1,equal_width,2020-09-23,2020-09-24,0.02167886909805576,1,0
M1,equal_width,2020-09-24,2020-09-25,0.026203096051851466,1,0
M1,equal_width,2020-09-25,2020-09-28,0.019518766127782163,1,0
M1,equal_width,2020-09-28,2020-09-29,0.025968061115718304,1,0
M1,equal_width,2020-09-29,2020-09-30,0.026609962727911458,1,0
M1,equal_width,2020-09-30,2020-10-01,0.022368823729618344,1,0
M1,equal_width,2020-10-01,2020-10-02,0.02591174419064958,1,0
M1,equal_width,2020-10-02,2020-10-05,0.026028192683477044,1,0
M1,equal_width,2020-10-05,2020-10-06,0.048246002840917776,1,0
M1,equal_width,2020-10-06,2020-10-07,0.07357090401960507,1,0
M1,equal_width,2020-10-07,2020-10-08,0.06811371680028902,1,0
M1,equal_width,2020-10-08,2020-10-09,0.047900402623759365,1,0
M1,equal_width,2020-10-09,2020-10-12,0.04683138388619331,1,0
M1,equal_width,2020-10-12,2020-10-13,0.06090278817705527,1,0
M1,equal_width,2020-10-13,2020-10-14,0.07797241913443614,1,0
M1,equal_width,2020-10-14,2020-10-15,0.07773502821265424,1,0
M1,equal_width,2020-10-15,2020-10-16,0.08659893011858684,1,0
M1,equal_width,2020-10-16,2020-10-19,0.0897952246947583,1,0
M1,equal_width,2020-10-19,2020-10-20,0.10035272780311498,1,0
M1,equal_width,2020-10-20,2020-10-21,0.11565965770004409,1,1
M1,equal_width,2020-10-21,2020-10-22,0.08996933237295035,1,1
M1,equal_width,2020-10-22,2020-10-23,0.10984931897006259,1,1
M1,equal_width,2020-10-23,2020-10-26,0.10319377499666647,1,0
M1,equal_width,2020-10-26,2020-10-27,0.24127788531456598,2,0
M1,equal_width,2020-10-27,2020-10-28,0.25259908236264894,2,0
M1,equal_width,2020-10-28,2020-10-29,0.38249443469059186,2,0
M1,equal_width,2020-10-29,2020-10-30,0.32441479488345654,2,0
M1,equal_width,2020-10-30,2020-11-02,0.3119477474231265,2,0
M1,equal_width,2020-11-02,2020-11-03,0.28797860429154554,2,0
M1,equal_width,2020-11-03,2020-11-04,0.28242158223328234,2,0
M1,equal_width,2020-11-04,2020-11-05,0.1005944989152327,1,0
M1,equal_width,2020-11-05,2020-11-06,0.0766731343391849,1,0
M1,equal_width,2020-11-06,2020-11-09,0.03870904423715485,1,0
M1,equal_width,2020-11-09,2020-11-10,0.07548065200410232,1,0
M1,equal_width,2020-11-10,2020-11-11,0.05799734983150999,1,0
M1,equal_width,2020-11-11,2020-11-12,0.05466427491519145,1,0
M1,equal_width,2020-11-12,2020-11-13,0.06901256635546639,1,0
M1,equal_width,2020-11-13,2020-11-16,0.05562933220241008,1,0
M1,equal_width,2020-11-16,2020-11-17,0.04574436646537146,1,0
M1,equal_width,2020-11-17,2020-11-18,0.05966903136982283,1,0
M1,equal_width,2020-11-18,2020-11-19,0.060099781492689026,1,0
M1,equal_width,2020-11-19,2020-11-20,0.044528449873387964,1,0
M1,equal_width,2020-11-20,2020-11-23,0.057001490289045206,1,0
M1,equal_width,2020-11-23,2020-11-24,0.039034836005322954,1,0
M1,equal_width,2020-11-24,2020-11-25,0.03672410938854629,1,0
M1,equal_width,2020-11-25,2020-11-27,0.034833261666370276,1,0
M1,equal_width,2020-11-27,2020-11-30,0.053109967886346254,1,0
M1,equal_width,2020-11-30,2020-12-01,0.04289271568215509,1,0
M1,equal_width,2020-12-01,2020-12-02,0.05782047157075031,1,0
M1,equal_width,2020-12-02,2020-12-03,0.07025904066598847,1,0
M1,equal_width,2020-12-03,2020-12-04,0.08217725194625175,1,0
M1,equal_width,2020-12-04,2020-12-07,0.07045130105940269,1,0
M1,equal_width,2020-12-07,2020-12-08,0.08417642654214084,1,0
M1,equal_width,2020-12-08,2020-12-09,0.06653009729110626,1,0
M1,equal_width,2020-12-09,2020-12-10,0.08927415625207143,1,0
M1,equal_width,2020-12-10,2020-12-11,0.09021362709770794,1,0
M1,equal_width,2020-12-11,2020-12-14,0.09959959503166665,1,0
M1,equal_width,2020-12-14,2020-12-15,0.13841515888281697,1,0
M1,equal_width,2020-12-15,2020-12-16,0.11587934380671469,1,0
M1,equal_width,2020-12-16,2020-12-17,0.0691005068626756,1,0
M1,equal_width,2020-12-17,2020-12-18,0.05940657806025868,1,0
M1,equal_width,2020-12-18,2020-12-21,0.0531590414685045,1,0
M1,equal_width,2020-12-21,2020-12-22,0.1251294933861692,1,0
M1,equal_width,2020-12-22,2020-12-23,0.10822207754016801,1,0
M1,equal_width,2020-12-23,2020-12-24,0.1001191798776729,1,0
M1,equal_width,2020-12-24,2020-12-28,0.05307489602007932,1,0
M1,equal_width,2020-12-28,2020-12-29,0.06087762822810615,1,0
M1,equal_width,2020-12-29,2020-12-30,0.061338047201174827,1,0
M1,equal_width,2020-12-30,2020-12-31,0.07332864410118489,1,0
M1,equal_width,2020-12-31,2021-01-04,0.07644581774030149,1,0
M1,equal_width,2021-01-04,2021-01-05,0.15724972005880442,1,0
M1,equal_width,2021-01-05,2021-01-06,0.11397784135264806,1,0
M1,equal_width,2021-01-06,2021-01-07,0.1002414193807103,1,0
M1,equal_width,2021-01-07,2021-01-08,0.0723713271691088,1,0
M1,equal_width,2021-01-08,2021-01-11,0.05327297276050703,1,0
M1,equal_width,2021-01-11,2021-01-12,0.07349847012820693,1,0
M1,equal_width,2021-01-12,2021-01-13,0.06866457339784267,1,0
M1,equal_width,2021-01-13,2021-01-14,0.04907474279790056,1,0
M1,equal_width,2021-01-14,2021-01-15,0.07563661841398965,1,0
M1,equal_width,2021-01-15,2021-01-19,0.0782264346027504,1,0
M1,equal_width,2021-01-19,2021-01-20,0.050843113454504034,1,1
M1,equal_width,2021-01-20,2021-01-21,0.03309441029746105,1,1
M1,equal_width,2021-01-21,2021-01-22,0.03147639679023964,1,1
M1,equal_width,2021-01-22,2021-01-25,0.03546002142411072,1,1
M1,equal_width,2021-01-25,2021-01-26,0.05047825074154623,1,1
M1,equal_width,2021-01-26,2021-01-27,0.04871678405506566,1,0
M1,equal_width,2021-01-27,2021-01-28,0.4671159702233827,3,0
M1,equal_width,2021-01-28,2021-01-29,0.16397437427338704,1,0
M1,equal_width,2021-01-29,2021-02-01,0.20408131100600152,2,0
M1,equal_width,2021-02-01,2021-02-02,0.12377659221065487,1,0
M1,equal_width,2021-02-02,2021-02-03,0.05980611381597008,1,0
M1,equal_width,2021-02-03,2021-02-04,0.014420556720422847,1,0
M1,equal_width,2021-02-04,2021-02-05,0.013618864557313724,1,0
M1,equal_width,2021-02-05,2021-02-08,0.009828547602932303,1,0
M1,equal_width,2021-02-08,2021-02-09,0.012127062456702132,1,0
M1,equal_width,2021-02-09,2021-02-10,0.016495923680187763,1,0
M1,equal_width,2021-02-10,2021-02-11,0.022050685261821693,1,0
M1,equal_width,2021-02-11,2021-02-12,0.01849376588223684,1,0
M1,equal_width,2021-02-12,2021-02-16,0.012493457732424778,1,0
M1,equal_width,2021-02-16,2021-02-17,0.017412530050328685,1,0
M1,equal_width,2021-02-17,2021-02-18,0.016687588518671765,1,0
M1,equal_width,2021-02-18,2021-02-19,0.019990315774763047,1,0
M1,equal_width,2021-02-19,2021-02-22,0.018391882200958685,1,0
M1,equal_width,2021-02-22,2021-02-23,0.0275359804543936,1,0
M1,equal_width,2021-02-23,2021-02-24,0.024865481412860917,1,0
M1,equal_width,2021-02-24,2021-02-25,0.019611127943004517,1,0
M1,equal_width,2021-02-25,2021-02-26,0.09164831359228635,1,0
M1,equal_width,2021-02-26,2021-03-01,0.10213898735254671,1,0
M1,equal_width,2021-03-01,2021-03-02,0.04694995677726065,1,0
M1,equal_width,2021-03-02,2021-03-03,0.07054980151285256,1,0
M1,equal_width,2021-03-03,2021-03-04,0.0975971321628936,1,0
M1,equal_width,2021-03-04,2021-03-05,0.07687293532732156,1,0
M1,equal_width,2021-03-05,2021-03-08,0.05264278369306339,1,0
M1,equal_width,2021-03-08,2021-03-09,0.06053636443652201,1,0
M1,equal_width,2021-03-09,2021-03-10,0.054302523009394504,1,0
M1,equal_width,2021-03-10,2021-03-11,0.03439593842125345,1,0
M1,equal_width,2021-03-11,2021-03-12,0.031995598395404494,1,0
M1,equal_width,2021-03-12,2021-03-15,0.02456136817874088,1,0
M1,equal_width,2021-03-15,2021-03-16,0.020618360404965033,1,0
M1,equal_width,2021-03-16,2021-03-17,0.01741399223819728,1,0
M1,equal_width,2021-03-17,2021-03-18,0.017158330296388666,1,0
M1,equal_width,2021-03-18,2021-03-19,0.02823679916398402,1,0
M1,equal_width,2021-03-19,2021-03-22,0.022962778570255176,1,0
M1,equal_width,2021-03-22,2021-03-23,0.017351854898695764,1,0
M1,equal_width,2021-03-23,2021-03-24,0.02682046789428159,1,0
M1,equal_width,2021-03-24,2021-03-25,0.03628489666049632,1,0
M1,equal_width,2021-03-25,2021-03-26,0.024524209496067522,1,0
M1,equal_width,2021-03-26,2021-03-29,0.03653015213190402,1,0
M1,equal_width,2021-03-29,2021-03-30,0.08002062253415025,1,0
M1,equal_width,2021-03-30,2021-03-31,0.047183329566649196,1,0
M1,equal_width,2021-03-31,2021-04-01,0.04593328851702482,1,0
M1,equal_width,2021-04-01,2021-04-05,0.0317453134227983,1,0
M1,equal_width,2021-04-05,2021-04-06,0.05281026352440741,1,0
M1,equal_width,2021-04-06,2021-04-07,0.046806256563588056,1,0
M1,equal_width,2021-04-07,2021-04-08,0.04056786978689226,1,0
M1,equal_width,2021-04-08,2021-04-09,0.03424222489001065,1,0
M1,equal_width,2021-04-09,2021-04-12,0.03171573328594849,1,0
M1,equal_width,2021-04-12,2021-04-13,0.030176002244964313,1,0
M1,equal_width,2021-04-13,2021-04-14,0.02706295253931203,1,0
M1,equal_width,2021-04-14,2021-04-15,0.02924986848179576,1,0
M1,equal_width,2021-04-15,2021-04-16,0.02836650016894441,1,0
M1,equal_width,2021-04-16,2021-04-19,0.02743528030967564,1,0
M1,equal_width,2021-04-19,2021-04-20,0.04514675947367344,1,0
M1,equal_width,2021-04-20,2021-04-21,0.0646404097948658,1,0
M1,equal_width,2021-04-21,2021-04-22,0.044400722418406036,1,0
M1,equal_width,2021-04-22,2021-04-23,0.05756330682202882,1,0
M1,equal_width,2021-04-23,2021-04-26,0.047379453445607456,1,0
M1,equal_width,2021-04-26,2021-04-27,0.050287123041236996,1,0
M1,equal_width,2021-04-27,2021-04-28,0.04658615362808325,1,0
M1,equal_width,2021-04-28,2021-04-29,0.04734627047262651,1,0
M1,equal_width,2021-04-29,2021-04-30,0.04889296760181474,1,0
M1,equal_width,2021-04-30,2021-05-03,0.05508102505642494,1,0
M1,equal_width,2021-05-03,2021-05-04,0.047102630219389256,1,0
M1,equal_width,2021-05-04,2021-05-05,0.05659398814804233,1,1
M1,equal_width,2021-05-05,2021-05-06,0.053427733893769924,1,1
M1,equal_width,2021-05-06,2021-05-07,0.04500384133995383,1,1
M1,equal_width,2021-05-07,2021-05-10,0.023624179751671217,1,1
M1,equal_width,2021-05-10,2021-05-11,0.05282355563894018,1,0
M1,equal_width,2021-05-11,2021-05-12,0.06870688084047201,1,0
M1,equal_width,2021-05-12,2021-05-13,0.15563330063957428,1,0
M1,equal_width,2021-05-13,2021-05-14,0.07215535251012527,1,0
M1,equal_width,2021-05-14,2021-05-17,0.03187793431292931,1,0
M1,equal_width,2021-05-17,2021-05-18,0.033288014231182744,1,0
M1,equal_width,2021-05-18,2021-05-19,0.042840885785312345,1,0
M1,equal_width,2021-05-19,2021-05-20,0.03499268698220792,1,0
M1,equal_width,2021-05-20,2021-05-21,0.032534016702044644,1,0
M1,equal_width,2021-05-21,2021-05-24,0.039647406677633945,1,0
M1,equal_width,2021-05-24,2021-05-25,0.024587222358480834,1,0
M1,equal_width,2021-05-25,2021-05-26,0.02773786683840028,1,0
M1,equal_width,2021-05-26,2021-05-27,0.01630405201414641,1,0
M1,equal_width,2021-05-27,2021-05-28,0.01638983197887871,1,0
M1,equal_width,2021-05-28,2021-06-01,0.021840689100668643,1,0
M1,equal_width,2021-06-01,2021-06-02,0.02999544110400705,1,0
M1,equal_width,2021-06-02,2021-06-03,0.024522021623033196,1,0
M1,equal_width,2021-06-03,2021-06-04,0.03215728362342632,1,0
M1,equal_width,2021-06-04,2021-06-07,0.02725822121448087,1,0
M1,equal_width,2021-06-07,2021-06-08,0.022474781533253493,1,0
M1,equal_width,2021-06-08,2021-06-09,0.02566275917368081,1,0
M1,equal_width,2021-06-09,2021-06-10,0.037355405104259776,1,0
M1,equal_width,2021-06-10,2021-06-11,0.022299935464151013,1,0
M1,equal_width,2021-06-11,2021-06-14,0.04488897315809743,1,0
M1,equal_width,2021-06-14,2021-06-15,0.05550917376372019,1,0
M1,equal_width,2021-06-15,2021-06-16,0.05673591822554316,1,0
M1,equal_width,2021-06-16,2021-06-17,0.059022706680331515,1,0
M1,equal_width,2021-06-17,2021-06-18,0.07952963075756224,1,0
M1,equal_width,2021-06-18,2021-06-21,0.11711392166776737,1,0
M1,equal_width,2021-06-21,2021-06-22,0.06084555621377806,1,0
M1,equal_width,2021-06-22,2021-06-23,0.041157701596997553,1,0
M1,equal_width,2021-06-23,2021-06-24,0.034612186412089296,1,0
M1,equal_width,2021-06-24,2021-06-25,0.03741292668599949,1,0
M1,equal_width,2021-06-25,2021-06-28,0.02732205221953757,1,0
M1,equal_width,2021-06-28,2021-06-29,0.03561932655208292,1,0
M1,equal_width,2021-06-29,2021-06-30,0.041223436227947524,1,0
M1,equal_width,2021-06-30,2021-07-01,0.038068545170398566,1,0
M1,equal_width,2021-07-01,2021-07-02,0.031897297116790596,1,0
M1,equal_width,2021-07-02,2021-07-06,0.0338350299700179,1,0
M1,equal_width,2021-07-06,2021-07-07,0.04525592023330011,1,0
M1,equal_width,2021-07-07,2021-07-08,0.03847636992027153,1,0
M1,equal_width,2021-07-08,2021-07-09,0.08482613362125518,1,0
M1,equal_width,2021-07-09,2021-07-12,0.03930799845262353,1,0
M1,equal_width,2021-07-12,2021-07-13,0.033634386729230394,1,0
M1,equal_width,2021-07-13,2021-07-14,0.04101161173087592,1,0
M1,equal_width,2021-07-14,2021-07-15,0.029349348549102355,1,0
M1,equal_width,2021-07-15,2021-07-16,0.0287379281308209,1,0
M1,equal_width,2021-07-16,2021-07-19,0.05101467577885217,1,0
M1,equal_width,2021-07-19,2021-07-20,0.11216094050749363,1,0
M1,equal_width,2021-07-20,2021-07-21,0.0823550908287199,1,0
M1,equal_width,2021-07-21,2021-07-22,0.042170939556847385,1,0
M1,equal_width,2021-07-22,2021-07-23,0.04229107553683747,1,0
M1,equal_width,2021-07-23,2021-07-26,0.04140877222587244,1,0
M1,equal_width,2021-07-26,2021-07-27,0.02934306475007356,1,0
M1,equal_width,2021-07-27,2021-07-28,0.05310668208484619,1,0
M1,equal_width,2021-07-28,2021-07-29,0.04492015033083855,1,0
M1,equal_width,2021-07-29,2021-07-30,0.035411502218905225,1,0
M1,equal_width,2021-07-30,2021-08-02,0.03228046741076901,1,0
M1,equal_width,2021-08-02,2021-08-03,0.044485493265546946,1,0
M1,equal_width,2021-08-03,2021-08-04,0.02819711931955523,1,0
M1,equal_width,2021-08-04,2021-08-05,0.02893390588153244,1,0
M1,equal_width,2021-08-05,2021-08-06,0.026189923072693043,1,0
M1,equal_width,2021-08-06,2021-08-09,0.01858540017212696,1,0
M1,equal_width,2021-08-09,2021-08-10,0.017113424084926644,1,0
M1,equal_width,2021-08-10,2021-08-11,0.019882021417727075,1,0
M1,equal_width,2021-08-11,2021-08-12,0.01646329296034637,1,0
M1,equal_width,2021-08-12,2021-08-13,0.014369403492831424,1,0
M1,equal_width,2021-08-13,2021-08-16,0.014061168639139612,1,0
M1,equal_width,2021-08-16,2021-08-17,0.020142394301472816,1,0
M1,equal_width,2021-08-17,2021-08-18,0.05880694787908594,1,0
M1,equal_width,2021-08-18,2021-08-19,0.10762485589099602,1,0
M1,equal_width,2021-08-19,2021-08-20,0.11205936343590946,1,0
M1,equal_width,2021-08-20,2021-08-23,0.05081747214218173,1,0
M1,equal_width,2021-08-23,2021-08-24,0.03381836234842578,1,0
M1,equal_width,2021-08-24,2021-08-25,0.032882591275231625,1,0
M1,equal_width,2021-08-25,2021-08-26,0.026099559055980288,1,0
M1,equal_width,2021-08-26,2021-08-27,0.039783240396708205,1,0
M1,equal_width,2021-08-27,2021-08-30,0.024852620047577784,1,0
M1,equal_width,2021-08-30,2021-08-31,0.026957156436929846,1,0
M1,equal_width,2021-08-31,2021-09-01,0.02765222975730595,1,0
M1,equal_width,2021-09-01,2021-09-02,0.024341432058134813,1,0
M1,equal_width,2021-09-02,2021-09-03,0.027128497545902335,1,0
M1,equal_width,2021-09-03,2021-09-07,0.028973813262073055,1,0
M1,equal_width,2021-09-07,2021-09-08,0.04573723165844535,1,0
M1,equal_width,2021-09-08,2021-09-09,0.03972174898690599,1,0
M1,equal_width,2021-09-09,2021-09-10,0.05306737329168235,1,0
M1,equal_width,2021-09-10,2021-09-13,0.0782119106758361,1,0
M1,equal_width,2021-09-13,2021-09-14,0.04767058666160302,1,0
M1,equal_width,2021-09-14,2021-09-15,0.04183759808873937,1,0
M1,equal_width,2021-09-15,2021-09-16,0.02778006685799535,1,0
M1,equal_width,2021-09-16,2021-09-17,0.035018585198742624,1,0
M1,equal_width,2021-09-17,2021-09-20,0.06094091765757636,1,0
M1,equal_width,2021-09-20,2021-09-21,0.12415463186964525,1,0
M1,equal_width,2021-09-21,2021-09-22,0.08694745255359078,1,0
M1,equal_width,2021-09-22,2021-09-23,0.04517654715663937,1,0
M1,equal_width,2021-09-23,2021-09-24,0.03263691267240208,1,0
M1,equal_width,2021-09-24,2021-09-27,0.02183479726620781,1,0
M1,equal_width,2021-09-27,2021-09-28,0.024845052735479226,1,0
M1,equal_width,2021-09-28,2021-09-29,0.05775356958328793,1,0
M1,equal_width,2021-09-29,2021-09-30,0.05463396537055343,1,0
M1,equal_width,2021-09-30,2021-10-01,0.05645341731906138,1,0
M1,equal_width,2021-10-01,2021-10-04,0.042477774334283076,1,0
M1,equal_width,2021-10-04,2021-10-05,0.05523206119762628,1,0
M1,equal_width,2021-10-05,2021-10-06,0.035666190465651795,1,0
M1,equal_width,2021-10-06,2021-10-07,0.032253458857234574,1,0
M1,equal_width,2021-10-07,2021-10-08,0.0242618995040965,1,0
M1,equal_width,2021-10-08,2021-10-11,0.01860054576468802,1,0
M1,equal_width,2021-10-11,2021-10-12,0.026775736489339702,1,0
M1,equal_width,2021-10-12,2021-10-13,0.02547018865841364,1,0
M1,equal_width,2021-10-13,2021-10-14,0.018404346630409057,1,0
M1,equal_width,2021-10-14,2021-10-15,0.013648422789754158,1,0
M1,equal_width,2021-10-15,2021-10-18,0.011869598892973865,1,0
M1,equal_width,2021-10-18,2021-10-19,0.01290857806583568,1,0
M1,equal_width,2021-10-19,2021-10-20,0.013688402374741625,1,0
M1,equal_width,2021-10-20,2021-10-21,0.015375353904127288,1,0
M1,equal_width,2021-10-21,2021-10-22,0.01272638021392021,1,0
M1,equal_width,2021-10-22,2021-10-25,0.011802405038512438,1,0
M1,equal_width,2021-10-25,2021-10-26,0.013193543773548217,1,0
M1,equal_width,2021-10-26,2021-10-27,0.01706491369430002,1,0
M1,equal_width,2021-10-27,2021-10-28,0.031632976215203806,1,0
M1,equal_width,2021-10-28,2021-10-29,0.034540021689242,1,0
M1,equal_width,2021-10-29,2021-11-01,0.035784257346893264,1,0
M1,equal_width,2021-11-01,2021-11-02,0.036941315629322756,1,0
M1,equal_width,2021-11-02,2021-11-03,0.04222236398653951,1,0
M1,equal_width,2021-11-03,2021-11-04,0.02986823520276377,1,0
M1,equal_width,2021-11-04,2021-11-05,0.035597006622618575,1,0
M1,equal_width,2021-11-05,2021-11-08,0.05288651353702549,1,0
M1,equal_width,2021-11-08,2021-11-09,0.07263700567433265,1,0
M1,equal_width,2021-11-09,2021-11-10,0.10102956038884499,1,0
M1,equal_width,2021-11-10,2021-11-11,0.11625808106793749,1,0
M1,equal_width,2021-11-11,2021-11-12,0.072036877215522,1,0
M1,equal_width,2021-11-12,2021-11-15,0.03281260899639841,1,0
M1,equal_width,2021-11-15,2021-11-16,0.03228141948469016,1,0
M1,equal_width,2021-11-16,2021-11-17,0.029351903501749977,1,0
M1,equal_width,2021-11-17,2021-11-18,0.026533499304624154,1,1
M1,equal_width,2021-11-18,2021-11-19,0.03392902014124662,1,1
M1,equal_width,2021-11-19,2021-11-22,0.04155501441447162,1,1
M1,equal_width,2021-11-22,2021-11-23,0.05929827858705474,1,1
M1,equal_width,2021-11-23,2021-11-24,0.06136532589601847,1,1
M1,equal_width,2021-11-24,2021-11-26,0.04990567494434017,1,0
M1,equal_width,2021-11-26,2021-11-29,0.1563285493057657,1,1
M1,equal_width,2021-11-29,2021-11-30,0.05607766603783263,1,0
M1,equal_width,2021-11-30,2021-12-01,0.10937162191953069,1,0
M1,equal_width,2021-12-01,2021-12-02,0.19928311073818286,1,0
M1,equal_width,2021-12-02,2021-12-03,0.1459483300957653,1,0
M1,equal_width,2021-12-03,2021-12-06,0.09980608166883902,1,0
M1,equal_width,2021-12-06,2021-12-07,0.09826390652962946,1,0
M1,equal_width,2021-12-07,2021-12-08,0.028948287197139263,1,0
M1,equal_width,2021-12-08,2021-12-09,0.013728110919973072,1,0
M1,equal_width,2021-12-09,2021-12-10,0.020476095525612442,1,0
M1,equal_width,2021-12-10,2021-12-13,0.007603047306887234,1,0
M1,equal_width,2021-12-13,2021-12-14,0.011091339892648128,1,0
M1,equal_width,2021-12-14,2021-12-15,0.01885192969736543,1,0
M1,equal_width,2021-12-15,2021-12-16,0.0155424165922541,1,0
M1,equal_width,2021-12-16,2021-12-17,0.017924772257947887,1,0
M1,equal_width,2021-12-17,2021-12-20,0.023516051673933783,1,0
M1,equal_width,2021-12-20,2021-12-21,0.026863276255297615,1,0
M1,equal_width,2021-12-21,2021-12-22,0.02135851566176673,1,0
M1,equal_width,2021-12-22,2021-12-23,0.017898497030140435,1,0
M1,equal_width,2021-12-23,2021-12-27,0.014909617742283476,1,0
M1,equal_width,2021-12-27,2021-12-28,0.013662355359496453,1,0
M1,equal_width,2021-12-28,2021-12-29,0.017223959208965956,1,0
M1,equal_width,2021-12-29,2021-12-30,0.016510859964982073,1,0
M1,equal_width,2021-12-30,2021-12-31,0.025478207381041666,1,0
M1,equal_width,2021-12-31,2022-01-03,0.026500362474410576,1,0
M1,equal_width,2022-01-03,2022-01-04,0.015777280956626658,1,0
M1,equal_width,2022-01-04,2022-01-05,0.02164673438869734,1,0
M1,equal_width,2022-01-05,2022-01-06,0.037764057911238574,1,0
M1,equal_width,2022-01-06,2022-01-07,0.03523233728326667,1,0
M1,equal_width,2022-01-07,2022-01-10,0.03221346358377971,1,0
M1,equal_width,2022-01-10,2022-01-11,0.03673863105159852,1,0
M1,equal_width,2022-01-11,2022-01-12,0.027960382429286376,1,0
M1,equal_width,2022-01-12,2022-01-13,0.018560402826109174,1,1
M1,equal_width,2022-01-13,2022-01-14,0.033291079841968024,1,1
M1,equal_width,2022-01-14,2022-01-18,0.02352367420464501,1,0
M1,equal_width,2022-01-18,2022-01-19,0.04745780816471252,1,0
M1,equal_width,2022-01-19,2022-01-20,0.09704656785454169,1,0
M1,equal_width,2022-01-20,2022-01-21,0.1266605947524471,1,0
M1,equal_width,2022-01-21,2022-01-24,0.1300485218286262,1,0
M1,equal_width,2022-01-24,2022-01-25,0.13223398974926434,1,0
M1,equal_width,2022-01-25,2022-01-26,0.11388851349231116,1,0
M1,equal_width,2022-01-26,2022-01-27,0.11816725778535683,1,0
M1,equal_width,2022-01-27,2022-01-28,0.09147416406716205,1,0
M1,equal_width,2022-01-28,2022-01-31,0.08091851615966637,1,0
M1,equal_width,2022-01-31,2022-02-01,0.04981212818874275,1,0
M1,equal_width,2022-02-01,2022-02-02,0.028275449789082637,1,0
M1,equal_width,2022-02-02,2022-02-03,0.025504916008963298,1,0
M1,equal_width,2022-02-03,2022-02-04,0.0367951924396007,1,0
M1,equal_width,2022-02-04,2022-02-07,0.031924952825116724,1,0
M1,equal_width,2022-02-07,2022-02-08,0.030977641514743356,1,0
M1,equal_width,2022-02-08,2022-02-09,0.030106762614073954,1,1
M1,equal_width,2022-02-09,2022-02-10,0.02153801571490364,1,0
M1,equal_width,2022-02-10,2022-02-11,0.037647063706842766,1,0
M1,equal_width,2022-02-11,2022-02-14,0.07024263894501677,1,0
M1,equal_width,2022-02-14,2022-02-15,0.1027479725322461,1,0
M1,equal_width,2022-02-15,2022-02-16,0.07964987614941814,1,0
M1,equal_width,2022-02-16,2022-02-17,0.09958173790154642,1,0
M1,equal_width,2022-02-17,2022-02-18,0.11885699118311546,1,0
M1,equal_width,2022-02-18,2022-02-22,0.08684848157256422,1,0
M1,equal_width,2022-02-22,2022-02-23,0.10603530618329408,1,0
M1,equal_width,2022-02-23,2022-02-24,0.14406031251267082,1,0
M1,equal_width,2022-02-24,2022-02-25,0.17649580103671372,1,0
M1,equal_width,2022-02-25,2022-02-28,0.1126951841098682,1,0
M1,equal_width,2022-02-28,2022-03-01,0.14092149757609582,1,0
M1,equal_width,2022-03-01,2022-03-02,0.18610689392929344,1,0
M1,equal_width,2022-03-02,2022-03-03,0.13145010336562277,1,0
M1,equal_width,2022-03-03,2022-03-04,0.11989710071594518,1,0
M1,equal_width,2022-03-04,2022-03-07,0.13482843523078455,1,0
M1,equal_width,2022-03-07,2022-03-08,0.15094396534322674,1,0
M1,equal_width,2022-03-08,2022-03-09,0.08344209534401521,1,0
M1,equal_width,2022-03-09,2022-03-10,0.08322909229829871,1,0
M1,equal_width,2022-03-10,2022-03-11,0.056300848159912716,1,0
M1,equal_width,2022-03-11,2022-03-14,0.04288715430918442,1,0
M1,equal_width,2022-03-14,2022-03-15,0.037488648621548284,1,0
M1,equal_width,2022-03-15,2022-03-16,0.0910552303531418,1,0
M1,equal_width,2022-03-16,2022-03-17,0.056212343678696666,1,0
M1,equal_width,2022-03-17,2022-03-18,0.06635521195049142,1,0
M1,equal_width,2022-03-18,2022-03-21,0.054045916785795685,1,0
M1,equal_width,2022-03-21,2022-03-22,0.04779038576014237,1,0
M1,equal_width,2022-03-22,2022-03-23,0.04208859391704006,1,0
M1,equal_width,2022-03-23,2022-03-24,0.049945427507003676,1,0
M1,equal_width,2022-03-24,2022-03-25,0.03593857348756416,1,0
M1,equal_width,2022-03-25,2022-03-28,0.03429158854079258,1,0
M1,equal_width,2022-03-28,2022-03-29,0.021406229484832107,1,0
M1,equal_width,2022-03-29,2022-03-30,0.018222603167178476,1,0
M1,equal_width,2022-03-30,2022-03-31,0.02548943913958596,1,0
M1,equal_width,2022-03-31,2022-04-01,0.030121215328673363,1,0
M1,equal_width,2022-04-01,2022-04-04,0.026899300887382235,1,0
M1,equal_width,2022-04-04,2022-04-05,0.01993689984030594,1,0
M1,equal_width,2022-04-05,2022-04-06,0.054026902294367775,1,0
M1,equal_width,2022-04-06,2022-04-07,0.06308644001947421,1,0
M1,equal_width,2022-04-07,2022-04-08,0.046792755211116144,1,0
M1,equal_width,2022-04-08,2022-04-11,0.0533855047724188,1,0
M1,equal_width,2022-04-11,2022-04-12,0.09950092002717678,1,0
M1,equal_width,2022-04-12,2022-04-13,0.07009290488614905,1,0
M1,equal_width,2022-04-13,2022-04-14,0.03822886943533669,1,0
M1,equal_width,2022-04-14,2022-04-18,0.04260238656713648,1,0
M1,equal_width,2022-04-18,2022-04-19,0.027364465528651138,1,1
M1,equal_width,2022-04-19,2022-04-20,0.020342761348460983,1,1
M1,equal_width,2022-04-20,2022-04-21,0.020540315932026196,1,1
M1,equal_width,2022-04-21,2022-04-22,0.03386041092981668,1,0
M1,equal_width,2022-04-22,2022-04-25,0.0823847386666375,1,0
M1,equal_width,2022-04-25,2022-04-26,0.057660410457961594,1,0
M1,equal_width,2022-04-26,2022-04-27,0.14284761316940156,1,0
M1,equal_width,2022-04-27,2022-04-28,0.11420450336754166,1,0
M1,equal_width,2022-04-28,2022-04-29,0.10088101462374922,1,0
M1,equal_width,2022-04-29,2022-05-02,0.11723694974443982,1,0
M1,equal_width,2022-05-02,2022-05-03,0.09351401330940325,1,0
M1,equal_width,2022-05-03,2022-05-04,0.04686322488859044,1,1
M1,equal_width,2022-05-04,2022-05-05,0.030502898493855377,1,0
M1,equal_width,2022-05-05,2022-05-06,0.05200512182386893,1,0
M1,equal_width,2022-05-06,2022-05-09,0.04440731124216311,1,0
M1,equal_width,2022-05-09,2022-05-10,0.06830170933055824,1,0
M1,equal_width,2022-05-10,2022-05-11,0.06131848040851801,1,0
M1,equal_width,2022-05-11,2022-05-12,0.05421893769590375,1,0
M1,equal_width,2022-05-12,2022-05-13,0.030339937907038324,1,0
M1,equal_width,2022-05-13,2022-05-16,0.027593327893260237,1,0
M1,equal_width,2022-05-16,2022-05-17,0.019024351741502993,1,0
M1,equal_width,2022-05-17,2022-05-18,0.020475410926021693,1,0
M1,equal_width,2022-05-18,2022-05-19,0.046021756622237245,1,0
M1,equal_width,2022-05-19,2022-05-20,0.03894394772205514,1,0
M1,equal_width,2022-05-20,2022-05-23,0.039006485045725035,1,0
M1,equal_width,2022-05-23,2022-05-24,0.048788468827071794,1,0
M1,equal_width,2022-05-24,2022-05-25,0.05116154653207517,1,0
M1,equal_width,2022-05-25,2022-05-26,0.04545113478135512,1,0
M1,equal_width,2022-05-26,2022-05-27,0.059349606468733926,1,0
M1,equal_width,2022-05-27,2022-05-31,0.05214400571283815,1,0
M1,equal_width,2022-05-31,2022-06-01,0.051305337589310974,1,0
M1,equal_width,2022-06-01,2022-06-02,0.04636664390780447,1,0
M1,equal_width,2022-06-02,2022-06-03,0.044218196752341635,1,0
M1,equal_width,2022-06-03,2022-06-06,0.030859346317768974,1,1
M1,equal_width,2022-06-06,2022-06-07,0.038371561245739746,1,1
M1,equal_width,2022-06-07,2022-06-08,0.036592602115681876,1,1
M1,equal_width,2022-06-08,2022-06-09,0.04331505391204076,1,0
M1,equal_width,2022-06-09,2022-06-10,0.04304474368568798,1,0
M1,equal_width,2022-06-10,2022-06-13,0.04756058072559766,1,0
M1,equal_width,2022-06-13,2022-06-14,0.06932416285351982,1,0
M1,equal_width,2022-06-14,2022-06-15,0.0553692195860146,1,0
M1,equal_width,2022-06-15,2022-06-16,0.059564800650383706,1,0
M1,equal_width,2022-06-16,2022-06-17,0.07173970051729646,1,0
M1,equal_width,2022-06-17,2022-06-21,0.08486236784112208,1,0
M1,equal_width,2022-06-21,2022-06-22,0.08313264748731283,1,0
M1,equal_width,2022-06-22,2022-06-23,0.08040323302687273,1,0
M1,equal_width,2022-06-23,2022-06-24,0.09048621964656796,1,0
M1,equal_width,2022-06-24,2022-06-27,0.09898430821009252,1,0
M1,equal_width,2022-06-27,2022-06-28,0.10375775100569949,1,0
M1,equal_width,2022-06-28,2022-06-29,0.08907054260968063,1,0
M1,equal_width,2022-06-29,2022-06-30,0.09466724268862774,1,0
M1,equal_width,2022-06-30,2022-07-01,0.10050522962971074,1,0
M1,equal_width,2022-07-01,2022-07-05,0.06115176217194196,1,0
M1,equal_width,2022-07-05,2022-07-06,0.06827223528632813,1,0
M1,equal_width,2022-07-06,2022-07-07,0.06329866210221405,1,0
M1,equal_width,2022-07-07,2022-07-08,0.06504425357351674,1,0
M1,equal_width,2022-07-08,2022-07-11,0.05002400372080835,1,0
M1,equal_width,2022-07-11,2022-07-12,0.05853749595450164,1,0
M1,equal_width,2022-07-12,2022-07-13,0.06997389329248153,1,0
M1,equal_width,2022-07-13,2022-07-14,0.07131411492911327,1,0
M1,equal_width,2022-07-14,2022-07-15,0.0838694995700663,1,0
M1,equal_width,2022-07-15,2022-07-18,0.07742973972114608,1,0
M1,equal_width,2022-07-18,2022-07-19,0.07240447368672645,1,0
M1,equal_width,2022-07-19,2022-07-20,0.11380853467427385,1,0
M1,equal_width,2022-07-20,2022-07-21,0.13102295720807147,1,0
M1,equal_width,2022-07-21,2022-07-22,0.12336041688352799,1,0
M1,equal_width,2022-07-22,2022-07-25,0.12197730211765966,1,0
M1,equal_width,2022-07-25,2022-07-26,0.12899713805368515,1,0
M1,equal_width,2022-07-26,2022-07-27,0.11041658174625711,1,0
M1,equal_width,2022-07-27,2022-07-28,0.1286646867946977,1,0
M1,equal_width,2022-07-28,2022-07-29,0.14051878527829548,1,0
M1,equal_width,2022-07-29,2022-08-01,0.1180230570889113,1,0
M1,equal_width,2022-08-01,2022-08-02,0.13789150167955158,1,0
M1,equal_width,2022-08-02,2022-08-03,0.15325384506137543,1,0
M1,equal_width,2022-08-03,2022-08-04,0.10558078700111029,1,0
M1,equal_width,2022-08-04,2022-08-05,0.09741596066976985,1,0
M1,equal_width,2022-08-05,2022-08-08,0.08055093012311433,1,0
M1,equal_width,2022-08-08,2022-08-09,0.07143705625502694,1,0
M1,equal_width,2022-08-09,2022-08-10,0.08158946323496832,1,0
M1,equal_width,2022-08-10,2022-08-11,0.06380290099811035,1,0
M1,equal_width,2022-08-11,2022-08-12,0.07168209099388752,1,0
M1,equal_width,2022-08-12,2022-08-15,0.07795962712267364,1,0
M1,equal_width,2022-08-15,2022-08-16,0.09038355595438266,1,0
M1,equal_width,2022-08-16,2022-08-17,0.08166292945559803,1,0
M1,equal_width,2022-08-17,2022-08-18,0.07276731555594756,1,0
M1,equal_width,2022-08-18,2022-08-19,0.0687253839185587,1,0
M1,equal_width,2022-08-19,2022-08-22,0.06425038967740067,1,0
M1,equal_width,2022-08-22,2022-08-23,0.10063519519871338,1,0
M1,equal_width,2022-08-23,2022-08-24,0.10535769755875923,1,0
M1,equal_width,2022-08-24,2022-08-25,0.10170693826097733,1,0
M1,equal_width,2022-08-25,2022-08-26,0.08935773144623393,1,0
M1,equal_width,2022-08-26,2022-08-29,0.10230710051674814,1,0
M1,equal_width,2022-08-29,2022-08-30,0.09627398032991959,1,0
M1,equal_width,2022-08-30,2022-08-31,0.0922772384294931,1,0
M1,equal_width,2022-08-31,2022-09-01,0.0796188489351072,1,0
M1,equal_width,2022-09-01,2022-09-02,0.07087373031404032,1,0
M1,equal_width,2022-09-02,2022-09-06,0.05588108878930323,1,0
M1,equal_width,2022-09-06,2022-09-07,0.06156356837566821,1,0
M1,equal_width,2022-09-07,2022-09-08,0.05087987485035711,1,0
M1,equal_width,2022-09-08,2022-09-09,0.04674028348096564,1,0
M1,equal_width,2022-09-09,2022-09-12,0.04263933104252869,1,0
M1,equal_width,2022-09-12,2022-09-13,0.05963879820341793,1,0
M1,equal_width,2022-09-13,2022-09-14,0.06014943840031023,1,0
M1,equal_width,2022-09-14,2022-09-15,0.050226249986586716,1,0
M1,equal_width,2022-09-15,2022-09-16,0.04847177192545833,1,0
M1,equal_width,2022-09-16,2022-09-19,0.04316295180987393,1,0
M1,equal_width,2022-09-19,2022-09-20,0.03972699416293871,1,0
M1,equal_width,2022-09-20,2022-09-21,0.042435311034540804,1,0
M1,equal_width,2022-09-21,2022-09-22,0.05046896319992049,1,0
M1,equal_width,2022-09-22,2022-09-23,0.0514420857747533,1,0
M1,equal_width,2022-09-23,2022-09-26,0.06554958414669142,1,0
M1,equal_width,2022-09-26,2022-09-27,0.07981547380400855,1,0
M1,equal_width,2022-09-27,2022-09-28,0.091585583510235,1,0
M1,equal_width,2022-09-28,2022-09-29,0.07694816776131959,1,0
M1,equal_width,2022-09-29,2022-09-30,0.08878075601753191,1,0
M1,equal_width,2022-09-30,2022-10-03,0.06616638887208963,1,0
M1,equal_width,2022-10-03,2022-10-04,0.07014279883065544,1,0
M1,equal_width,2022-10-04,2022-10-05,0.09356426850909205,1,0
M1,equal_width,2022-10-05,2022-10-06,0.08156171266338832,1,0
M1,equal_width,2022-10-06,2022-10-07,0.10010079930338067,1,0
M1,equal_width,2022-10-07,2022-10-10,0.08074300675464881,1,0
M1,equal_width,2022-10-10,2022-10-11,0.07896476414051837,1,0
M1,equal_width,2022-10-11,2022-10-12,0.08029210766746403,1,0
M1,equal_width,2022-10-12,2022-10-13,0.09740220153201433,1,0
M1,equal_width,2022-10-13,2022-10-14,0.11702006632653693,1,0
M1,equal_width,2022-10-14,2022-10-17,0.10276433125788213,1,0
M1,equal_width,2022-10-17,2022-10-18,0.11969428169251782,1,0
M1,equal_width,2022-10-18,2022-10-19,0.12592217989074805,1,0
M1,equal_width,2022-10-19,2022-10-20,0.16573030703503203,1,0
M1,equal_width,2022-10-20,2022-10-21,0.12117515729351268,1,0
M1,equal_width,2022-10-21,2022-10-24,0.15262464749609087,1,0
M1,equal_width,2022-10-24,2022-10-25,0.1428334383562737,1,0
M1,equal_width,2022-10-25,2022-10-26,0.122423946514028,1,0
M1,equal_width,2022-10-26,2022-10-27,0.09235988800122023,1,0
M1,equal_width,2022-10-27,2022-10-28,0.09434437395227606,1,0
M1,equal_width,2022-10-28,2022-10-31,0.08177102888818134,1,0
M1,equal_width,2022-10-31,2022-11-01,0.06170706670892562,1,0
M1,equal_width,2022-11-01,2022-11-02,0.05616344298902674,1,0
M1,equal_width,2022-11-02,2022-11-03,0.042158346139476874,1,0
M1,equal_width,2022-11-03,2022-11-04,0.04025353087691559,1,0
M1,equal_width,2022-11-04,2022-11-07,0.03545808401063642,1,0
M1,equal_width,2022-11-07,2022-11-08,0.048900366867636054,1,0
M1,equal_width,2022-11-08,2022-11-09,0.06912585021150494,1,0
M1,equal_width,2022-11-09,2022-11-10,0.05540130590636421,1,0
M1,equal_width,2022-11-10,2022-11-11,0.07299124666752779,1,0
M1,equal_width,2022-11-11,2022-11-14,0.061303383921466684,1,0
M1,equal_width,2022-11-14,2022-11-15,0.09485091377406422,1,0
M1,equal_width,2022-11-15,2022-11-16,0.10885790820057482,1,0
M1,equal_width,2022-11-16,2022-11-17,0.1205353674764935,1,0
M1,equal_width,2022-11-17,2022-11-18,0.08299745740103791,1,0
M1,equal_width,2022-11-18,2022-11-21,0.07579984964178596,1,0
M1,equal_width,2022-11-21,2022-11-22,0.05424391311781658,1,0
M1,equal_width,2022-11-22,2022-11-23,0.04275119328543462,1,0
M1,equal_width,2022-11-23,2022-11-25,0.036351401268972953,1,0
M1,equal_width,2022-11-25,2022-11-28,0.03847159766297982,1,0
M1,equal_width,2022-11-28,2022-11-29,0.04151577678437692,1,0
M1,equal_width,2022-11-29,2022-11-30,0.040741106083083053,1,0
M1,equal_width,2022-11-30,2022-12-01,0.03833693624287917,1,0
M1,equal_width,2022-12-01,2022-12-02,0.032589368358248876,1,0
M1,equal_width,2022-12-02,2022-12-05,0.029088408729589933,1,0
M1,equal_width,2022-12-05,2022-12-06,0.02914081268512111,1,0
M1,equal_width,2022-12-06,2022-12-07,0.035201168062814904,1,0
M1,equal_width,2022-12-07,2022-12-08,0.03409064047916505,1,0
M1,equal_width,2022-12-08,2022-12-09,0.03978206161062336,1,0
M1,equal_width,2022-12-09,2022-12-12,0.05249211434918196,1,0
M1,equal_width,2022-12-12,2022-12-13,0.09403408454154534,1,0
M1,equal_width,2022-12-13,2022-12-14,0.06215416973592108,1,0
M1,equal_width,2022-12-14,2022-12-15,0.04326998316655149,1,0
M1,equal_width,2022-12-15,2022-12-16,0.040390985593633674,1,0
M1,equal_width,2022-12-16,2022-12-19,0.03483167300782275,1,0
M1,equal_width,2022-12-19,2022-12-20,0.028379085688238822,1,0
M1,equal_width,2022-12-20,2022-12-21,0.02648897740388512,1,0
M1,equal_width,2022-12-21,2022-12-22,0.025328945124546327,1,0
M1,equal_width,2022-12-22,2022-12-23,0.029770238867726857,1,0
M1,equal_width,2022-12-23,2022-12-27,0.02550233012426034,1,0
M1,equal_width,2022-12-27,2022-12-28,0.030883930622473743,1,0
M1,equal_width,2022-12-28,2022-12-29,0.030331002152953743,1,0
M1,equal_width,2022-12-29,2022-12-30,0.03103648389725341,1,0
M1,equal_width,2022-12-30,2023-01-03,0.02074588564394764,1,0
M1,equal_width,2023-01-03,2023-01-04,0.025461158414743425,1,0
M1,equal_width,2023-01-04,2023-01-05,0.025031855992763148,1,0
M1,equal_width,2023-01-05,2023-01-06,0.02956292830757903,1,0
M1,equal_width,2023-01-06,2023-01-09,0.03274954225277973,1,0
M1,equal_width,2023-01-09,2023-01-10,0.03854531016872327,1,0
M1,equal_width,2023-01-10,2023-01-11,0.030634680669583664,1,0
M1,equal_width,2023-01-11,2023-01-12,0.041411935123138136,1,0
M1,equal_width,2023-01-12,2023-01-13,0.02770536555986265,1,0
M1,equal_width,2023-01-13,2023-01-17,0.02569831426830942,1,0
M1,equal_width,2023-01-17,2023-01-18,0.032992739399670096,1,0
M1,equal_width,2023-01-18,2023-01-19,0.05016435848303341,1,0
M1,equal_width,2023-01-19,2023-01-20,0.045284083447265665,1,0
M1,equal_width,2023-01-20,2023-01-23,0.05907762853811813,1,0
M1,equal_width,2023-01-23,2023-01-24,0.05816257095395543,1,0
M1,equal_width,2023-01-24,2023-01-25,0.04540399132445188,1,0
M1,equal_width,2023-01-25,2023-01-26,0.045637574350982694,1,0
M1,equal_width,2023-01-26,2023-01-27,0.04714334279920211,1,0
M1,equal_width,2023-01-27,2023-01-30,0.0445828322667821,1,0
M1,equal_width,2023-01-30,2023-01-31,0.05360401754847525,1,0
M1,equal_width,2023-01-31,2023-02-01,0.061014447378359225,1,0
M1,equal_width,2023-02-01,2023-02-02,0.0467004134859378,1,0
M1,equal_width,2023-02-02,2023-02-03,0.0655234859270049,1,0
M1,equal_width,2023-02-03,2023-02-06,0.05724966034706943,1,0
M1,equal_width,2023-02-06,2023-02-07,0.06721675272332014,1,0
M1,equal_width,2023-02-07,2023-02-08,0.058347053671672214,1,0
M1,equal_width,2023-02-08,2023-02-09,0.05865802869103448,1,0
M1,equal_width,2023-02-09,2023-02-10,0.05819688044260461,1,0
M1,equal_width,2023-02-10,2023-02-13,0.05846052781146765,1,0
M1,equal_width,2023-02-13,2023-02-14,0.06347271322284297,1,0
M1,equal_width,2023-02-14,2023-02-15,0.05222882546968263,1,0
M1,equal_width,2023-02-15,2023-02-16,0.05035221667059352,1,0
M1,equal_width,2023-02-16,2023-02-17,0.07210876147434073,1,0
M1,equal_width,2023-02-17,2023-02-21,0.07626845579306349,1,0
M1,equal_width,2023-02-21,2023-02-22,0.09411994009942475,1,0
M1,equal_width,2023-02-22,2023-02-23,0.09891969978631937,1,0
M1,equal_width,2023-02-23,2023-02-24,0.08130132467111074,1,0
M1,equal_width,2023-02-24,2023-02-27,0.07136411333604468,1,0
M1,equal_width,2023-02-27,2023-02-28,0.05310287724061717,1,0
M1,equal_width,2023-02-28,2023-03-01,0.042174811338569845,1,0
M1,equal_width,2023-03-01,2023-03-02,0.04233143470611501,1,0
M1,equal_width,2023-03-02,2023-03-03,0.03329546106442097,1,1
M1,equal_width,2023-03-03,2023-03-06,0.02587610957644422,1,1
M1,equal_width,2023-03-06,2023-03-07,0.023419517224358713,1,1
M1,equal_width,2023-03-07,2023-03-08,0.02748396075834612,1,1
M1,equal_width,2023-03-08,2023-03-09,0.024451761213044574,1,0
M1,equal_width,2023-03-09,2023-03-10,0.038765822122288414,1,0
M1,equal_width,2023-03-10,2023-03-13,0.049230186121672834,1,0
M1,equal_width,2023-03-13,2023-03-14,0.0644570077641299,1,0
M1,equal_width,2023-03-14,2023-03-15,0.052243165000125054,1,0
M1,equal_width,2023-03-15,2023-03-16,0.06398853875557534,1,0
M1,equal_width,2023-03-16,2023-03-17,0.04605158299615168,1,0
M1,equal_width,2023-03-17,2023-03-20,0.05586690193167461,1,0
M1,equal_width,2023-03-20,2023-03-21,0.04925365940566982,1,0
M1,equal_width,2023-03-21,2023-03-22,0.0330527115730941,1,0
M1,equal_width,2023-03-22,2023-03-23,0.041224889134585115,1,0
M1,equal_width,2023-03-23,2023-03-24,0.053942969717895084,1,0
M1,equal_width,2023-03-24,2023-03-27,0.04140083077464394,1,0
M1,equal_width,2023-03-27,2023-03-28,0.03294571527255312,1,0
M1,equal_width,2023-03-28,2023-03-29,0.03248646611378987,1,0
M1,equal_width,2023-03-29,2023-03-30,0.03155418716461237,1,0
M1,equal_width,2023-03-30,2023-03-31,0.028018928283714602,1,0
M1,equal_width,2023-03-31,2023-04-03,0.04003182893786562,1,0
M1,equal_width,2023-04-03,2023-04-04,0.04151590954105205,1,0
M1,equal_width,2023-04-04,2023-04-05,0.04355872305835882,1,0
M1,equal_width,2023-04-05,2023-04-06,0.04579927989330713,1,0
M1,equal_width,2023-04-06,2023-04-10,0.03867903497204633,1,0
M1,equal_width,2023-04-10,2023-04-11,0.050787191566585704,1,0
M1,equal_width,2023-04-11,2023-04-12,0.06103642254886587,1,0
M1,equal_width,2023-04-12,2023-04-13,0.06105763931884641,1,0
M1,equal_width,2023-04-13,2023-04-14,0.049843685609374924,1,0
M1,equal_width,2023-04-14,2023-04-17,0.04107439634475727,1,0
M1,equal_width,2023-04-17,2023-04-18,0.03888534686218566,1,0
M1,equal_width,2023-04-18,2023-04-19,0.036110022356645635,1,0
M1,equal_width,2023-04-19,2023-04-20,0.023949365745563424,1,0
M1,equal_width,2023-04-20,2023-04-21,0.025119317519413275,1,0
M1,equal_width,2023-04-21,2023-04-24,0.03208725404842889,1,0
M1,equal_width,2023-04-24,2023-04-25,0.031482295262360356,1,0
M1,equal_width,2023-04-25,2023-04-26,0.04131452754163268,1,0
M1,equal_width,2023-04-26,2023-04-27,0.04962563731000319,1,0
M1,equal_width,2023-04-27,2023-04-28,0.038256803073099706,1,0
M1,equal_width,2023-04-28,2023-05-01,0.025171423681983877,1,0
M1,equal_width,2023-05-01,2023-05-02,0.025882710950574424,1,0
M1,equal_width,2023-05-02,2023-05-03,0.02636181870730759,1,0
M1,equal_width,2023-05-03,2023-05-04,0.03138461346885152,1,0
M1,equal_width,2023-05-04,2023-05-05,0.04127020525891463,1,0
M1,equal_width,2023-05-05,2023-05-08,0.03158035793428709,1,0
M1,equal_width,2023-05-08,2023-05-09,0.0303869458805604,1,0
M1,equal_width,2023-05-09,2023-05-10,0.032960903426239856,1,0
M1,equal_width,2023-05-10,2023-05-11,0.02533890710608862,1,0
M1,equal_width,2023-05-11,2023-05-12,0.025004677205512475,1,0
M1,equal_width,2023-05-12,2023-05-15,0.02617420589772766,1,0
M1,equal_width,2023-05-15,2023-05-16,0.03299359025288855,1,0
M1,equal_width,2023-05-16,2023-05-17,0.03485552888211478,1,0
M1,equal_width,2023-05-17,2023-05-18,0.032061399433629234,1,0
M1,equal_width,2023-05-18,2023-05-19,0.028834373402495065,1,0
M1,equal_width,2023-05-19,2023-05-22,0.03767961253563473,1,0
M1,equal_width,2023-05-22,2023-05-23,0.036139110184039945,1,0
M1,equal_width,2023-05-23,2023-05-24,0.04479090102373777,1,0
M1,equal_width,2023-05-24,2023-05-25,0.06490323365948918,1,0
M1,equal_width,2023-05-25,2023-05-26,0.060047225486983435,1,0
M1,equal_width,2023-05-26,2023-05-30,0.04985551138549154,1,0
M1,equal_width,2023-05-30,2023-05-31,0.04631438685128728,1,0
M1,equal_width,2023-05-31,2023-06-01,0.05646925042591742,1,0
M1,equal_width,2023-06-01,2023-06-02,0.0341159677730182,1,0
M1,equal_width,2023-06-02,2023-06-05,0.027404153970828588,1,0
M1,equal_width,2023-06-05,2023-06-06,0.02457734309337565,1,0
M1,equal_width,2023-06-06,2023-06-07,0.018280729621583884,1,0
M1,equal_width,2023-06-07,2023-06-08,0.01772482502469114,1,0
M1,equal_width,2023-06-08,2023-06-09,0.01695441759201827,1,0
M1,equal_width,2023-06-09,2023-06-12,0.02061517573062065,1,0
M1,equal_width,2023-06-12,2023-06-13,0.03831450708119112,1,0
M1,equal_width,2023-06-13,2023-06-14,0.043721360800431625,1,0
M1,equal_width,2023-06-14,2023-06-15,0.03369475829795804,1,0
M1,equal_width,2023-06-15,2023-06-16,0.05593321345359099,1,0
M1,equal_width,2023-06-16,2023-06-20,0.04081788106642496,1,0
M1,equal_width,2023-06-20,2023-06-21,0.030710622582425295,1,0
M1,equal_width,2023-06-21,2023-06-22,0.017502257872736376,1,0
M1,equal_width,2023-06-22,2023-06-23,0.019854040722473612,1,0
M1,equal_width,2023-06-23,2023-06-26,0.021787854537821436,1,0
M1,equal_width,2023-06-26,2023-06-27,0.03441731768193459,1,0
M1,equal_width,2023-06-27,2023-06-28,0.040160854343649154,1,0
M1,equal_width,2023-06-28,2023-06-29,0.04248010268341861,1,0
M1,equal_width,2023-06-29,2023-06-30,0.04580729292453892,1,0
M1,equal_width,2023-06-30,2023-07-03,0.05926817630832362,1,0
M1,equal_width,2023-07-03,2023-07-05,0.05791420186011232,1,0
M1,equal_width,2023-07-05,2023-07-06,0.06454456170083096,1,0
M1,equal_width,2023-07-06,2023-07-07,0.07901253493365948,1,0
M1,equal_width,2023-07-07,2023-07-10,0.05921838646925321,1,0
M1,equal_width,2023-07-10,2023-07-11,0.06067015311426844,1,0
M1,equal_width,2023-07-11,2023-07-12,0.058441005892434235,1,0
M1,equal_width,2023-07-12,2023-07-13,0.041864831378555414,1,0
M1,equal_width,2023-07-13,2023-07-14,0.04158623743410559,1,0
M1,equal_width,2023-07-14,2023-07-17,0.03821125573578605,1,0
M1,equal_width,2023-07-17,2023-07-18,0.03513334568770563,1,0
M1,equal_width,2023-07-18,2023-07-19,0.033227938825392406,1,0
M1,equal_width,2023-07-19,2023-07-20,0.04412282172820268,1,0
M1,equal_width,2023-07-20,2023-07-21,0.042171287863720215,1,0
M1,equal_width,2023-07-21,2023-07-24,0.04102415333142095,1,0
M1,equal_width,2023-07-24,2023-07-25,0.049607338218561614,1,0
M1,equal_width,2023-07-25,2023-07-26,0.05095299982752728,1,0
M1,equal_width,2023-07-26,2023-07-27,0.0442554523860939,1,0
M1,equal_width,2023-07-27,2023-07-28,0.05473828639170047,1,0
M1,equal_width,2023-07-28,2023-07-31,0.05068142367297455,1,0
M1,equal_width,2023-07-31,2023-08-01,0.04756569474629885,1,0
M1,equal_width,2023-08-01,2023-08-02,0.04461035040709823,1,0
M1,equal_width,2023-08-02,2023-08-03,0.06179934383958377,1,0
M1,equal_width,2023-08-03,2023-08-04,0.061828104069229436,1,0
M1,equal_width,2023-08-04,2023-08-07,0.08173704371142497,1,0
M1,equal_width,2023-08-07,2023-08-08,0.064657812292793,1,0
M1,equal_width,2023-08-08,2023-08-09,0.060284145800087015,1,0
M1,equal_width,2023-08-09,2023-08-10,0.043730545835026446,1,0
M1,equal_width,2023-08-10,2023-08-11,0.037340955288906186,1,0
M1,equal_width,2023-08-11,2023-08-14,0.026085902543560132,1,0
M1,equal_width,2023-08-14,2023-08-15,0.027244905842277806,1,0
M1,equal_width,2023-08-15,2023-08-16,0.035204345246379914,1,0
M1,equal_width,2023-08-16,2023-08-17,0.036814244806727,1,0
M1,equal_width,2023-08-17,2023-08-18,0.04827290307453337,1,0
M1,equal_width,2023-08-18,2023-08-21,0.05134637152742975,1,0
M1,equal_width,2023-08-21,2023-08-22,0.05450890741797837,1,0
M1,equal_width,2023-08-22,2023-08-23,0.05233011788405273,1,0
M1,equal_width,2023-08-23,2023-08-24,0.04623534977796272,1,0
M1,equal_width,2023-08-24,2023-08-25,0.05425077308999566,1,0
M1,equal_width,2023-08-25,2023-08-28,0.03927495561943938,1,0
M1,equal_width,2023-08-28,2023-08-29,0.03328294329757185,1,0
M1,equal_width,2023-08-29,2023-08-30,0.031808282882787746,1,0
M1,equal_width,2023-08-30,2023-08-31,0.027089398954804715,1,0
M1,equal_width,2023-08-31,2023-09-01,0.025801198270779608,1,0
M1,equal_width,2023-09-01,2023-09-05,0.021707190292443595,1,0
M1,equal_width,2023-09-05,2023-09-06,0.026325179118018727,1,0
M1,equal_width,2023-09-06,2023-09-07,0.026069266318956955,1,0
M1,equal_width,2023-09-07,2023-09-08,0.027616864840190557,1,0
M1,equal_width,2023-09-08,2023-09-11,0.02708974935203439,1,0
M1,equal_width,2023-09-11,2023-09-12,0.02816918475574483,1,0
M1,equal_width,2023-09-12,2023-09-13,0.032750200185291234,1,0
M1,equal_width,2023-09-13,2023-09-14,0.025078012058742532,1,0
M1,equal_width,2023-09-14,2023-09-15,0.026003636447640567,1,0
M1,equal_width,2023-09-15,2023-09-18,0.03417330055244841,1,0
M1,equal_width,2023-09-18,2023-09-19,0.036000469434494455,1,1
M1,equal_width,2023-09-19,2023-09-20,0.03708167360809785,1,0
M1,equal_width,2023-09-20,2023-09-21,0.04488263068711069,1,0
M1,equal_width,2023-09-21,2023-09-22,0.07050762518532025,1,0
M1,equal_width,2023-09-22,2023-09-25,0.06443196550349047,1,0
M1,equal_width,2023-09-25,2023-09-26,0.06169732687824491,1,0
M1,equal_width,2023-09-26,2023-09-27,0.07509987509104858,1,0
M1,equal_width,2023-09-27,2023-09-28,0.06458218058185167,1,0
M1,equal_width,2023-09-28,2023-09-29,0.04763662770115174,1,0
M1,equal_width,2023-09-29,2023-10-02,0.04751423425287313,1,0
M1,equal_width,2023-10-02,2023-10-03,0.045781303715584344,1,0
M1,equal_width,2023-10-03,2023-10-04,0.059303550513795905,1,0
M1,equal_width,2023-10-04,2023-10-05,0.05525515681726346,1,0
M1,equal_width,2023-10-05,2023-10-06,0.057851867537975894,1,0
M1,equal_width,2023-10-06,2023-10-09,0.05535731585199792,1,0
M1,equal_width,2023-10-09,2023-10-10,0.05804970762875152,1,0
M1,equal_width,2023-10-10,2023-10-11,0.04591561539771427,1,0
M1,equal_width,2023-10-11,2023-10-12,0.0387299195013481,1,0
M1,equal_width,2023-10-12,2023-10-13,0.04531347917743219,1,0
M1,equal_width,2023-10-13,2023-10-16,0.05827987430943572,1,0
M1,equal_width,2023-10-16,2023-10-17,0.04499517064060859,1,0
M1,equal_width,2023-10-17,2023-10-18,0.05952746038797863,1,0
M1,equal_width,2023-10-18,2023-10-19,0.05756152902944772,1,0
M1,equal_width,2023-10-19,2023-10-20,0.08109666968929993,1,0
M1,equal_width,2023-10-20,2023-10-23,0.08267703815579719,1,0
M1,equal_width,2023-10-23,2023-10-24,0.06152410714906437,1,0
M1,equal_width,2023-10-24,2023-10-25,0.04636363791331193,1,0
M1,equal_width,2023-10-25,2023-10-26,0.05552545666502235,1,0
M1,equal_width,2023-10-26,2023-10-27,0.0607253322246228,1,0
M1,equal_width,2023-10-27,2023-10-30,0.0657377342300345,1,0
M1,equal_width,2023-10-30,2023-10-31,0.05691923556169519,1,0
M1,equal_width,2023-10-31,2023-11-01,0.03756973075417026,1,0
M1,equal_width,2023-11-01,2023-11-02,0.03263184155255786,1,0
M1,equal_width,2023-11-02,2023-11-03,0.029081133388883913,1,0
M1,equal_width,2023-11-03,2023-11-06,0.024060590559097032,1,0
M1,equal_width,2023-11-06,2023-11-07,0.023404985946822436,1,0
M1,equal_width,2023-11-07,2023-11-08,0.025262759435134313,1,0
M1,equal_width,2023-11-08,2023-11-09,0.023199876238859878,1,0
M1,equal_width,2023-11-09,2023-11-10,0.026382342555128547,1,0
M1,equal_width,2023-11-10,2023-11-13,0.02474682499675445,1,0
M1,equal_width,2023-11-13,2023-11-14,0.0379478409338755,1,0
M1,equal_width,2023-11-14,2023-11-15,0.03834950663084411,1,0
M1,equal_width,2023-11-15,2023-11-16,0.046699360446058616,1,0
M1,equal_width,2023-11-16,2023-11-17,0.06023798336069291,1,0
M1,equal_width,2023-11-17,2023-11-20,0.05524165448138205,1,0
M1,equal_width,2023-11-20,2023-11-21,0.04785430025225538,1,0
M1,equal_width,2023-11-21,2023-11-22,0.039630181902167154,1,0
M1,equal_width,2023-11-22,2023-11-24,0.037330901815431014,1,0
M1,equal_width,2023-11-24,2023-11-27,0.036797364589081005,1,0
M1,equal_width,2023-11-27,2023-11-28,0.03581533573113596,1,0
M1,equal_width,2023-11-28,2023-11-29,0.03558939919013794,1,0
M1,equal_width,2023-11-29,2023-11-30,0.04030507975843667,1,0
M1,equal_width,2023-11-30,2023-12-01,0.03876478414801357,1,0
M1,equal_width,2023-12-01,2023-12-04,0.04132684857209415,1,0
M1,equal_width,2023-12-04,2023-12-05,0.041384391454417066,1,0
M1,equal_width,2023-12-05,2023-12-06,0.037220519955367924,1,0
M1,equal_width,2023-12-06,2023-12-07,0.037178849730598644,1,0
M1,equal_width,2023-12-07,2023-12-08,0.04422590684951157,1,0
M1,equal_width,2023-12-08,2023-12-11,0.036991664937503624,1,0
M1,equal_width,2023-12-11,2023-12-12,0.05083852017438382,1,0
M1,equal_width,2023-12-12,2023-12-13,0.041342918139456494,1,0
M1,equal_width,2023-12-13,2023-12-14,0.052208377772181555,1,0
M1,equal_width,2023-12-14,2023-12-15,0.06050570383416895,1,0
M1,equal_width,2023-12-15,2023-12-18,0.04708695113500916,1,0
M1,equal_width,2023-12-18,2023-12-19,0.054954942082460066,1,0
M1,equal_width,2023-12-19,2023-12-20,0.06345563268333243,1,0
M1,equal_width,2023-12-20,2023-12-21,0.029013636719983388,1,0
M1,equal_frequency,2020-09-10,2020-09-11,0.05227312706546723,3,0
M1,equal_frequency,2020-09-11,2020-09-14,0.022425978834836574,1,0
M1,equal_frequency,2020-09-14,2020-09-15,0.032478491007681735,2,0
M1,equal_frequency,2020-09-15,2020-09-16,0.03522329650318398,2,0
M1,equal_frequency,2020-09-16,2020-09-17,0.014971428522740773,1,0
M1,equal_frequency,2020-09-17,2020-09-18,0.018741365164006592,1,0
M1,equal_frequency,2020-09-18,2020-09-21,0.015622018897692722,1,0
M1,equal_frequency,2020-09-21,2020-09-22,0.023803266923226696,1,0
M1,equal_frequency,2020-09-22,2020-09-23,0.018610534623487343,1,0
M1,equal_frequency,2020-09-23,2020-09-24,0.02167886909805576,1,0
M1,equal_frequency,2020-09-24,2020-09-25,0.026203096051851466,1,0
M1,equal_frequency,2020-09-25,2020-09-28,0.019518766127782163,1,0
M1,equal_frequency,2020-09-28,2020-09-29,0.025968061115718304,1,0
M1,equal_frequency,2020-09-29,2020-09-30,0.026609962727911458,1,0
M1,equal_frequency,2020-09-30,2020-10-01,0.022368823729618344,1,0
M1,equal_frequency,2020-10-01,2020-10-02,0.02591174419064958,1,0
M1,equal_frequency,2020-10-02,2020-10-05,0.026028192683477044,1,0
M1,equal_frequency,2020-10-05,2020-10-06,0.048246002840917776,3,0
M1,equal_frequency,2020-10-06,2020-10-07,0.07357090401960507,4,0
M1,equal_frequency,2020-10-07,2020-10-08,0.06811371680028902,4,0
M1,equal_frequency,2020-10-08,2020-10-09,0.047900402623759365,3,0
M1,equal_frequency,2020-10-09,2020-10-12,0.04683138388619331,3,0
M1,equal_frequency,2020-10-12,2020-10-13,0.06090278817705527,4,0
M1,equal_frequency,2020-10-13,2020-10-14,0.07797241913443614,5,0
M1,equal_frequency,2020-10-14,2020-10-15,0.07773502821265424,5,0
M1,equal_frequency,2020-10-15,2020-10-16,0.08659893011858684,5,0
M1,equal_frequency,2020-10-16,2020-10-19,0.0897952246947583,5,0
M1,equal_frequency,2020-10-19,2020-10-20,0.10035272780311498,5,0
M1,equal_frequency,2020-10-20,2020-10-21,0.11565965770004409,5,1
M1,equal_frequency,2020-10-21,2020-10-22,0.08996933237295035,5,1
M1,equal_frequency,2020-10-22,2020-10-23,0.10984931897006259,5,1
M1,equal_frequency,2020-10-23,2020-10-26,0.10319377499666647,5,0
M1,equal_frequency,2020-10-26,2020-10-27,0.24127788531456598,5,0
M1,equal_frequency,2020-10-27,2020-10-28,0.25259908236264894,5,0
M1,equal_frequency,2020-10-28,2020-10-29,0.38249443469059186,5,0
M1,equal_frequency,2020-10-29,2020-10-30,0.32441479488345654,5,0
M1,equal_frequency,2020-10-30,2020-11-02,0.3119477474231265,5,0
M1,equal_frequency,2020-11-02,2020-11-03,0.28797860429154554,5,0
M1,equal_frequency,2020-11-03,2020-11-04,0.28242158223328234,5,0
M1,equal_frequency,2020-11-04,2020-11-05,0.1005944989152327,5,0
M1,equal_frequency,2020-11-05,2020-11-06,0.0766731343391849,5,0
M1,equal_frequency,2020-11-06,2020-11-09,0.03870904423715485,2,0
M1,equal_frequency,2020-11-09,2020-11-10,0.07548065200410232,4,0
M1,equal_frequency,2020-11-10,2020-11-11,0.05799734983150999,4,0
M1,equal_frequency,2020-11-11,2020-11-12,0.05466427491519145,4,0
M1,equal_frequency,2020-11-12,2020-11-13,0.06901256635546639,4,0
M1,equal_frequency,2020-11-13,2020-11-16,0.05562933220241008,4,0
M1,equal_frequency,2020-11-16,2020-11-17,0.04574436646537146,3,0
M1,equal_frequency,2020-11-17,2020-11-18,0.05966903136982283,4,0
M1,equal_frequency,2020-11-18,2020-11-19,0.060099781492689026,4,0
M1,equal_frequency,2020-11-19,2020-11-20,0.044528449873387964,3,0
M1,equal_frequency,2020-11-20,2020-11-23,0.057001490289045206,4,0
M1,equal_frequency,2020-11-23,2020-11-24,0.039034836005322954,2,0
M1,equal_frequency,2020-11-24,2020-11-25,0.03672410938854629,2,0
M1,equal_frequency,2020-11-25,2020-11-27,0.034833261666370276,2,0
M1,equal_frequency,2020-11-27,2020-11-30,0.053109967886346254,4,0
M1,equal_frequency,2020-11-30,2020-12-01,0.04289271568215509,3,0
M1,equal_frequency,2020-12-01,2020-12-02,0.05782047157075031,4,0
M1,equal_frequency,2020-12-02,2020-12-03,0.07025904066598847,4,0
M1,equal_frequency,2020-12-03,2020-12-04,0.08217725194625175,5,0
M1,equal_frequency,2020-12-04,2020-12-07,0.07045130105940269,4,0
M1,equal_frequency,2020-12-07,2020-12-08,0.08417642654214084,5,0
M1,equal_frequency,2020-12-08,2020-12-09,0.06653009729110626,4,0
M1,equal_frequency,2020-12-09,2020-12-10,0.08927415625207143,5,0
M1,equal_frequency,2020-12-10,2020-12-11,0.09021362709770794,5,0
M1,equal_frequency,2020-12-11,2020-12-14,0.09959959503166665,5,0
M1,equal_frequency,2020-12-14,2020-12-15,0.13841515888281697,5,0
M1,equal_frequency,2020-12-15,2020-12-16,0.11587934380671469,5,0
M1,equal_frequency,2020-12-16,2020-12-17,0.0691005068626756,4,0
M1,equal_frequency,2020-12-17,2020-12-18,0.05940657806025868,4,0
M1,equal_frequency,2020-12-18,2020-12-21,0.0531590414685045,4,0
M1,equal_frequency,2020-12-21,2020-12-22,0.1251294933861692,5,0
M1,equal_frequency,2020-12-22,2020-12-23,0.10822207754016801,5,0
M1,equal_frequency,2020-12-23,2020-12-24,0.1001191798776729,5,0
M1,equal_frequency,2020-12-24,2020-12-28,0.05307489602007932,3,0
M1,equal_frequency,2020-12-28,2020-12-29,0.06087762822810615,4,0
M1,equal_frequency,2020-12-29,2020-12-30,0.061338047201174827,4,0
M1,equal_frequency,2020-12-30,2020-12-31,0.07332864410118489,4,0
M1,equal_frequency,2020-12-31,2021-01-04,0.07644581774030149,4,0
M1,equal_frequency,2021-01-04,2021-01-05,0.15724972005880442,5,0
M1,equal_frequency,2021-01-05,2021-01-06,0.11397784135264806,5,0
M1,equal_frequency,2021-01-06,2021-01-07,0.1002414193807103,5,0
M1,equal_frequency,2021-01-07,2021-01-08,0.0723713271691088,4,0
M1,equal_frequency,2021-01-08,2021-01-11,0.05327297276050703,4,0
M1,equal_frequency,2021-01-11,2021-01-12,0.07349847012820693,4,0
M1,equal_frequency,2021-01-12,2021-01-13,0.06866457339784267,4,0
M1,equal_frequency,2021-01-13,2021-01-14,0.04907474279790056,3,0
M1,equal_frequency,2021-01-14,2021-01-15,0.07563661841398965,4,0
M1,equal_frequency,2021-01-15,2021-01-19,0.0782264346027504,5,0
M1,equal_frequency,2021-01-19,2021-01-20,0.050843113454504034,3,1
M1,equal_frequency,2021-01-20,2021-01-21,0.03309441029746105,2,1
M1,equal_frequency,2021-01-21,2021-01-22,0.03147639679023964,2,1
M1,equal_frequency,2021-01-22,2021-01-25,0.03546002142411072,2,1
M1,equal_frequency,2021-01-25,2021-01-26,0.05047825074154623,3,1
M1,equal_frequency,2021-01-26,2021-01-27,0.04871678405506566,3,0
M1,equal_frequency,2021-01-27,2021-01-28,0.4671159702233827,5,0
M1,equal_frequency,2021-01-28,2021-01-29,0.16397437427338704,5,0
M1,equal_frequency,2021-01-29,2021-02-01,0.20408131100600152,5,0
M1,equal_frequency,2021-02-01,2021-02-02,0.12377659221065487,5,0
M1,equal_frequency,2021-02-02,2021-02-03,0.05980611381597008,4,0
M1,equal_frequency,2021-02-03,2021-02-04,0.014420556720422847,1,0
M1,equal_frequency,2021-02-04,2021-02-05,0.013618864557313724,1,0
M1,equal_frequency,2021-02-05,2021-02-08,0.009828547602932303,1,0
M1,equal_frequency,2021-02-08,2021-02-09,0.012127062456702132,1,0
M1,equal_frequency,2021-02-09,2021-02-10,0.016495923680187763,1,0
M1,equal_frequency,2021-02-10,2021-02-11,0.022050685261821693,1,0
M1,equal_frequency,2021-02-11,2021-02-12,0.01849376588223684,1,0
M1,equal_frequency,2021-02-12,2021-02-16,0.012493457732424778,1,0
M1,equal_frequency,2021-02-16,2021-02-17,0.017412530050328685,1,0
M1,equal_frequency,2021-02-17,2021-02-18,0.016687588518671765,1,0
M1,equal_frequency,2021-02-18,2021-02-19,0.019990315774763047,1,0
M1,equal_frequency,2021-02-19,2021-02-22,0.018391882200958685,1,0
M1,equal_frequency,2021-02-22,2021-02-23,0.0275359804543936,1,0
M1,equal_frequency,2021-02-23,2021-02-24,0.024865481412860917,1,0
M1,equal_frequency,2021-02-24,2021-02-25,0.019611127943004517,1,0
M1,equal_frequency,2021-02-25,2021-02-26,0.09164831359228635,5,0
M1,equal_frequency,2021-02-26,2021-03-01,0.10213898735254671,5,0
M1,equal_frequency,2021-03-01,2021-03-02,0.04694995677726065,3,0
M1,equal_frequency,2021-03-02,2021-03-03,0.07054980151285256,4,0
M1,equal_frequency,2021-03-03,2021-03-04,0.0975971321628936,5,0
M1,equal_frequency,2021-03-04,2021-03-05,0.07687293532732156,5,0
M1,equal_frequency,2021-03-05,2021-03-08,0.05264278369306339,3,0
M1,equal_frequency,2021-03-08,2021-03-09,0.06053636443652201,4,0
M1,equal_frequency,2021-03-09,2021-03-10,0.054302523009394504,4,0
M1,equal_frequency,2021-03-10,2021-03-11,0.03439593842125345,2,0
M1,equal_frequency,2021-03-11,2021-03-12,0.031995598395404494,2,0
M1,equal_frequency,2021-03-12,2021-03-15,0.02456136817874088,1,0
M1,equal_frequency,2021-03-15,2021-03-16,0.020618360404965033,1,0
M1,equal_frequency,2021-03-16,2021-03-17,0.01741399223819728,1,0
M1,equal_frequency,2021-03-17,2021-03-18,0.017158330296388666,1,0
M1,equal_frequency,2021-03-18,2021-03-19,0.02823679916398402,2,0
M1,equal_frequency,2021-03-19,2021-03-22,0.022962778570255176,1,0
M1,equal_frequency,2021-03-22,2021-03-23,0.017351854898695764,1,0
M1,equal_frequency,2021-03-23,2021-03-24,0.02682046789428159,1,0
M1,equal_frequency,2021-03-24,2021-03-25,0.03628489666049632,2,0
M1,equal_frequency,2021-03-25,2021-03-26,0.024524209496067522,1,0
M1,equal_frequency,2021-03-26,2021-03-29,0.03653015213190402,2,0
M1,equal_frequency,2021-03-29,2021-03-30,0.08002062253415025,5,0
M1,equal_frequency,2021-03-30,2021-03-31,0.047183329566649196,3,0
M1,equal_frequency,2021-03-31,2021-04-01,0.04593328851702482,3,0
M1,equal_frequency,2021-04-01,2021-04-05,0.0317453134227983,2,0
M1,equal_frequency,2021-04-05,2021-04-06,0.05281026352440741,3,0
M1,equal_frequency,2021-04-06,2021-04-07,0.046806256563588056,3,0
M1,equal_frequency,2021-04-07,2021-04-08,0.04056786978689226,3,0
M1,equal_frequency,2021-04-08,2021-04-09,0.03424222489001065,2,0
M1,equal_frequency,2021-04-09,2021-04-12,0.03171573328594849,2,0
M1,equal_frequency,2021-04-12,2021-04-13,0.030176002244964313,2,0
M1,equal_frequency,2021-04-13,2021-04-14,0.02706295253931203,1,0
M1,equal_frequency,2021-04-14,2021-04-15,0.02924986848179576,2,0
M1,equal_frequency,2021-04-15,2021-04-16,0.02836650016894441,2,0
M1,equal_frequency,2021-04-16,2021-04-19,0.02743528030967564,1,0
M1,equal_frequency,2021-04-19,2021-04-20,0.04514675947367344,3,0
M1,equal_frequency,2021-04-20,2021-04-21,0.0646404097948658,4,0
M1,equal_frequency,2021-04-21,2021-04-22,0.044400722418406036,3,0
M1,equal_frequency,2021-04-22,2021-04-23,0.05756330682202882,4,0
M1,equal_frequency,2021-04-23,2021-04-26,0.047379453445607456,3,0
M1,equal_frequency,2021-04-26,2021-04-27,0.050287123041236996,3,0
M1,equal_frequency,2021-04-27,2021-04-28,0.04658615362808325,3,0
M1,equal_frequency,2021-04-28,2021-04-29,0.04734627047262651,3,0
M1,equal_frequency,2021-04-29,2021-04-30,0.04889296760181474,3,0
M1,equal_frequency,2021-04-30,2021-05-03,0.05508102505642494,4,0
M1,equal_frequency,2021-05-03,2021-05-04,0.047102630219389256,3,0
M1,equal_frequency,2021-05-04,2021-05-05,0.05659398814804233,4,1
M1,equal_frequency,2021-05-05,2021-05-06,0.053427733893769924,4,1
M1,equal_frequency,2021-05-06,2021-05-07,0.04500384133995383,3,1
M1,equal_frequency,2021-05-07,2021-05-10,0.023624179751671217,1,1
M1,equal_frequency,2021-05-10,2021-05-11,0.05282355563894018,3,0
M1,equal_frequency,2021-05-11,2021-05-12,0.06870688084047201,4,0
M1,equal_frequency,2021-05-12,2021-05-13,0.15563330063957428,5,0
M1,equal_frequency,2021-05-13,2021-05-14,0.07215535251012527,4,0
M1,equal_frequency,2021-05-14,2021-05-17,0.03187793431292931,2,0
M1,equal_frequency,2021-05-17,2021-05-18,0.033288014231182744,2,0
M1,equal_frequency,2021-05-18,2021-05-19,0.042840885785312345,3,0
M1,equal_frequency,2021-05-19,2021-05-20,0.03499268698220792,2,0
M1,equal_frequency,2021-05-20,2021-05-21,0.032534016702044644,2,0
M1,equal_frequency,2021-05-21,2021-05-24,0.039647406677633945,2,0
M1,equal_frequency,2021-05-24,2021-05-25,0.024587222358480834,1,0
M1,equal_frequency,2021-05-25,2021-05-26,0.02773786683840028,1,0
M1,equal_frequency,2021-05-26,2021-05-27,0.01630405201414641,1,0
M1,equal_frequency,2021-05-27,2021-05-28,0.01638983197887871,1,0
M1,equal_frequency,2021-05-28,2021-06-01,0.021840689100668643,1,0
M1,equal_frequency,2021-06-01,2021-06-02,0.02999544110400705,2,0
M1,equal_frequency,2021-06-02,2021-06-03,0.024522021623033196,1,0
M1,equal_frequency,2021-06-03,2021-06-04,0.03215728362342632,2,0
M1,equal_frequency,2021-06-04,2021-06-07,0.02725822121448087,1,0
M1,equal_frequency,2021-06-07,2021-06-08,0.022474781533253493,1,0
M1,equal_frequency,2021-06-08,2021-06-09,0.02566275917368081,1,0
M1,equal_frequency,2021-06-09,2021-06-10,0.037355405104259776,2,0
M1,equal_frequency,2021-06-10,2021-06-11,0.022299935464151013,1,0
M1,equal_frequency,2021-06-11,2021-06-14,0.04488897315809743,3,0
M1,equal_frequency,2021-06-14,2021-06-15,0.05550917376372019,4,0
M1,equal_frequency,2021-06-15,2021-06-16,0.05673591822554316,4,0
M1,equal_frequency,2021-06-16,2021-06-17,0.059022706680331515,4,0
M1,equal_frequency,2021-06-17,2021-06-18,0.07952963075756224,5,0
M1,equal_frequency,2021-06-18,2021-06-21,0.11711392166776737,5,0
M1,equal_frequency,2021-06-21,2021-06-22,0.06084555621377806,4,0
M1,equal_frequency,2021-06-22,2021-06-23,0.041157701596997553,3,0
M1,equal_frequency,2021-06-23,2021-06-24,0.034612186412089296,2,0
M1,equal_frequency,2021-06-24,2021-06-25,0.03741292668599949,2,0
M1,equal_frequency,2021-06-25,2021-06-28,0.02732205221953757,1,0
M1,equal_frequency,2021-06-28,2021-06-29,0.03561932655208292,2,0
M1,equal_frequency,2021-06-29,2021-06-30,0.041223436227947524,3,0
M1,equal_frequency,2021-06-30,2021-07-01,0.038068545170398566,2,0
M1,equal_frequency,2021-07-01,2021-07-02,0.031897297116790596,2,0
M1,equal_frequency,2021-07-02,2021-07-06,0.0338350299700179,2,0
M1,equal_frequency,2021-07-06,2021-07-07,0.04525592023330011,3,0
M1,equal_frequency,2021-07-07,2021-07-08,0.03847636992027153,2,0
M1,equal_frequency,2021-07-08,2021-07-09,0.08482613362125518,5,0
M1,equal_frequency,2021-07-09,2021-07-12,0.03930799845262353,2,0
M1,equal_frequency,2021-07-12,2021-07-13,0.033634386729230394,2,0
M1,equal_frequency,2021-07-13,2021-07-14,0.04101161173087592,3,0
M1,equal_frequency,2021-07-14,2021-07-15,0.029349348549102355,2,0
M1,equal_frequency,2021-07-15,2021-07-16,0.0287379281308209,2,0
M1,equal_frequency,2021-07-16,2021-07-19,0.05101467577885217,3,0
M1,equal_frequency,2021-07-19,2021-07-20,0.11216094050749363,5,0
M1,equal_frequency,2021-07-20,2021-07-21,0.0823550908287199,5,0
M1,equal_frequency,2021-07-21,2021-07-22,0.042170939556847385,3,0
M1,equal_frequency,2021-07-22,2021-07-23,0.04229107553683747,3,0
M1,equal_frequency,2021-07-23,2021-07-26,0.04140877222587244,3,0
M1,equal_frequency,2021-07-26,2021-07-27,0.02934306475007356,2,0
M1,equal_frequency,2021-07-27,2021-07-28,0.05310668208484619,4,0
M1,equal_frequency,2021-07-28,2021-07-29,0.04492015033083855,3,0
M1,equal_frequency,2021-07-29,2021-07-30,0.035411502218905225,2,0
M1,equal_frequency,2021-07-30,2021-08-02,0.03228046741076901,2,0
M1,equal_frequency,2021-08-02,2021-08-03,0.044485493265546946,3,0
M1,equal_frequency,2021-08-03,2021-08-04,0.02819711931955523,2,0
M1,equal_frequency,2021-08-04,2021-08-05,0.02893390588153244,2,0
M1,equal_frequency,2021-08-05,2021-08-06,0.026189923072693043,1,0
M1,equal_frequency,2021-08-06,2021-08-09,0.01858540017212696,1,0
M1,equal_frequency,2021-08-09,2021-08-10,0.017113424084926644,1,0
M1,equal_frequency,2021-08-10,2021-08-11,0.019882021417727075,1,0
M1,equal_frequency,2021-08-11,2021-08-12,0.01646329296034637,1,0
M1,equal_frequency,2021-08-12,2021-08-13,0.014369403492831424,1,0
M1,equal_frequency,2021-08-13,2021-08-16,0.014061168639139612,1,0
M1,equal_frequency,2021-08-16,2021-08-17,0.020142394301472816,1,0
M1,equal_frequency,2021-08-17,2021-08-18,0.05880694787908594,4,0
M1,equal_frequency,2021-08-18,2021-08-19,0.10762485589099602,5,0
M1,equal_frequency,2021-08-19,2021-08-20,0.11205936343590946,5,0
M1,equal_frequency,2021-08-20,2021-08-23,0.05081747214218173,3,0
M1,equal_frequency,2021-08-23,2021-08-24,0.03381836234842578,2,0
M1,equal_frequency,2021-08-24,2021-08-25,0.032882591275231625,2,0
M1,equal_frequency,2021-08-25,2021-08-26,0.026099559055980288,1,0
M1,equal_frequency,2021-08-26,2021-08-27,0.039783240396708205,3,0
M1,equal_frequency,2021-08-27,2021-08-30,0.024852620047577784,1,0
M1,equal_frequency,2021-08-30,2021-08-31,0.026957156436929846,1,0
M1,equal_frequency,2021-08-31,2021-09-01,0.02765222975730595,1,0
M1,equal_frequency,2021-09-01,2021-09-02,0.024341432058134813,1,0
M1,equal_frequency,2021-09-02,2021-09-03,0.027128497545902335,1,0
M1,equal_frequency,2021-09-03,2021-09-07,0.028973813262073055,2,0
M1,equal_frequency,2021-09-07,2021-09-08,0.04573723165844535,3,0
M1,equal_frequency,2021-09-08,2021-09-09,0.03972174898690599,2,0
M1,equal_frequency,2021-09-09,2021-09-10,0.05306737329168235,3,0
M1,equal_frequency,2021-09-10,2021-09-13,0.0782119106758361,5,0
M1,equal_frequency,2021-09-13,2021-09-14,0.04767058666160302,3,0
M1,equal_frequency,2021-09-14,2021-09-15,0.04183759808873937,3,0
M1,equal_frequency,2021-09-15,2021-09-16,0.02778006685799535,1,0
M1,equal_frequency,2021-09-16,2021-09-17,0.035018585198742624,2,0
M1,equal_frequency,2021-09-17,2021-09-20,0.06094091765757636,4,0
M1,equal_frequency,2021-09-20,2021-09-21,0.12415463186964525,5,0
M1,equal_frequency,2021-09-21,2021-09-22,0.08694745255359078,5,0
M1,equal_frequency,2021-09-22,2021-09-23,0.04517654715663937,3,0
M1,equal_frequency,2021-09-23,2021-09-24,0.03263691267240208,2,0
M1,equal_frequency,2021-09-24,2021-09-27,0.02183479726620781,1,0
M1,equal_frequency,2021-09-27,2021-09-28,0.024845052735479226,1,0
M1,equal_frequency,2021-09-28,2021-09-29,0.05775356958328793,4,0
M1,equal_frequency,2021-09-29,2021-09-30,0.05463396537055343,4,0
M1,equal_frequency,2021-09-30,2021-10-01,0.05645341731906138,4,0
M1,equal_frequency,2021-10-01,2021-10-04,0.042477774334283076,3,0
M1,equal_frequency,2021-10-04,2021-10-05,0.05523206119762628,4,0
M1,equal_frequency,2021-10-05,2021-10-06,0.035666190465651795,2,0
M1,equal_frequency,2021-10-06,2021-10-07,0.032253458857234574,2,0
M1,equal_frequency,2021-10-07,2021-10-08,0.0242618995040965,1,0
M1,equal_frequency,2021-10-08,2021-10-11,0.01860054576468802,1,0
M1,equal_frequency,2021-10-11,2021-10-12,0.026775736489339702,1,0
M1,equal_frequency,2021-10-12,2021-10-13,0.02547018865841364,1,0
M1,equal_frequency,2021-10-13,2021-10-14,0.018404346630409057,1,0
M1,equal_frequency,2021-10-14,2021-10-15,0.013648422789754158,1,0
M1,equal_frequency,2021-10-15,2021-10-18,0.011869598892973865,1,0
M1,equal_frequency,2021-10-18,2021-10-19,0.01290857806583568,1,0
M1,equal_frequency,2021-10-19,2021-10-20,0.013688402374741625,1,0
M1,equal_frequency,2021-10-20,2021-10-21,0.015375353904127288,1,0
M1,equal_frequency,2021-10-21,2021-10-22,0.01272638021392021,1,0
M1,equal_frequency,2021-10-22,2021-10-25,0.011802405038512438,1,0
M1,equal_frequency,2021-10-25,2021-10-26,0.013193543773548217,1,0
M1,equal_frequency,2021-10-26,2021-10-27,0.01706491369430002,1,0
M1,equal_frequency,2021-10-27,2021-10-28,0.031632976215203806,2,0
M1,equal_frequency,2021-10-28,2021-10-29,0.034540021689242,2,0
M1,equal_frequency,2021-10-29,2021-11-01,0.035784257346893264,2,0
M1,equal_frequency,2021-11-01,2021-11-02,0.036941315629322756,2,0
M1,equal_frequency,2021-11-02,2021-11-03,0.04222236398653951,3,0
M1,equal_frequency,2021-11-03,2021-11-04,0.02986823520276377,2,0
M1,equal_frequency,2021-11-04,2021-11-05,0.035597006622618575,2,0
M1,equal_frequency,2021-11-05,2021-11-08,0.05288651353702549,3,0
M1,equal_frequency,2021-11-08,2021-11-09,0.07263700567433265,4,0
M1,equal_frequency,2021-11-09,2021-11-10,0.10102956038884499,5,0
M1,equal_frequency,2021-11-10,2021-11-11,0.11625808106793749,5,0
M1,equal_frequency,2021-11-11,2021-11-12,0.072036877215522,4,0
M1,equal_frequency,2021-11-12,2021-11-15,0.03281260899639841,2,0
M1,equal_frequency,2021-11-15,2021-11-16,0.03228141948469016,2,0
M1,equal_frequency,2021-11-16,2021-11-17,0.029351903501749977,2,0
M1,equal_frequency,2021-11-17,2021-11-18,0.026533499304624154,1,1
M1,equal_frequency,2021-11-18,2021-11-19,0.03392902014124662,2,1
M1,equal_frequency,2021-11-19,2021-11-22,0.04155501441447162,3,1
M1,equal_frequency,2021-11-22,2021-11-23,0.05929827858705474,4,1
M1,equal_frequency,2021-11-23,2021-11-24,0.06136532589601847,4,1
M1,equal_frequency,2021-11-24,2021-11-26,0.04990567494434017,3,0
M1,equal_frequency,2021-11-26,2021-11-29,0.1563285493057657,5,1
M1,equal_frequency,2021-11-29,2021-11-30,0.05607766603783263,4,0
M1,equal_frequency,2021-11-30,2021-12-01,0.10937162191953069,5,0
M1,equal_frequency,2021-12-01,2021-12-02,0.19928311073818286,5,0
M1,equal_frequency,2021-12-02,2021-12-03,0.1459483300957653,5,0
M1,equal_frequency,2021-12-03,2021-12-06,0.09980608166883902,5,0
M1,equal_frequency,2021-12-06,2021-12-07,0.09826390652962946,5,0
M1,equal_frequency,2021-12-07,2021-12-08,0.028948287197139263,2,0
M1,equal_frequency,2021-12-08,2021-12-09,0.013728110919973072,1,0
M1,equal_frequency,2021-12-09,2021-12-10,0.020476095525612442,1,0
M1,equal_frequency,2021-12-10,2021-12-13,0.007603047306887234,1,0
M1,equal_frequency,2021-12-13,2021-12-14,0.011091339892648128,1,0
M1,equal_frequency,2021-12-14,2021-12-15,0.01885192969736543,1,0
M1,equal_frequency,2021-12-15,2021-12-16,0.0155424165922541,1,0
M1,equal_frequency,2021-12-16,2021-12-17,0.017924772257947887,1,0
M1,equal_frequency,2021-12-17,2021-12-20,0.023516051673933783,1,0
M1,equal_frequency,2021-12-20,2021-12-21,0.026863276255297615,1,0
M1,equal_frequency,2021-12-21,2021-12-22,0.02135851566176673,1,0
M1,equal_frequency,2021-12-22,2021-12-23,0.017898497030140435,1,0
M1,equal_frequency,2021-12-23,2021-12-27,0.014909617742283476,1,0
M1,equal_frequency,2021-12-27,2021-12-28,0.013662355359496453,1,0
M1,equal_frequency,2021-12-28,2021-12-29,0.017223959208965956,1,0
M1,equal_frequency,2021-12-29,2021-12-30,0.016510859964982073,1,0
M1,equal_frequency,2021-12-30,2021-12-31,0.025478207381041666,1,0
M1,equal_frequency,2021-12-31,2022-01-03,0.026500362474410576,1,0
M1,equal_frequency,2022-01-03,2022-01-04,0.015777280956626658,1,0
M1,equal_frequency,2022-01-04,2022-01-05,0.02164673438869734,1,0
M1,equal_frequency,2022-01-05,2022-01-06,0.037764057911238574,2,0
M1,equal_frequency,2022-01-06,2022-01-07,0.03523233728326667,2,0
M1,equal_frequency,2022-01-07,2022-01-10,0.03221346358377971,2,0
M1,equal_frequency,2022-01-10,2022-01-11,0.03673863105159852,2,0
M1,equal_frequency,2022-01-11,2022-01-12,0.027960382429286376,1,0
M1,equal_frequency,2022-01-12,2022-01-13,0.018560402826109174,1,1
M1,equal_frequency,2022-01-13,2022-01-14,0.033291079841968024,2,1
M1,equal_frequency,2022-01-14,2022-01-18,0.02352367420464501,1,0
M1,equal_frequency,2022-01-18,2022-01-19,0.04745780816471252,3,0
M1,equal_frequency,2022-01-19,2022-01-20,0.09704656785454169,5,0
M1,equal_frequency,2022-01-20,2022-01-21,0.1266605947524471,5,0
M1,equal_frequency,2022-01-21,2022-01-24,0.1300485218286262,5,0
M1,equal_frequency,2022-01-24,2022-01-25,0.13223398974926434,5,0
M1,equal_frequency,2022-01-25,2022-01-26,0.11388851349231116,5,0
M1,equal_frequency,2022-01-26,2022-01-27,0.11816725778535683,5,0
M1,equal_frequency,2022-01-27,2022-01-28,0.09147416406716205,5,0
M1,equal_frequency,2022-01-28,2022-01-31,0.08091851615966637,5,0
M1,equal_frequency,2022-01-31,2022-02-01,0.04981212818874275,3,0
M1,equal_frequency,2022-02-01,2022-02-02,0.028275449789082637,2,0
M1,equal_frequency,2022-02-02,2022-02-03,0.025504916008963298,1,0
M1,equal_frequency,2022-02-03,2022-02-04,0.0367951924396007,2,0
M1,equal_frequency,2022-02-04,2022-02-07,0.031924952825116724,2,0
M1,equal_frequency,2022-02-07,2022-02-08,0.030977641514743356,2,0
M1,equal_frequency,2022-02-08,2022-02-09,0.030106762614073954,2,1
M1,equal_frequency,2022-02-09,2022-02-10,0.02153801571490364,1,0
M1,equal_frequency,2022-02-10,2022-02-11,0.037647063706842766,2,0
M1,equal_frequency,2022-02-11,2022-02-14,0.07024263894501677,4,0
M1,equal_frequency,2022-02-14,2022-02-15,0.1027479725322461,5,0
M1,equal_frequency,2022-02-15,2022-02-16,0.07964987614941814,5,0
M1,equal_frequency,2022-02-16,2022-02-17,0.09958173790154642,5,0
M1,equal_frequency,2022-02-17,2022-02-18,0.11885699118311546,5,0
M1,equal_frequency,2022-02-18,2022-02-22,0.08684848157256422,5,0
M1,equal_frequency,2022-02-22,2022-02-23,0.10603530618329408,5,0
M1,equal_frequency,2022-02-23,2022-02-24,0.14406031251267082,5,0
M1,equal_frequency,2022-02-24,2022-02-25,0.17649580103671372,5,0
M1,equal_frequency,2022-02-25,2022-02-28,0.1126951841098682,5,0
M1,equal_frequency,2022-02-28,2022-03-01,0.14092149757609582,5,0
M1,equal_frequency,2022-03-01,2022-03-02,0.18610689392929344,5,0
M1,equal_frequency,2022-03-02,2022-03-03,0.13145010336562277,5,0
M1,equal_frequency,2022-03-03,2022-03-04,0.11989710071594518,5,0
M1,equal_frequency,2022-03-04,2022-03-07,0.13482843523078455,5,0
M1,equal_frequency,2022-03-07,2022-03-08,0.15094396534322674,5,0
M1,equal_frequency,2022-03-08,2022-03-09,0.08344209534401521,5,0
M1,equal_frequency,2022-03-09,2022-03-10,0.08322909229829871,5,0
M1,equal_frequency,2022-03-10,2022-03-11,0.056300848159912716,4,0
M1,equal_frequency,2022-03-11,2022-03-14,0.04288715430918442,3,0
M1,equal_frequency,2022-03-14,2022-03-15,0.037488648621548284,2,0
M1,equal_frequency,2022-03-15,2022-03-16,0.0910552303531418,5,0
M1,equal_frequency,2022-03-16,2022-03-17,0.056212343678696666,4,0
M1,equal_frequency,2022-03-17,2022-03-18,0.06635521195049142,4,0
M1,equal_frequency,2022-03-18,2022-03-21,0.054045916785795685,4,0
M1,equal_frequency,2022-03-21,2022-03-22,0.04779038576014237,3,0
M1,equal_frequency,2022-03-22,2022-03-23,0.04208859391704006,3,0
M1,equal_frequency,2022-03-23,2022-03-24,0.049945427507003676,3,0
M1,equal_frequency,2022-03-24,2022-03-25,0.03593857348756416,2,0
M1,equal_frequency,2022-03-25,2022-03-28,0.03429158854079258,2,0
M1,equal_frequency,2022-03-28,2022-03-29,0.021406229484832107,1,0
M1,equal_frequency,2022-03-29,2022-03-30,0.018222603167178476,1,0
M1,equal_frequency,2022-03-30,2022-03-31,0.02548943913958596,1,0
M1,equal_frequency,2022-03-31,2022-04-01,0.030121215328673363,2,0
M1,equal_frequency,2022-04-01,2022-04-04,0.026899300887382235,1,0
M1,equal_frequency,2022-04-04,2022-04-05,0.01993689984030594,1,0
M1,equal_frequency,2022-04-05,2022-04-06,0.054026902294367775,4,0
M1,equal_frequency,2022-04-06,2022-04-07,0.06308644001947421,4,0
M1,equal_frequency,2022-04-07,2022-04-08,0.046792755211116144,3,0
M1,equal_frequency,2022-04-08,2022-04-11,0.0533855047724188,4,0
M1,equal_frequency,2022-04-11,2022-04-12,0.09950092002717678,5,0
M1,equal_frequency,2022-04-12,2022-04-13,0.07009290488614905,4,0
M1,equal_frequency,2022-04-13,2022-04-14,0.03822886943533669,2,0
M1,equal_frequency,2022-04-14,2022-04-18,0.04260238656713648,3,0
M1,equal_frequency,2022-04-18,2022-04-19,0.027364465528651138,1,1
M1,equal_frequency,2022-04-19,2022-04-20,0.020342761348460983,1,1
M1,equal_frequency,2022-04-20,2022-04-21,0.020540315932026196,1,1
M1,equal_frequency,2022-04-21,2022-04-22,0.03386041092981668,2,0
M1,equal_frequency,2022-04-22,2022-04-25,0.0823847386666375,5,0
M1,equal_frequency,2022-04-25,2022-04-26,0.057660410457961594,4,0
M1,equal_frequency,2022-04-26,2022-04-27,0.14284761316940156,5,0
M1,equal_frequency,2022-04-27,2022-04-28,0.11420450336754166,5,0
M1,equal_frequency,2022-04-28,2022-04-29,0.10088101462374922,5,0
M1,equal_frequency,2022-04-29,2022-05-02,0.11723694974443982,5,0
M1,equal_frequency,2022-05-02,2022-05-03,0.09351401330940325,5,0
M1,equal_frequency,2022-05-03,2022-05-04,0.04686322488859044,3,1
M1,equal_frequency,2022-05-04,2022-05-05,0.030502898493855377,2,0
M1,equal_frequency,2022-05-05,2022-05-06,0.05200512182386893,3,0
M1,equal_frequency,2022-05-06,2022-05-09,0.04440731124216311,3,0
M1,equal_frequency,2022-05-09,2022-05-10,0.06830170933055824,4,0
M1,equal_frequency,2022-05-10,2022-05-11,0.06131848040851801,4,0
M1,equal_frequency,2022-05-11,2022-05-12,0.05421893769590375,4,0
M1,equal_frequency,2022-05-12,2022-05-13,0.030339937907038324,2,0
M1,equal_frequency,2022-05-13,2022-05-16,0.027593327893260237,1,0
M1,equal_frequency,2022-05-16,2022-05-17,0.019024351741502993,1,0
M1,equal_frequency,2022-05-17,2022-05-18,0.020475410926021693,1,0
M1,equal_frequency,2022-05-18,2022-05-19,0.046021756622237245,3,0
M1,equal_frequency,2022-05-19,2022-05-20,0.03894394772205514,2,0
M1,equal_frequency,2022-05-20,2022-05-23,0.039006485045725035,2,0
M1,equal_frequency,2022-05-23,2022-05-24,0.048788468827071794,3,0
M1,equal_frequency,2022-05-24,2022-05-25,0.05116154653207517,3,0
M1,equal_frequency,2022-05-25,2022-05-26,0.04545113478135512,3,0
M1,equal_frequency,2022-05-26,2022-05-27,0.059349606468733926,4,0
M1,equal_frequency,2022-05-27,2022-05-31,0.05214400571283815,3,0
M1,equal_frequency,2022-05-31,2022-06-01,0.051305337589310974,3,0
M1,equal_frequency,2022-06-01,2022-06-02,0.04636664390780447,3,0
M1,equal_frequency,2022-06-02,2022-06-03,0.044218196752341635,3,0
M1,equal_frequency,2022-06-03,2022-06-06,0.030859346317768974,2,1
M1,equal_frequency,2022-06-06,2022-06-07,0.038371561245739746,2,1
M1,equal_frequency,2022-06-07,2022-06-08,0.036592602115681876,2,1
M1,equal_frequency,2022-06-08,2022-06-09,0.04331505391204076,3,0
M1,equal_frequency,2022-06-09,2022-06-10,0.04304474368568798,3,0
M1,equal_frequency,2022-06-10,2022-06-13,0.04756058072559766,3,0
M1,equal_frequency,2022-06-13,2022-06-14,0.06932416285351982,4,0
M1,equal_frequency,2022-06-14,2022-06-15,0.0553692195860146,4,0
M1,equal_frequency,2022-06-15,2022-06-16,0.059564800650383706,4,0
M1,equal_frequency,2022-06-16,2022-06-17,0.07173970051729646,4,0
M1,equal_frequency,2022-06-17,2022-06-21,0.08486236784112208,5,0
M1,equal_frequency,2022-06-21,2022-06-22,0.08313264748731283,5,0
M1,equal_frequency,2022-06-22,2022-06-23,0.08040323302687273,5,0
M1,equal_frequency,2022-06-23,2022-06-24,0.09048621964656796,5,0
M1,equal_frequency,2022-06-24,2022-06-27,0.09898430821009252,5,0
M1,equal_frequency,2022-06-27,2022-06-28,0.10375775100569949,5,0
M1,equal_frequency,2022-06-28,2022-06-29,0.08907054260968063,5,0
M1,equal_frequency,2022-06-29,2022-06-30,0.09466724268862774,5,0
M1,equal_frequency,2022-06-30,2022-07-01,0.10050522962971074,5,0
M1,equal_frequency,2022-07-01,2022-07-05,0.06115176217194196,4,0
M1,equal_frequency,2022-07-05,2022-07-06,0.06827223528632813,4,0
M1,equal_frequency,2022-07-06,2022-07-07,0.06329866210221405,4,0
M1,equal_frequency,2022-07-07,2022-07-08,0.06504425357351674,4,0
M1,equal_frequency,2022-07-08,2022-07-11,0.05002400372080835,3,0
M1,equal_frequency,2022-07-11,2022-07-12,0.05853749595450164,4,0
M1,equal_frequency,2022-07-12,2022-07-13,0.06997389329248153,4,0
M1,equal_frequency,2022-07-13,2022-07-14,0.07131411492911327,4,0
M1,equal_frequency,2022-07-14,2022-07-15,0.0838694995700663,5,0
M1,equal_frequency,2022-07-15,2022-07-18,0.07742973972114608,5,0
M1,equal_frequency,2022-07-18,2022-07-19,0.07240447368672645,4,0
M1,equal_frequency,2022-07-19,2022-07-20,0.11380853467427385,5,0
M1,equal_frequency,2022-07-20,2022-07-21,0.13102295720807147,5,0
M1,equal_frequency,2022-07-21,2022-07-22,0.12336041688352799,5,0
M1,equal_frequency,2022-07-22,2022-07-25,0.12197730211765966,5,0
M1,equal_frequency,2022-07-25,2022-07-26,0.12899713805368515,5,0
M1,equal_frequency,2022-07-26,2022-07-27,0.11041658174625711,5,0
M1,equal_frequency,2022-07-27,2022-07-28,0.1286646867946977,5,0
M1,equal_frequency,2022-07-28,2022-07-29,0.14051878527829548,5,0
M1,equal_frequency,2022-07-29,2022-08-01,0.1180230570889113,5,0
M1,equal_frequency,2022-08-01,2022-08-02,0.13789150167955158,5,0
M1,equal_frequency,2022-08-02,2022-08-03,0.15325384506137543,5,0
M1,equal_frequency,2022-08-03,2022-08-04,0.10558078700111029,5,0
M1,equal_frequency,2022-08-04,2022-08-05,0.09741596066976985,5,0
M1,equal_frequency,2022-08-05,2022-08-08,0.08055093012311433,5,0
M1,equal_frequency,2022-08-08,2022-08-09,0.07143705625502694,4,0
M1,equal_frequency,2022-08-09,2022-08-10,0.08158946323496832,5,0
M1,equal_frequency,2022-08-10,2022-08-11,0.06380290099811035,4,0
M1,equal_frequency,2022-08-11,2022-08-12,0.07168209099388752,4,0
M1,equal_frequency,2022-08-12,2022-08-15,0.07795962712267364,5,0
M1,equal_frequency,2022-08-15,2022-08-16,0.09038355595438266,5,0
M1,equal_frequency,2022-08-16,2022-08-17,0.08166292945559803,5,0
M1,equal_frequency,2022-08-17,2022-08-18,0.07276731555594756,4,0
M1,equal_frequency,2022-08-18,2022-08-19,0.0687253839185587,4,0
M1,equal_frequency,2022-08-19,2022-08-22,0.06425038967740067,4,0
M1,equal_frequency,2022-08-22,2022-08-23,0.10063519519871338,5,0
M1,equal_frequency,2022-08-23,2022-08-24,0.10535769755875923,5,0
M1,equal_frequency,2022-08-24,2022-08-25,0.10170693826097733,5,0
M1,equal_frequency,2022-08-25,2022-08-26,0.08935773144623393,5,0
M1,equal_frequency,2022-08-26,2022-08-29,0.10230710051674814,5,0
M1,equal_frequency,2022-08-29,2022-08-30,0.09627398032991959,5,0
M1,equal_frequency,2022-08-30,2022-08-31,0.0922772384294931,5,0
M1,equal_frequency,2022-08-31,2022-09-01,0.0796188489351072,5,0
M1,equal_frequency,2022-09-01,2022-09-02,0.07087373031404032,4,0
M1,equal_frequency,2022-09-02,2022-09-06,0.05588108878930323,4,0
M1,equal_frequency,2022-09-06,2022-09-07,0.06156356837566821,4,0
M1,equal_frequency,2022-09-07,2022-09-08,0.05087987485035711,3,0
M1,equal_frequency,2022-09-08,2022-09-09,0.04674028348096564,3,0
M1,equal_frequency,2022-09-09,2022-09-12,0.04263933104252869,3,0
M1,equal_frequency,2022-09-12,2022-09-13,0.05963879820341793,4,0
M1,equal_frequency,2022-09-13,2022-09-14,0.06014943840031023,4,0
M1,equal_frequency,2022-09-14,2022-09-15,0.050226249986586716,3,0
M1,equal_frequency,2022-09-15,2022-09-16,0.04847177192545833,3,0
M1,equal_frequency,2022-09-16,2022-09-19,0.04316295180987393,3,0
M1,equal_frequency,2022-09-19,2022-09-20,0.03972699416293871,2,0
M1,equal_frequency,2022-09-20,2022-09-21,0.042435311034540804,3,0
M1,equal_frequency,2022-09-21,2022-09-22,0.05046896319992049,3,0
M1,equal_frequency,2022-09-22,2022-09-23,0.0514420857747533,3,0
M1,equal_frequency,2022-09-23,2022-09-26,0.06554958414669142,4,0
M1,equal_frequency,2022-09-26,2022-09-27,0.07981547380400855,5,0
M1,equal_frequency,2022-09-27,2022-09-28,0.091585583510235,5,0
M1,equal_frequency,2022-09-28,2022-09-29,0.07694816776131959,5,0
M1,equal_frequency,2022-09-29,2022-09-30,0.08878075601753191,5,0
M1,equal_frequency,2022-09-30,2022-10-03,0.06616638887208963,4,0
M1,equal_frequency,2022-10-03,2022-10-04,0.07014279883065544,4,0
M1,equal_frequency,2022-10-04,2022-10-05,0.09356426850909205,5,0
M1,equal_frequency,2022-10-05,2022-10-06,0.08156171266338832,5,0
M1,equal_frequency,2022-10-06,2022-10-07,0.10010079930338067,5,0
M1,equal_frequency,2022-10-07,2022-10-10,0.08074300675464881,5,0
M1,equal_frequency,2022-10-10,2022-10-11,0.07896476414051837,5,0
M1,equal_frequency,2022-10-11,2022-10-12,0.08029210766746403,5,0
M1,equal_frequency,2022-10-12,2022-10-13,0.09740220153201433,5,0
M1,equal_frequency,2022-10-13,2022-10-14,0.11702006632653693,5,0
M1,equal_frequency,2022-10-14,2022-10-17,0.10276433125788213,5,0
M1,equal_frequency,2022-10-17,2022-10-18,0.11969428169251782,5,0
M1,equal_frequency,2022-10-18,2022-10-19,0.12592217989074805,5,0
M1,equal_frequency,2022-10-19,2022-10-20,0.16573030703503203,5,0
M1,equal_frequency,2022-10-20,2022-10-21,0.12117515729351268,5,0
M1,equal_frequency,2022-10-21,2022-10-24,0.15262464749609087,5,0
M1,equal_frequency,2022-10-24,2022-10-25,0.1428334383562737,5,0
M1,equal_frequency,2022-10-25,2022-10-26,0.122423946514028,5,0
M1,equal_frequency,2022-10-26,2022-10-27,0.09235988800122023,5,0
M1,equal_frequency,2022-10-27,2022-10-28,0.09434437395227606,5,0
M1,equal_frequency,2022-10-28,2022-10-31,0.08177102888818134,5,0
M1,equal_frequency,2022-10-31,2022-11-01,0.06170706670892562,4,0
M1,equal_frequency,2022-11-01,2022-11-02,0.05616344298902674,4,0
M1,equal_frequency,2022-11-02,2022-11-03,0.042158346139476874,3,0
M1,equal_frequency,2022-11-03,2022-11-04,0.04025353087691559,3,0
M1,equal_frequency,2022-11-04,2022-11-07,0.03545808401063642,2,0
M1,equal_frequency,2022-11-07,2022-11-08,0.048900366867636054,3,0
M1,equal_frequency,2022-11-08,2022-11-09,0.06912585021150494,4,0
M1,equal_frequency,2022-11-09,2022-11-10,0.05540130590636421,4,0
M1,equal_frequency,2022-11-10,2022-11-11,0.07299124666752779,4,0
M1,equal_frequency,2022-11-11,2022-11-14,0.061303383921466684,4,0
M1,equal_frequency,2022-11-14,2022-11-15,0.09485091377406422,5,0
M1,equal_frequency,2022-11-15,2022-11-16,0.10885790820057482,5,0
M1,equal_frequency,2022-11-16,2022-11-17,0.1205353674764935,5,0
M1,equal_frequency,2022-11-17,2022-11-18,0.08299745740103791,5,0
M1,equal_frequency,2022-11-18,2022-11-21,0.07579984964178596,4,0
M1,equal_frequency,2022-11-21,2022-11-22,0.05424391311781658,4,0
M1,equal_frequency,2022-11-22,2022-11-23,0.04275119328543462,3,0
M1,equal_frequency,2022-11-23,2022-11-25,0.036351401268972953,2,0
M1,equal_frequency,2022-11-25,2022-11-28,0.03847159766297982,2,0
M1,equal_frequency,2022-11-28,2022-11-29,0.04151577678437692,3,0
M1,equal_frequency,2022-11-29,2022-11-30,0.040741106083083053,3,0
M1,equal_frequency,2022-11-30,2022-12-01,0.03833693624287917,2,0
M1,equal_frequency,2022-12-01,2022-12-02,0.032589368358248876,2,0
M1,equal_frequency,2022-12-02,2022-12-05,0.029088408729589933,2,0
M1,equal_frequency,2022-12-05,2022-12-06,0.02914081268512111,2,0
M1,equal_frequency,2022-12-06,2022-12-07,0.035201168062814904,2,0
M1,equal_frequency,2022-12-07,2022-12-08,0.03409064047916505,2,0
M1,equal_frequency,2022-12-08,2022-12-09,0.03978206161062336,2,0
M1,equal_frequency,2022-12-09,2022-12-12,0.05249211434918196,3,0
M1,equal_frequency,2022-12-12,2022-12-13,0.09403408454154534,5,0
M1,equal_frequency,2022-12-13,2022-12-14,0.06215416973592108,4,0
M1,equal_frequency,2022-12-14,2022-12-15,0.04326998316655149,3,0
M1,equal_frequency,2022-12-15,2022-12-16,0.040390985593633674,3,0
M1,equal_frequency,2022-12-16,2022-12-19,0.03483167300782275,2,0
M1,equal_frequency,2022-12-19,2022-12-20,0.028379085688238822,2,0
M1,equal_frequency,2022-12-20,2022-12-21,0.02648897740388512,1,0
M1,equal_frequency,2022-12-21,2022-12-22,0.025328945124546327,1,0
M1,equal_frequency,2022-12-22,2022-12-23,0.029770238867726857,2,0
M1,equal_frequency,2022-12-23,2022-12-27,0.02550233012426034,1,0
M1,equal_frequency,2022-12-27,2022-12-28,0.030883930622473743,2,0
M1,equal_frequency,2022-12-28,2022-12-29,0.030331002152953743,2,0
M1,equal_frequency,2022-12-29,2022-12-30,0.03103648389725341,2,0
M1,equal_frequency,2022-12-30,2023-01-03,0.02074588564394764,1,0
M1,equal_frequency,2023-01-03,2023-01-04,0.025461158414743425,1,0
M1,equal_frequency,2023-01-04,2023-01-05,0.025031855992763148,1,0
M1,equal_frequency,2023-01-05,2023-01-06,0.02956292830757903,2,0
M1,equal_frequency,2023-01-06,2023-01-09,0.03274954225277973,2,0
M1,equal_frequency,2023-01-09,2023-01-10,0.03854531016872327,2,0
M1,equal_frequency,2023-01-10,2023-01-11,0.030634680669583664,2,0
M1,equal_frequency,2023-01-11,2023-01-12,0.041411935123138136,3,0
M1,equal_frequency,2023-01-12,2023-01-13,0.02770536555986265,1,0
M1,equal_frequency,2023-01-13,2023-01-17,0.02569831426830942,1,0
M1,equal_frequency,2023-01-17,2023-01-18,0.032992739399670096,2,0
M1,equal_frequency,2023-01-18,2023-01-19,0.05016435848303341,3,0
M1,equal_frequency,2023-01-19,2023-01-20,0.045284083447265665,3,0
M1,equal_frequency,2023-01-20,2023-01-23,0.05907762853811813,4,0
M1,equal_frequency,2023-01-23,2023-01-24,0.05816257095395543,4,0
M1,equal_frequency,2023-01-24,2023-01-25,0.04540399132445188,3,0
M1,equal_frequency,2023-01-25,2023-01-26,0.045637574350982694,3,0
M1,equal_frequency,2023-01-26,2023-01-27,0.04714334279920211,3,0
M1,equal_frequency,2023-01-27,2023-01-30,0.0445828322667821,3,0
M1,equal_frequency,2023-01-30,2023-01-31,0.05360401754847525,4,0
M1,equal_frequency,2023-01-31,2023-02-01,0.061014447378359225,4,0
M1,equal_frequency,2023-02-01,2023-02-02,0.0467004134859378,3,0
M1,equal_frequency,2023-02-02,2023-02-03,0.0655234859270049,4,0
M1,equal_frequency,2023-02-03,2023-02-06,0.05724966034706943,4,0
M1,equal_frequency,2023-02-06,2023-02-07,0.06721675272332014,4,0
M1,equal_frequency,2023-02-07,2023-02-08,0.058347053671672214,4,0
M1,equal_frequency,2023-02-08,2023-02-09,0.05865802869103448,4,0
M1,equal_frequency,2023-02-09,2023-02-10,0.05819688044260461,4,0
M1,equal_frequency,2023-02-10,2023-02-13,0.05846052781146765,4,0
M1,equal_frequency,2023-02-13,2023-02-14,0.06347271322284297,4,0
M1,equal_frequency,2023-02-14,2023-02-15,0.05222882546968263,3,0
M1,equal_frequency,2023-02-15,2023-02-16,0.05035221667059352,3,0
M1,equal_frequency,2023-02-16,2023-02-17,0.07210876147434073,4,0
M1,equal_frequency,2023-02-17,2023-02-21,0.07626845579306349,4,0
M1,equal_frequency,2023-02-21,2023-02-22,0.09411994009942475,5,0
M1,equal_frequency,2023-02-22,2023-02-23,0.09891969978631937,5,0
M1,equal_frequency,2023-02-23,2023-02-24,0.08130132467111074,5,0
M1,equal_frequency,2023-02-24,2023-02-27,0.07136411333604468,4,0
M1,equal_frequency,2023-02-27,2023-02-28,0.05310287724061717,3,0
M1,equal_frequency,2023-02-28,2023-03-01,0.042174811338569845,3,0
M1,equal_frequency,2023-03-01,2023-03-02,0.04233143470611501,3,0
M1,equal_frequency,2023-03-02,2023-03-03,0.03329546106442097,2,1
M1,equal_frequency,2023-03-03,2023-03-06,0.02587610957644422,1,1
M1,equal_frequency,2023-03-06,2023-03-07,0.023419517224358713,1,1
M1,equal_frequency,2023-03-07,2023-03-08,0.02748396075834612,1,1
M1,equal_frequency,2023-03-08,2023-03-09,0.024451761213044574,1,0
M1,equal_frequency,2023-03-09,2023-03-10,0.038765822122288414,2,0
M1,equal_frequency,2023-03-10,2023-03-13,0.049230186121672834,3,0
M1,equal_frequency,2023-03-13,2023-03-14,0.0644570077641299,4,0
M1,equal_frequency,2023-03-14,2023-03-15,0.052243165000125054,3,0
M1,equal_frequency,2023-03-15,2023-03-16,0.06398853875557534,4,0
M1,equal_frequency,2023-03-16,2023-03-17,0.04605158299615168,3,0
M1,equal_frequency,2023-03-17,2023-03-20,0.05586690193167461,4,0
M1,equal_frequency,2023-03-20,2023-03-21,0.04925365940566982,3,0
M1,equal_frequency,2023-03-21,2023-03-22,0.0330527115730941,2,0
M1,equal_frequency,2023-03-22,2023-03-23,0.041224889134585115,3,0
M1,equal_frequency,2023-03-23,2023-03-24,0.053942969717895084,4,0
M1,equal_frequency,2023-03-24,2023-03-27,0.04140083077464394,3,0
M1,equal_frequency,2023-03-27,2023-03-28,0.03294571527255312,2,0
M1,equal_frequency,2023-03-28,2023-03-29,0.03248646611378987,2,0
M1,equal_frequency,2023-03-29,2023-03-30,0.03155418716461237,2,0
M1,equal_frequency,2023-03-30,2023-03-31,0.028018928283714602,1,0
M1,equal_frequency,2023-03-31,2023-04-03,0.04003182893786562,3,0
M1,equal_frequency,2023-04-03,2023-04-04,0.04151590954105205,3,0
M1,equal_frequency,2023-04-04,2023-04-05,0.04355872305835882,3,0
M1,equal_frequency,2023-04-05,2023-04-06,0.04579927989330713,3,0
M1,equal_frequency,2023-04-06,2023-04-10,0.03867903497204633,2,0
M1,equal_frequency,2023-04-10,2023-04-11,0.050787191566585704,3,0
M1,equal_frequency,2023-04-11,2023-04-12,0.06103642254886587,4,0
M1,equal_frequency,2023-04-12,2023-04-13,0.06105763931884641,4,0
M1,equal_frequency,2023-04-13,2023-04-14,0.049843685609374924,3,0
M1,equal_frequency,2023-04-14,2023-04-17,0.04107439634475727,3,0
M1,equal_frequency,2023-04-17,2023-04-18,0.03888534686218566,2,0
M1,equal_frequency,2023-04-18,2023-04-19,0.036110022356645635,2,0
M1,equal_frequency,2023-04-19,2023-04-20,0.023949365745563424,1,0
M1,equal_frequency,2023-04-20,2023-04-21,0.025119317519413275,1,0
M1,equal_frequency,2023-04-21,2023-04-24,0.03208725404842889,2,0
M1,equal_frequency,2023-04-24,2023-04-25,0.031482295262360356,2,0
M1,equal_frequency,2023-04-25,2023-04-26,0.04131452754163268,3,0
M1,equal_frequency,2023-04-26,2023-04-27,0.04962563731000319,3,0
M1,equal_frequency,2023-04-27,2023-04-28,0.038256803073099706,2,0
M1,equal_frequency,2023-04-28,2023-05-01,0.025171423681983877,1,0
M1,equal_frequency,2023-05-01,2023-05-02,0.025882710950574424,1,0
M1,equal_frequency,2023-05-02,2023-05-03,0.02636181870730759,1,0
M1,equal_frequency,2023-05-03,2023-05-04,0.03138461346885152,2,0
M1,equal_frequency,2023-05-04,2023-05-05,0.04127020525891463,3,0
M1,equal_frequency,2023-05-05,2023-05-08,0.03158035793428709,2,0
M1,equal_frequency,2023-05-08,2023-05-09,0.0303869458805604,2,0
M1,equal_frequency,2023-05-09,2023-05-10,0.032960903426239856,2,0
M1,equal_frequency,2023-05-10,2023-05-11,0.02533890710608862,1,0
M1,equal_frequency,2023-05-11,2023-05-12,0.025004677205512475,1,0
M1,equal_frequency,2023-05-12,2023-05-15,0.02617420589772766,1,0
M1,equal_frequency,2023-05-15,2023-05-16,0.03299359025288855,2,0
M1,equal_frequency,2023-05-16,2023-05-17,0.03485552888211478,2,0
M1,equal_frequency,2023-05-17,2023-05-18,0.032061399433629234,2,0
M1,equal_frequency,2023-05-18,2023-05-19,0.028834373402495065,2,0
M1,equal_frequency,2023-05-19,2023-05-22,0.03767961253563473,2,0
M1,equal_frequency,2023-05-22,2023-05-23,0.036139110184039945,2,0
M1,equal_frequency,2023-05-23,2023-05-24,0.04479090102373777,3,0
M1,equal_frequency,2023-05-24,2023-05-25,0.06490323365948918,4,0
M1,equal_frequency,2023-05-25,2023-05-26,0.060047225486983435,4,0
M1,equal_frequency,2023-05-26,2023-05-30,0.04985551138549154,3,0
M1,equal_frequency,2023-05-30,2023-05-31,0.04631438685128728,3,0
M1,equal_frequency,2023-05-31,2023-06-01,0.05646925042591742,4,0
M1,equal_frequency,2023-06-01,2023-06-02,0.0341159677730182,2,0
M1,equal_frequency,2023-06-02,2023-06-05,0.027404153970828588,1,0
M1,equal_frequency,2023-06-05,2023-06-06,0.02457734309337565,1,0
M1,equal_frequency,2023-06-06,2023-06-07,0.018280729621583884,1,0
M1,equal_frequency,2023-06-07,2023-06-08,0.01772482502469114,1,0
M1,equal_frequency,2023-06-08,2023-06-09,0.01695441759201827,1,0
M1,equal_frequency,2023-06-09,2023-06-12,0.02061517573062065,1,0
M1,equal_frequency,2023-06-12,2023-06-13,0.03831450708119112,2,0
M1,equal_frequency,2023-06-13,2023-06-14,0.043721360800431625,3,0
M1,equal_frequency,2023-06-14,2023-06-15,0.03369475829795804,2,0
M1,equal_frequency,2023-06-15,2023-06-16,0.05593321345359099,4,0
M1,equal_frequency,2023-06-16,2023-06-20,0.04081788106642496,3,0
M1,equal_frequency,2023-06-20,2023-06-21,0.030710622582425295,2,0
M1,equal_frequency,2023-06-21,2023-06-22,0.017502257872736376,1,0
M1,equal_frequency,2023-06-22,2023-06-23,0.019854040722473612,1,0
M1,equal_frequency,2023-06-23,2023-06-26,0.021787854537821436,1,0
M1,equal_frequency,2023-06-26,2023-06-27,0.03441731768193459,2,0
M1,equal_frequency,2023-06-27,2023-06-28,0.040160854343649154,3,0
M1,equal_frequency,2023-06-28,2023-06-29,0.04248010268341861,3,0
M1,equal_frequency,2023-06-29,2023-06-30,0.04580729292453892,3,0
M1,equal_frequency,2023-06-30,2023-07-03,0.05926817630832362,4,0
M1,equal_frequency,2023-07-03,2023-07-05,0.05791420186011232,4,0
M1,equal_frequency,2023-07-05,2023-07-06,0.06454456170083096,4,0
M1,equal_frequency,2023-07-06,2023-07-07,0.07901253493365948,5,0
M1,equal_frequency,2023-07-07,2023-07-10,0.05921838646925321,4,0
M1,equal_frequency,2023-07-10,2023-07-11,0.06067015311426844,4,0
M1,equal_frequency,2023-07-11,2023-07-12,0.058441005892434235,4,0
M1,equal_frequency,2023-07-12,2023-07-13,0.041864831378555414,3,0
M1,equal_frequency,2023-07-13,2023-07-14,0.04158623743410559,3,0
M1,equal_frequency,2023-07-14,2023-07-17,0.03821125573578605,2,0
M1,equal_frequency,2023-07-17,2023-07-18,0.03513334568770563,2,0
M1,equal_frequency,2023-07-18,2023-07-19,0.033227938825392406,2,0
M1,equal_frequency,2023-07-19,2023-07-20,0.04412282172820268,3,0
M1,equal_frequency,2023-07-20,2023-07-21,0.042171287863720215,3,0
M1,equal_frequency,2023-07-21,2023-07-24,0.04102415333142095,3,0
M1,equal_frequency,2023-07-24,2023-07-25,0.049607338218561614,3,0
M1,equal_frequency,2023-07-25,2023-07-26,0.05095299982752728,3,0
M1,equal_frequency,2023-07-26,2023-07-27,0.0442554523860939,3,0
M1,equal_frequency,2023-07-27,2023-07-28,0.05473828639170047,4,0
M1,equal_frequency,2023-07-28,2023-07-31,0.05068142367297455,3,0
M1,equal_frequency,2023-07-31,2023-08-01,0.04756569474629885,3,0
M1,equal_frequency,2023-08-01,2023-08-02,0.04461035040709823,3,0
M1,equal_frequency,2023-08-02,2023-08-03,0.06179934383958377,4,0
M1,equal_frequency,2023-08-03,2023-08-04,0.061828104069229436,4,0
M1,equal_frequency,2023-08-04,2023-08-07,0.08173704371142497,5,0
M1,equal_frequency,2023-08-07,2023-08-08,0.064657812292793,4,0
M1,equal_frequency,2023-08-08,2023-08-09,0.060284145800087015,4,0
M1,equal_frequency,2023-08-09,2023-08-10,0.043730545835026446,3,0
M1,equal_frequency,2023-08-10,2023-08-11,0.037340955288906186,2,0
M1,equal_frequency,2023-08-11,2023-08-14,0.026085902543560132,1,0
M1,equal_frequency,2023-08-14,2023-08-15,0.027244905842277806,1,0
M1,equal_frequency,2023-08-15,2023-08-16,0.035204345246379914,2,0
M1,equal_frequency,2023-08-16,2023-08-17,0.036814244806727,2,0
M1,equal_frequency,2023-08-17,2023-08-18,0.04827290307453337,3,0
M1,equal_frequency,2023-08-18,2023-08-21,0.05134637152742975,3,0
M1,equal_frequency,2023-08-21,2023-08-22,0.05450890741797837,4,0
M1,equal_frequency,2023-08-22,2023-08-23,0.05233011788405273,3,0
M1,equal_frequency,2023-08-23,2023-08-24,0.04623534977796272,3,0
M1,equal_frequency,2023-08-24,2023-08-25,0.05425077308999566,4,0
M1,equal_frequency,2023-08-25,2023-08-28,0.03927495561943938,2,0
M1,equal_frequency,2023-08-28,2023-08-29,0.03328294329757185,2,0
M1,equal_frequency,2023-08-29,2023-08-30,0.031808282882787746,2,0
M1,equal_frequency,2023-08-30,2023-08-31,0.027089398954804715,1,0
M1,equal_frequency,2023-08-31,2023-09-01,0.025801198270779608,1,0
M1,equal_frequency,2023-09-01,2023-09-05,0.021707190292443595,1,0
M1,equal_frequency,2023-09-05,2023-09-06,0.026325179118018727,1,0
M1,equal_frequency,2023-09-06,2023-09-07,0.026069266318956955,1,0
M1,equal_frequency,2023-09-07,2023-09-08,0.027616864840190557,1,0
M1,equal_frequency,2023-09-08,2023-09-11,0.02708974935203439,1,0
M1,equal_frequency,2023-09-11,2023-09-12,0.02816918475574483,1,0
M1,equal_frequency,2023-09-12,2023-09-13,0.032750200185291234,2,0
M1,equal_frequency,2023-09-13,2023-09-14,0.025078012058742532,1,0
M1,equal_frequency,2023-09-14,2023-09-15,0.026003636447640567,1,0
M1,equal_frequency,2023-09-15,2023-09-18,0.03417330055244841,2,0
M1,equal_frequency,2023-09-18,2023-09-19,0.036000469434494455,2,1
M1,equal_frequency,2023-09-19,2023-09-20,0.03708167360809785,2,0
M1,equal_frequency,2023-09-20,2023-09-21,0.04488263068711069,3,0
M1,equal_frequency,2023-09-21,2023-09-22,0.07050762518532025,4,0
M1,equal_frequency,2023-09-22,2023-09-25,0.06443196550349047,4,0
M1,equal_frequency,2023-09-25,2023-09-26,0.06169732687824491,4,0
M1,equal_frequency,2023-09-26,2023-09-27,0.07509987509104858,4,0
M1,equal_frequency,2023-09-27,2023-09-28,0.06458218058185167,4,0
M1,equal_frequency,2023-09-28,2023-09-29,0.04763662770115174,3,0
M1,equal_frequency,2023-09-29,2023-10-02,0.04751423425287313,3,0
M1,equal_frequency,2023-10-02,2023-10-03,0.045781303715584344,3,0
M1,equal_frequency,2023-10-03,2023-10-04,0.059303550513795905,4,0
M1,equal_frequency,2023-10-04,2023-10-05,0.05525515681726346,4,0
M1,equal_frequency,2023-10-05,2023-10-06,0.057851867537975894,4,0
M1,equal_frequency,2023-10-06,2023-10-09,0.05535731585199792,4,0
M1,equal_frequency,2023-10-09,2023-10-10,0.05804970762875152,4,0
M1,equal_frequency,2023-10-10,2023-10-11,0.04591561539771427,3,0
M1,equal_frequency,2023-10-11,2023-10-12,0.0387299195013481,2,0
M1,equal_frequency,2023-10-12,2023-10-13,0.04531347917743219,3,0
M1,equal_frequency,2023-10-13,2023-10-16,0.05827987430943572,4,0
M1,equal_frequency,2023-10-16,2023-10-17,0.04499517064060859,3,0
M1,equal_frequency,2023-10-17,2023-10-18,0.05952746038797863,4,0
M1,equal_frequency,2023-10-18,2023-10-19,0.05756152902944772,4,0
M1,equal_frequency,2023-10-19,2023-10-20,0.08109666968929993,5,0
M1,equal_frequency,2023-10-20,2023-10-23,0.08267703815579719,5,0
M1,equal_frequency,2023-10-23,2023-10-24,0.06152410714906437,4,0
M1,equal_frequency,2023-10-24,2023-10-25,0.04636363791331193,3,0
M1,equal_frequency,2023-10-25,2023-10-26,0.05552545666502235,4,0
M1,equal_frequency,2023-10-26,2023-10-27,0.0607253322246228,4,0
M1,equal_frequency,2023-10-27,2023-10-30,0.0657377342300345,4,0
M1,equal_frequency,2023-10-30,2023-10-31,0.05691923556169519,4,0
M1,equal_frequency,2023-10-31,2023-11-01,0.03756973075417026,2,0
M1,equal_frequency,2023-11-01,2023-11-02,0.03263184155255786,2,0
M1,equal_frequency,2023-11-02,2023-11-03,0.029081133388883913,2,0
M1,equal_frequency,2023-11-03,2023-11-06,0.024060590559097032,1,0
M1,equal_frequency,2023-11-06,2023-11-07,0.023404985946822436,1,0
M1,equal_frequency,2023-11-07,2023-11-08,0.025262759435134313,1,0
M1,equal_frequency,2023-11-08,2023-11-09,0.023199876238859878,1,0
M1,equal_frequency,2023-11-09,2023-11-10,0.026382342555128547,1,0
M1,equal_frequency,2023-11-10,2023-11-13,0.02474682499675445,1,0
M1,equal_frequency,2023-11-13,2023-11-14,0.0379478409338755,2,0
M1,equal_frequency,2023-11-14,2023-11-15,0.03834950663084411,2,0
M1,equal_frequency,2023-11-15,2023-11-16,0.046699360446058616,3,0
M1,equal_frequency,2023-11-16,2023-11-17,0.06023798336069291,4,0
M1,equal_frequency,2023-11-17,2023-11-20,0.05524165448138205,4,0
M1,equal_frequency,2023-11-20,2023-11-21,0.04785430025225538,3,0
M1,equal_frequency,2023-11-21,2023-11-22,0.039630181902167154,2,0
M1,equal_frequency,2023-11-22,2023-11-24,0.037330901815431014,2,0
M1,equal_frequency,2023-11-24,2023-11-27,0.036797364589081005,2,0
M1,equal_frequency,2023-11-27,2023-11-28,0.03581533573113596,2,0
M1,equal_frequency,2023-11-28,2023-11-29,0.03558939919013794,2,0
M1,equal_frequency,2023-11-29,2023-11-30,0.04030507975843667,3,0
M1,equal_frequency,2023-11-30,2023-12-01,0.03876478414801357,2,0
M1,equal_frequency,2023-12-01,2023-12-04,0.04132684857209415,3,0
M1,equal_frequency,2023-12-04,2023-12-05,0.041384391454417066,3,0
M1,equal_frequency,2023-12-05,2023-12-06,0.037220519955367924,2,0
M1,equal_frequency,2023-12-06,2023-12-07,0.037178849730598644,2,0
M1,equal_frequency,2023-12-07,2023-12-08,0.04422590684951157,3,0
M1,equal_frequency,2023-12-08,2023-12-11,0.036991664937503624,2,0
M1,equal_frequency,2023-12-11,2023-12-12,0.05083852017438382,3,0
M1,equal_frequency,2023-12-12,2023-12-13,0.041342918139456494,3,0
M1,equal_frequency,2023-12-13,2023-12-14,0.052208377772181555,3,0
M1,equal_frequency,2023-12-14,2023-12-15,0.06050570383416895,4,0
M1,equal_frequency,2023-12-15,2023-12-18,0.04708695113500916,3,0
M1,equal_frequency,2023-12-18,2023-12-19,0.054954942082460066,4,0
M1,equal_frequency,2023-12-19,2023-12-20,0.06345563268333243,4,0
M1,equal_frequency,2023-12-20,2023-12-21,0.029013636719983388,2,0
M2,equal_width,2020-09-10,2020-09-11,0.019958175622786012,1,0
M2,equal_width,2020-09-11,2020-09-14,0.0006909085765605103,1,0
M2,equal_width,2020-09-14,2020-09-15,0.003943464393543296,1,0
M2,equal_width,2020-09-15,2020-09-16,0.008423722233989493,1,0
M2,equal_width,2020-09-16,2020-09-17,0.0016150276896406911,1,0
M2,equal_width,2020-09-17,2020-09-18,0.0011876702599896219,1,0
M2,equal_width,2020-09-18,2020-09-21,0.00447818241916216,1,0
M2,equal_width,2020-09-21,2020-09-22,0.01318180925467829,1,0
M2,equal_width,2020-09-22,2020-09-23,0.014935040814496706,1,0
M2,equal_width,2020-09-23,2020-09-24,0.025387809371721172,1,0
M2,equal_width,2020-09-24,2020-09-25,0.041228111465374175,1,0
M2,equal_width,2020-09-25,2020-09-28,0.04946971092955631,1,0
M2,equal_width,2020-09-28,2020-09-29,0.06097382647151637,1,0
M2,equal_width,2020-09-29,2020-09-30,0.03273285929558621,1,0
M2,equal_width,2020-09-30,2020-10-01,0.06505536580868054,1,0
M2,equal_width,2020-10-01,2020-10-02,0.14114804996571337,1,0
M2,equal_width,2020-10-02,2020-10-05,0.10725261972307559,1,0
M2,equal_width,2020-10-05,2020-10-06,0.11486973334396264,1,0
M2,equal_width,2020-10-06,2020-10-07,0.16083618799732768,1,0
M2,equal_width,2020-10-07,2020-10-08,0.1927925833604674,1,0
M2,equal_width,2020-10-08,2020-10-09,0.15685595892141033,1,0
M2,equal_width,2020-10-09,2020-10-12,0.2230006587690882,2,0
M2,equal_width,2020-10-12,2020-10-13,0.31770257980796823,2,0
M2,equal_width,2020-10-13,2020-10-14,0.2953348963540383,2,0
M2,equal_width,2020-10-14,2020-10-15,0.1617541978987163,1,0
M2,equal_width,2020-10-15,2020-10-16,0.13206086260963643,1,0
M2,equal_width,2020-10-16,2020-10-19,0.07431601828363696,1,0
M2,equal_width,2020-10-19,2020-10-20,0.04128916414073137,1,0
M2,equal_width,2020-10-20,2020-10-21,0.043226783443599426,1,1
M2,equal_width,2020-10-21,2020-10-22,0.03641487330311525,1,1
M2,equal_width,2020-10-22,2020-10-23,0.0692300275445962,1,1
M2,equal_width,2020-10-23,2020-10-26,0.08959186241742652,1,0
M2,equal_width,2020-10-26,2020-10-27,0.10759447889446148,1,0
M2,equal_width,2020-10-27,2020-10-28,0.1238029193790335,1,0
M2,equal_width,2020-10-28,2020-10-29,0.2133249657115262,2,0
M2,equal_width,2020-10-29,2020-10-30,0.24339117034999286,2,0
M2,equal_width,2020-10-30,2020-11-02,0.2430971030268029,2,0
M2,equal_width,2020-11-02,2020-11-03,0.1759476797986331,1,0
M2,equal_width,2020-11-03,2020-11-04,0.18678269631479114,1,0
M2,equal_width,2020-11-04,2020-11-05,0.0026939392182936095,1,0
M2,equal_width,2020-11-05,2020-11-06,0.001817667363810647,1,0
M2,equal_width,2020-11-06,2020-11-09,0.000908563975609964,1,0
M2,equal_width,2020-11-09,2020-11-10,0.005529611384056772,1,0
M2,equal_width,2020-11-10,2020-11-11,0.011777657603286322,1,0
M2,equal_width,2020-11-11,2020-11-12,0.10652362775897022,1,0
M2,equal_width,2020-11-12,2020-11-13,0.06039643432599968,1,0
M2,equal_width,2020-11-13,2020-11-16,0.12752777123112288,1,0
M2,equal_width,2020-11-16,2020-11-17,0.10289877788278524,1,0
M2,equal_width,2020-11-17,2020-11-18,0.07653069160680737,1,0
M2,equal_width,2020-11-18,2020-11-19,0.0997385861151726,1,0
M2,equal_width,2020-11-19,2020-11-20,0.06684060810258656,1,0
M2,equal_width,2020-11-20,2020-11-23,0.09303493635445248,1,0
M2,equal_width,2020-11-23,2020-11-24,0.04636331392460987,1,0
M2,equal_width,2020-11-24,2020-11-25,0.042756879374187824,1,0
M2,equal_width,2020-11-25,2020-11-27,0.021901249884851155,1,0
M2,equal_width,2020-11-27,2020-11-30,0.0881704488904835,1,0
M2,equal_width,2020-11-30,2020-12-01,0.03620857373211396,1,0
M2,equal_width,2020-12-01,2020-12-02,0.07560610062263715,1,0
M2,equal_width,2020-12-02,2020-12-03,0.10344436278722047,1,0
M2,equal_width,2020-12-03,2020-12-04,0.12539132099634756,1,0
M2,equal_width,2020-12-04,2020-12-07,0.10519596616729544,1,0
M2,equal_width,2020-12-07,2020-12-08,0.11680278845563086,1,0
M2,equal_width,2020-12-08,2020-12-09,0.08398820679145921,1,0
M2,equal_width,2020-12-09,2020-12-10,0.1077810585720759,1,0
M2,equal_width,2020-12-10,2020-12-11,0.1279331197522928,1,0
M2,equal_width,2020-12-11,2020-12-14,0.13476793827432565,1,0
M2,equal_width,2020-12-14,2020-12-15,0.18767516631436204,1,0
M2,equal_width,2020-12-15,2020-12-16,0.28437337141675006,2,0
M2,equal_width,2020-12-16,2020-12-17,0.20944543506210334,2,0
M2,equal_width,2020-12-17,2020-12-18,0.20008964182936934,2,0
M2,equal_width,2020-12-18,2020-12-21,0.06038031134677589,1,0
M2,equal_width,2020-12-21,2020-12-22,0.16583017792283014,1,0
M2,equal_width,2020-12-22,2020-12-23,0.15066343745539978,1,0
M2,equal_width,2020-12-23,2020-12-24,0.1837943662169985,1,0
M2,equal_width,2020-12-24,2020-12-28,0.07922302997511661,1,0
M2,equal_width,2020-12-28,2020-12-29,0.16991499258310389,1,0
M2,equal_width,2020-12-29,2020-12-30,0.09408358081085624,1,0
M2,equal_width,2020-12-30,2020-12-31,0.09609192820710669,1,0
M2,equal_width,2020-12-31,2021-01-04,0.10393922028318964,1,0
M2,equal_width,2021-01-04,2021-01-05,0.10265178110964694,1,0
M2,equal_width,2021-01-05,2021-01-06,0.08333714145414332,1,0
M2,equal_width,2021-01-06,2021-01-07,0.0915274147725847,1,0
M2,equal_width,2021-01-07,2021-01-08,0.13007851577949864,1,0
M2,equal_width,2021-01-08,2021-01-11,0.10497069116562759,1,0
M2,equal_width,2021-01-11,2021-01-12,0.07960814983225784,1,0
M2,equal_width,2021-01-12,2021-01-13,0.08154070656519039,1,0
M2,equal_width,2021-01-13,2021-01-14,0.06278862611986709,1,0
M2,equal_width,2021-01-14,2021-01-15,0.09020754067121638,1,0
M2,equal_width,2021-01-15,2021-01-19,0.07228299198239187,1,0
M2,equal_width,2021-01-19,2021-01-20,0.034013856811097795,1,1
M2,equal_width,2021-01-20,2021-01-21,0.09021668302745368,1,1
M2,equal_width,2021-01-21,2021-01-22,0.06306729951648131,1,1
M2,equal_width,2021-01-22,2021-01-25,0.0316606703985784,1,1
M2,equal_width,2021-01-25,2021-01-26,0.08927262208931576,1,1
M2,equal_width,2021-01-26,2021-01-27,0.07673150408199159,1,0
M2,equal_width,2021-01-27,2021-01-28,0.4235339512784688,3,0
M2,equal_width,2021-01-28,2021-01-29,0.15907407521737987,1,0
M2,equal_width,2021-01-29,2021-02-01,0.1374554946369667,1,0
M2,equal_width,2021-02-01,2021-02-02,0.08695328861605475,1,0
M2,equal_width,2021-02-02,2021-02-03,0.06306284797708665,1,0
M2,equal_width,2021-02-03,2021-02-04,3.892536634992789e-05,1,0
M2,equal_width,2021-02-04,2021-02-05,0.0024473525969388866,1,0
M2,equal_width,2021-02-05,2021-02-08,0.0006412101668417577,1,0
M2,equal_width,2021-02-08,2021-02-09,0.002636858258466914,1,0
M2,equal_width,2021-02-09,2021-02-10,0.011836635772473765,1,0
M2,equal_width,2021-02-10,2021-02-11,0.04059689570734851,1,0
M2,equal_width,2021-02-11,2021-02-12,0.026996537072423266,1,0
M2,equal_width,2021-02-12,2021-02-16,0.008842716745040028,1,0
M2,equal_width,2021-02-16,2021-02-17,0.027667281938976707,1,0
M2,equal_width,2021-02-17,2021-02-18,0.07111877462140553,1,0
M2,equal_width,2021-02-18,2021-02-19,0.04781813524131701,1,0
M2,equal_width,2021-02-19,2021-02-22,0.03083335904297677,1,0
M2,equal_width,2021-02-22,2021-02-23,0.03400775107558652,1,0
M2,equal_width,2021-02-23,2021-02-24,0.013176330517807457,1,0
M2,equal_width,2021-02-24,2021-02-25,0.013784922695116851,1,0
M2,equal_width,2021-02-25,2021-02-26,0.07629538089162997,1,0
M2,equal_width,2021-02-26,2021-03-01,0.04974882613372804,1,0
M2,equal_width,2021-03-01,2021-03-02,0.04621264789119706,1,0
M2,equal_width,2021-03-02,2021-03-03,0.07987399595890117,1,0
M2,equal_width,2021-03-03,2021-03-04,0.053510524474848074,1,0
M2,equal_width,2021-03-04,2021-03-05,0.023585587026512506,1,0
M2,equal_width,2021-03-05,2021-03-08,0.029428389309928013,1,0
M2,equal_width,2021-03-08,2021-03-09,0.023340178044422035,1,0
M2,equal_width,2021-03-09,2021-03-10,0.02726515940189156,1,0
M2,equal_width,2021-03-10,2021-03-11,0.033544947272011426,1,0
M2,equal_width,2021-03-11,2021-03-12,0.046059004899642444,1,0
M2,equal_width,2021-03-12,2021-03-15,0.045475814558966585,1,0
M2,equal_width,2021-03-15,2021-03-16,0.06618654118132003,1,0
M2,equal_width,2021-03-16,2021-03-17,0.06321356119839304,1,0
M2,equal_width,2021-03-17,2021-03-18,0.07261096704450126,1,0
M2,equal_width,2021-03-18,2021-03-19,0.04747573210723215,1,0
M2,equal_width,2021-03-19,2021-03-22,0.04136810438051631,1,0
M2,equal_width,2021-03-22,2021-03-23,0.04160566356506829,1,0
M2,equal_width,2021-03-23,2021-03-24,0.0448984394654513,1,0
M2,equal_width,2021-03-24,2021-03-25,0.05213138812034305,1,0
M2,equal_width,2021-03-25,2021-03-26,0.025780242412892444,1,0
M2,equal_width,2021-03-26,2021-03-29,0.08430589457578966,1,0
M2,equal_width,2021-03-29,2021-03-30,0.16554845088322664,1,0
M2,equal_width,2021-03-30,2021-03-31,0.06383045081651316,1,0
M2,equal_width,2021-03-31,2021-04-01,0.08502881691595249,1,0
M2,equal_width,2021-04-01,2021-04-05,0.06959250327451452,1,0
M2,equal_width,2021-04-05,2021-04-06,0.12325742886202319,1,0
M2,equal_width,2021-04-06,2021-04-07,0.09299521091673127,1,0
M2,equal_width,2021-04-07,2021-04-08,0.08683529146056954,1,0
M2,equal_width,2021-04-08,2021-04-09,0.10474760712865243,1,0
M2,equal_width,2021-04-09,2021-04-12,0.06296802397564064,1,0
M2,equal_width,2021-04-12,2021-04-13,0.05055011629152265,1,0
M2,equal_width,2021-04-13,2021-04-14,0.043650459132600586,1,0
M2,equal_width,2021-04-14,2021-04-15,0.04255146028001897,1,0
M2,equal_width,2021-04-15,2021-04-16,0.06464913302768292,1,0
M2,equal_width,2021-04-16,2021-04-19,0.04059399918763287,1,0
M2,equal_width,2021-04-19,2021-04-20,0.061023181176505396,1,0
M2,equal_width,2021-04-20,2021-04-21,0.081560050679925,1,0
M2,equal_width,2021-04-21,2021-04-22,0.0900596103818213,1,0
M2,equal_width,2021-04-22,2021-04-23,0.07762074898461835,1,0
M2,equal_width,2021-04-23,2021-04-26,0.06476231732634329,1,0
M2,equal_width,2021-04-26,2021-04-27,0.06544564338115938,1,0
M2,equal_width,2021-04-27,2021-04-28,0.051381940939032006,1,0
M2,equal_width,2021-04-28,2021-04-29,0.0484666816603343,1,0
M2,equal_width,2021-04-29,2021-04-30,0.05422917689564294,1,0
M2,equal_width,2021-04-30,2021-05-03,0.05013855143327901,1,0
M2,equal_width,2021-05-03,2021-05-04,0.04548141327324727,1,0
M2,equal_width,2021-05-04,2021-05-05,0.04792490595762222,1,1
M2,equal_width,2021-05-05,2021-05-06,0.03375506886628625,1,1
M2,equal_width,2021-05-06,2021-05-07,0.03919771189913167,1,1
M2,equal_width,2021-05-07,2021-05-10,0.024942911098730716,1,1
M2,equal_width,2021-05-10,2021-05-11,0.024131092274118672,1,0
M2,equal_width,2021-05-11,2021-05-12,0.029502783943628194,1,0
M2,equal_width,2021-05-12,2021-05-13,0.04215869244791625,1,0
M2,equal_width,2021-05-13,2021-05-14,0.034535168945745216,1,0
M2,equal_width,2021-05-14,2021-05-17,0.025793048745575038,1,0
M2,equal_width,2021-05-17,2021-05-18,0.0418206741399088,1,0
M2,equal_width,2021-05-18,2021-05-19,0.03295563686553554,1,0
M2,equal_width,2021-05-19,2021-05-20,0.020937923515999855,1,0
M2,equal_width,2021-05-20,2021-05-21,0.055049329820084265,1,0
M2,equal_width,2021-05-21,2021-05-24,0.057227308252541846,1,0
M2,equal_width,2021-05-24,2021-05-25,0.027587636123298762,1,0
M2,equal_width,2021-05-25,2021-05-26,0.03455570824045545,1,0
M2,equal_width,2021-05-26,2021-05-27,0.004140584123698168,1,0
M2,equal_width,2021-05-27,2021-05-28,0.002786211919998165,1,0
M2,equal_width,2021-05-28,2021-06-01,0.004337966995671754,1,0
M2,equal_width,2021-06-01,2021-06-02,0.02398232960969918,1,0
M2,equal_width,2021-06-02,2021-06-03,0.013227299110146246,1,0
M2,equal_width,2021-06-03,2021-06-04,0.03304331995643271,1,0
M2,equal_width,2021-06-04,2021-06-07,0.028894776679318772,1,0
M2,equal_width,2021-06-07,2021-06-08,0.027591839884712754,1,0
M2,equal_width,2021-06-08,2021-06-09,0.025579831791874123,1,0
M2,equal_width,2021-06-09,2021-06-10,0.03589770340392439,1,0
M2,equal_width,2021-06-10,2021-06-11,0.04255725866961397,1,0
M2,equal_width,2021-06-11,2021-06-14,0.026558964729031454,1,0
M2,equal_width,2021-06-14,2021-06-15,0.05199838298447711,1,0
M2,equal_width,2021-06-15,2021-06-16,0.057150280312967185,1,0
M2,equal_width,2021-06-16,2021-06-17,0.04224958443753515,1,0
M2,equal_width,2021-06-17,2021-06-18,0.04107609215378128,1,0
M2,equal_width,2021-06-18,2021-06-21,0.07112355697247692,1,0
M2,equal_width,2021-06-21,2021-06-22,0.06650102904301129,1,0
M2,equal_width,2021-06-22,2021-06-23,0.052306786982808044,1,0
M2,equal_width,2021-06-23,2021-06-24,0.03785890064478756,1,0
M2,equal_width,2021-06-24,2021-06-25,0.04140937030019834,1,0
M2,equal_width,2021-06-25,2021-06-28,0.009070631953514038,1,0
M2,equal_width,2021-06-28,2021-06-29,0.015851098914848028,1,0
M2,equal_width,2021-06-29,2021-06-30,0.0231535896812701,1,0
M2,equal_width,2021-06-30,2021-07-01,0.008937694319658481,1,0
M2,equal_width,2021-07-01,2021-07-02,0.020944882588988228,1,0
M2,equal_width,2021-07-02,2021-07-06,0.007386373499782136,1,0
M2,equal_width,2021-07-06,2021-07-07,0.07080843220603511,1,0
M2,equal_width,2021-07-07,2021-07-08,0.05593254475497494,1,0
M2,equal_width,2021-07-08,2021-07-09,0.08840311415219475,1,0
M2,equal_width,2021-07-09,2021-07-12,0.049306538797210676,1,0
M2,equal_width,2021-07-12,2021-07-13,0.04476671189020276,1,0
M2,equal_width,2021-07-13,2021-07-14,0.04088382253854293,1,0
M2,equal_width,2021-07-14,2021-07-15,0.02447797865763703,1,0
M2,equal_width,2021-07-15,2021-07-16,0.02633504316883237,1,0
M2,equal_width,2021-07-16,2021-07-19,0.04133496336590225,1,0
M2,equal_width,2021-07-19,2021-07-20,0.04428587208108277,1,0
M2,equal_width,2021-07-20,2021-07-21,0.08583161345875905,1,0
M2,equal_width,2021-07-21,2021-07-22,0.05738849340013033,1,0
M2,equal_width,2021-07-22,2021-07-23,0.045029866864919034,1,0
M2,equal_width,2021-07-23,2021-07-26,0.02048520181298315,1,0
M2,equal_width,2021-07-26,2021-07-27,0.014223625227111163,1,0
M2,equal_width,2021-07-27,2021-07-28,0.05979220571483261,1,0
M2,equal_width,2021-07-28,2021-07-29,0.04593972664418197,1,0
M2,equal_width,2021-07-29,2021-07-30,0.03221518924438909,1,0
M2,equal_width,2021-07-30,2021-08-02,0.025205295327537784,1,0
M2,equal_width,2021-08-02,2021-08-03,0.04703912856790618,1,0
M2,equal_width,2021-08-03,2021-08-04,0.018669159368583915,1,0
M2,equal_width,2021-08-04,2021-08-05,0.012522070750739177,1,0
M2,equal_width,2021-08-05,2021-08-06,0.019913893606408842,1,0
M2,equal_width,2021-08-06,2021-08-09,0.001365852540352518,1,0
M2,equal_width,2021-08-09,2021-08-10,0.005516330541158826,1,0
M2,equal_width,2021-08-10,2021-08-11,0.009453517204479437,1,0
M2,equal_width,2021-08-11,2021-08-12,0.0028922734649545136,1,0
M2,equal_width,2021-08-12,2021-08-13,0.003413143295047073,1,0
M2,equal_width,2021-08-13,2021-08-16,0.0021293920442712467,1,0
M2,equal_width,2021-08-16,2021-08-17,0.015830198197380366,1,0
M2,equal_width,2021-08-17,2021-08-18,0.03747663910289708,1,0
M2,equal_width,2021-08-18,2021-08-19,0.05090973219705107,1,0
M2,equal_width,2021-08-19,2021-08-20,0.059610596560651825,1,0
M2,equal_width,2021-08-20,2021-08-23,0.03363744410326845,1,0
M2,equal_width,2021-08-23,2021-08-24,0.03105927161305508,1,0
M2,equal_width,2021-08-24,2021-08-25,0.02822820948098884,1,0
M2,equal_width,2021-08-25,2021-08-26,0.008964064627425704,1,0
M2,equal_width,2021-08-26,2021-08-27,0.02224892214220301,1,0
M2,equal_width,2021-08-27,2021-08-30,0.010716261899205753,1,0
M2,equal_width,2021-08-30,2021-08-31,0.011295569058714764,1,0
M2,equal_width,2021-08-31,2021-09-01,0.017786934699783312,1,0
M2,equal_width,2021-09-01,2021-09-02,0.006735975655222166,1,0
M2,equal_width,2021-09-02,2021-09-03,0.014526761240786602,1,0
M2,equal_width,2021-09-03,2021-09-07,0.00334953513107736,1,0
M2,equal_width,2021-09-07,2021-09-08,0.018890241729589027,1,0
M2,equal_width,2021-09-08,2021-09-09,0.017097572895825846,1,0
M2,equal_width,2021-09-09,2021-09-10,0.027111816517994127,1,0
M2,equal_width,2021-09-10,2021-09-13,0.019886357275646242,1,0
M2,equal_width,2021-09-13,2021-09-14,0.016115484036805603,1,0
M2,equal_width,2021-09-14,2021-09-15,0.015554799807266897,1,0
M2,equal_width,2021-09-15,2021-09-16,0.026003140489089686,1,0
M2,equal_width,2021-09-16,2021-09-17,0.029699756336212677,1,0
M2,equal_width,2021-09-17,2021-09-20,0.032585209485729835,1,0
M2,equal_width,2021-09-20,2021-09-21,0.04202019597140745,1,0
M2,equal_width,2021-09-21,2021-09-22,0.028650704900548433,1,0
M2,equal_width,2021-09-22,2021-09-23,0.029041473850844393,1,0
M2,equal_width,2021-09-23,2021-09-24,0.04071419133920374,1,0
M2,equal_width,2021-09-24,2021-09-27,0.015132582331064359,1,0
M2,equal_width,2021-09-27,2021-09-28,0.002533968250344777,1,0
M2,equal_width,2021-09-28,2021-09-29,0.01703119517327244,1,0
M2,equal_width,2021-09-29,2021-09-30,0.030915534787499706,1,0
M2,equal_width,2021-09-30,2021-10-01,0.027717502665160154,1,0
M2,equal_width,2021-10-01,2021-10-04,0.03650396795158719,1,0
M2,equal_width,2021-10-04,2021-10-05,0.022531074941384992,1,0
M2,equal_width,2021-10-05,2021-10-06,0.013553756492831187,1,0
M2,equal_width,2021-10-06,2021-10-07,0.01444719137088192,1,0
M2,equal_width,2021-10-07,2021-10-08,0.017976027781688293,1,0
M2,equal_width,2021-10-08,2021-10-11,0.01692231218654978,1,0
M2,equal_width,2021-10-11,2021-10-12,0.014530958931667731,1,0
M2,equal_width,2021-10-12,2021-10-13,0.014862890083212095,1,0
M2,equal_width,2021-10-13,2021-10-14,0.014210541464536026,1,0
M2,equal_width,2021-10-14,2021-10-15,0.0182933144380602,1,0
M2,equal_width,2021-10-15,2021-10-18,0.01750368373827704,1,0
M2,equal_width,2021-10-18,2021-10-19,0.020973873822048336,1,0
M2,equal_width,2021-10-19,2021-10-20,0.022087107428789894,1,0
M2,equal_width,2021-10-20,2021-10-21,0.040400606629522634,1,0
M2,equal_width,2021-10-21,2021-10-22,0.017249246651394122,1,0
M2,equal_width,2021-10-22,2021-10-25,0.011105843595547615,1,0
M2,equal_width,2021-10-25,2021-10-26,0.026012823658296654,1,0
M2,equal_width,2021-10-26,2021-10-27,0.024203546304492438,1,0
M2,equal_width,2021-10-27,2021-10-28,0.06554135713940296,1,0
M2,equal_width,2021-10-28,2021-10-29,0.1038628488933584,1,0
M2,equal_width,2021-10-29,2021-11-01,0.07247876018847094,1,0
M2,equal_width,2021-11-01,2021-11-02,0.08109178579664184,1,0
M2,equal_width,2021-11-02,2021-11-03,0.03723675702312575,1,0
M2,equal_width,2021-11-03,2021-11-04,0.018753310050755492,1,0
M2,equal_width,2021-11-04,2021-11-05,0.02878086293131475,1,0
M2,equal_width,2021-11-05,2021-11-08,0.03918559903799508,1,0
M2,equal_width,2021-11-08,2021-11-09,0.05721630755546373,1,0
M2,equal_width,2021-11-09,2021-11-10,0.035645355341269044,1,0
M2,equal_width,2021-11-10,2021-11-11,0.06341550402812628,1,0
M2,equal_width,2021-11-11,2021-11-12,0.02936069855770779,1,0
M2,equal_width,2021-11-12,2021-11-15,0.005613262241494491,1,0
M2,equal_width,2021-11-15,2021-11-16,0.006535403779134848,1,0
M2,equal_width,2021-11-16,2021-11-17,0.008408030375916685,1,0
M2,equal_width,2021-11-17,2021-11-18,0.0028361411883991595,1,1
M2,equal_width,2021-11-18,2021-11-19,0.01520202381442785,1,1
M2,equal_width,2021-11-19,2021-11-22,0.010445944320280932,1,1
M2,equal_width,2021-11-22,2021-11-23,0.12557354348533384,1,1
M2,equal_width,2021-11-23,2021-11-24,0.11419421828088049,1,1
M2,equal_width,2021-11-24,2021-11-26,0.09505973757217516,1,0
M2,equal_width,2021-11-26,2021-11-29,0.07503157187320031,1,1
M2,equal_width,2021-11-29,2021-11-30,0.05899273600784225,1,0
M2,equal_width,2021-11-30,2021-12-01,0.06446918895490743,1,0
M2,equal_width,2021-12-01,2021-12-02,0.110638544705022,1,0
M2,equal_width,2021-12-02,2021-12-03,0.0823165158135898,1,0
M2,equal_width,2021-12-03,2021-12-06,0.05207032861122805,1,0
M2,equal_width,2021-12-06,2021-12-07,0.058167699117930335,1,0
M2,equal_width,2021-12-07,2021-12-08,0.009394769020926176,1,0
M2,equal_width,2021-12-08,2021-12-09,0.0007072261460267314,1,0
M2,equal_width,2021-12-09,2021-12-10,0.005876512578468014,1,0
M2,equal_width,2021-12-10,2021-12-13,0.00028745216073482535,1,0
M2,equal_width,2021-12-13,2021-12-14,0.008327815473948428,1,0
M2,equal_width,2021-12-14,2021-12-15,0.025058966594408583,1,0
M2,equal_width,2021-12-15,2021-12-16,0.03441863166025399,1,0
M2,equal_width,2021-12-16,2021-12-17,0.030209677641085335,1,0
M2,equal_width,2021-12-17,2021-12-20,0.026397406929713898,1,0
M2,equal_width,2021-12-20,2021-12-21,0.025525826465025873,1,0
M2,equal_width,2021-12-21,2021-12-22,0.04112139495145374,1,0
M2,equal_width,2021-12-22,2021-12-23,0.03598661203823999,1,0
M2,equal_width,2021-12-23,2021-12-27,0.03001891428370808,1,0
M2,equal_width,2021-12-27,2021-12-28,0.014733542078342463,1,0
M2,equal_width,2021-12-28,2021-12-29,0.013325246347497129,1,0
M2,equal_width,2021-12-29,2021-12-30,0.011576787104710651,1,0
M2,equal_width,2021-12-30,2021-12-31,0.02187536398107396,1,0
M2,equal_width,2021-12-31,2022-01-03,0.013388783624384289,1,0
M2,equal_width,2022-01-03,2022-01-04,0.007838198378696534,1,0
M2,equal_width,2022-01-04,2022-01-05,0.009873141168937206,1,0
M2,equal_width,2022-01-05,2022-01-06,0.01772316381198002,1,0
M2,equal_width,2022-01-06,2022-01-07,0.012740071267289143,1,0
M2,equal_width,2022-01-07,2022-01-10,0.008446064445918324,1,0
M2,equal_width,2022-01-10,2022-01-11,0.00966920704915493,1,0
M2,equal_width,2022-01-11,2022-01-12,0.00825145830112509,1,0
M2,equal_width,2022-01-12,2022-01-13,0.009681469643523502,1,1
M2,equal_width,2022-01-13,2022-01-14,0.010955146311315308,1,1
M2,equal_width,2022-01-14,2022-01-18,0.00937070279390704,1,0
M2,equal_width,2022-01-18,2022-01-19,0.014343900756635032,1,0
M2,equal_width,2022-01-19,2022-01-20,0.020356268313357812,1,0
M2,equal_width,2022-01-20,2022-01-21,0.02255506248587192,1,0
M2,equal_width,2022-01-21,2022-01-24,0.023824790582036168,1,0
M2,equal_width,2022-01-24,2022-01-25,0.03049304757960818,1,0
M2,equal_width,2022-01-25,2022-01-26,0.0318335639433321,1,0
M2,equal_width,2022-01-26,2022-01-27,0.04185044544208041,1,0
M2,equal_width,2022-01-27,2022-01-28,0.020045701748594595,1,0
M2,equal_width,2022-01-28,2022-01-31,0.008239423230463951,1,0
M2,equal_width,2022-01-31,2022-02-01,0.0027810313171066628,1,0
M2,equal_width,2022-02-01,2022-02-02,0.0019650648789914303,1,0
M2,equal_width,2022-02-02,2022-02-03,0.004206459574458154,1,0
M2,equal_width,2022-02-03,2022-02-04,0.01038508002419296,1,0
M2,equal_width,2022-02-04,2022-02-07,0.013181127947352022,1,0
M2,equal_width,2022-02-07,2022-02-08,0.011053900710559249,1,0
M2,equal_width,2022-02-08,2022-02-09,0.013506413787553736,1,1
M2,equal_width,2022-02-09,2022-02-10,0.015291674951270534,1,0
M2,equal_width,2022-02-10,2022-02-11,0.015582443767374544,1,0
M2,equal_width,2022-02-11,2022-02-14,0.021351163438760153,1,0
M2,equal_width,2022-02-14,2022-02-15,0.03512395475919617,1,0
M2,equal_width,2022-02-15,2022-02-16,0.039998130852508605,1,0
M2,equal_width,2022-02-16,2022-02-17,0.03835770793293983,1,0
M2,equal_width,2022-02-17,2022-02-18,0.04341038152826367,1,0
M2,equal_width,2022-02-18,2022-02-22,0.024754919375197793,1,0
M2,equal_width,2022-02-22,2022-02-23,0.02180947641945836,1,0
M2,equal_width,2022-02-23,2022-02-24,0.03668742995280674,1,0
M2,equal_width,2022-02-24,2022-02-25,0.06124269010529559,1,0
M2,equal_width,2022-02-25,2022-02-28,0.024859448550173652,1,0
M2,equal_width,2022-02-28,2022-03-01,0.05099128889605458,1,0
M2,equal_width,2022-03-01,2022-03-02,0.08342587452503848,1,0
M2,equal_width,2022-03-02,2022-03-03,0.08903403250172165,1,0
M2,equal_width,2022-03-03,2022-03-04,0.06539878307363062,1,0
M2,equal_width,2022-03-04,2022-03-07,0.06854387360925082,1,0
M2,equal_width,2022-03-07,2022-03-08,0.043709200617913335,1,0
M2,equal_width,2022-03-08,2022-03-09,0.020295547182911978,1,0
M2,equal_width,2022-03-09,2022-03-10,0.03144109600456974,1,0
M2,equal_width,2022-03-10,2022-03-11,0.022574605566817927,1,0
M2,equal_width,2022-03-11,2022-03-14,0.014444861055755372,1,0
M2,equal_width,2022-03-14,2022-03-15,0.018985893985039637,1,0
M2,equal_width,2022-03-15,2022-03-16,0.03229753366741084,1,0
M2,equal_width,2022-03-16,2022-03-17,0.029480907663566244,1,0
M2,equal_width,2022-03-17,2022-03-18,0.043192122182204765,1,0
M2,equal_width,2022-03-18,2022-03-21,0.046493412779681116,1,0
M2,equal_width,2022-03-21,2022-03-22,0.05822504090909602,1,0
M2,equal_width,2022-03-22,2022-03-23,0.07452299426882902,1,0
M2,equal_width,2022-03-23,2022-03-24,0.08120598669494489,1,0
M2,equal_width,2022-03-24,2022-03-25,0.1197498860165347,1,0
M2,equal_width,2022-03-25,2022-03-28,0.12355214749111562,1,0
M2,equal_width,2022-03-28,2022-03-29,0.0804298808325786,1,0
M2,equal_width,2022-03-29,2022-03-30,0.06303654091570939,1,0
M2,equal_width,2022-03-30,2022-03-31,0.08442463446253981,1,0
M2,equal_width,2022-03-31,2022-04-01,0.06258109652823331,1,0
M2,equal_width,2022-04-01,2022-04-04,0.0378930575664587,1,0
M2,equal_width,2022-04-04,2022-04-05,0.022105737759661882,1,0
M2,equal_width,2022-04-05,2022-04-06,0.041427863357917524,1,0
M2,equal_width,2022-04-06,2022-04-07,0.03985877097039556,1,0
M2,equal_width,2022-04-07,2022-04-08,0.041892011735413924,1,0
M2,equal_width,2022-04-08,2022-04-11,0.041405906909087124,1,0
M2,equal_width,2022-04-11,2022-04-12,0.041646161391304455,1,0
M2,equal_width,2022-04-12,2022-04-13,0.029345263739160087,1,0
M2,equal_width,2022-04-13,2022-04-14,0.03063872405101687,1,0
M2,equal_width,2022-04-14,2022-04-18,0.018927289083354334,1,0
M2,equal_width,2022-04-18,2022-04-19,0.015030877953514465,1,1
M2,equal_width,2022-04-19,2022-04-20,0.01711827096322489,1,1
M2,equal_width,2022-04-20,2022-04-21,0.015118700037589626,1,1
M2,equal_width,2022-04-21,2022-04-22,0.022227524281841337,1,0
M2,equal_width,2022-04-22,2022-04-25,0.025802243743620272,1,0
M2,equal_width,2022-04-25,2022-04-26,0.023201779416499955,1,0
M2,equal_width,2022-04-26,2022-04-27,0.06566465207705839,1,0
M2,equal_width,2022-04-27,2022-04-28,0.043414298399076026,1,0
M2,equal_width,2022-04-28,2022-04-29,0.037348562188563646,1,0
M2,equal_width,2022-04-29,2022-05-02,0.036249268471432214,1,0
M2,equal_width,2022-05-02,2022-05-03,0.029949215019173313,1,0
M2,equal_width,2022-05-03,2022-05-04,0.02060960520476942,1,1
M2,equal_width,2022-05-04,2022-05-05,0.015065580244331113,1,0
M2,equal_width,2022-05-05,2022-05-06,0.01703118641483013,1,0
M2,equal_width,2022-05-06,2022-05-09,0.02216003599563238,1,0
M2,equal_width,2022-05-09,2022-05-10,0.016498127599350848,1,0
M2,equal_width,2022-05-10,2022-05-11,0.018770011840134524,1,0
M2,equal_width,2022-05-11,2022-05-12,0.017895783439930313,1,0
M2,equal_width,2022-05-12,2022-05-13,0.010828781983141451,1,0
M2,equal_width,2022-05-13,2022-05-16,0.014808148307468252,1,0
M2,equal_width,2022-05-16,2022-05-17,0.011686595851681058,1,0
M2,equal_width,2022-05-17,2022-05-18,0.0157635882431024,1,0
M2,equal_width,2022-05-18,2022-05-19,0.024170626412142727,1,0
M2,equal_width,2022-05-19,2022-05-20,0.013922497800816135,1,0
M2,equal_width,2022-05-20,2022-05-23,0.023250711537737934,1,0
M2,equal_width,2022-05-23,2022-05-24,0.037880028603833736,1,0
M2,equal_width,2022-05-24,2022-05-25,0.03393742972021395,1,0
M2,equal_width,2022-05-25,2022-05-26,0.02179820656557581,1,0
M2,equal_width,2022-05-26,2022-05-27,0.06701601995291452,1,0
M2,equal_width,2022-05-27,2022-05-31,0.03828214711222243,1,0
M2,equal_width,2022-05-31,2022-06-01,0.04078119463532059,1,0
M2,equal_width,2022-06-01,2022-06-02,0.025822572626648107,1,0
M2,equal_width,2022-06-02,2022-06-03,0.03807983485176652,1,0
M2,equal_width,2022-06-03,2022-06-06,0.01820620842532226,1,1
M2,equal_width,2022-06-06,2022-06-07,0.013964548983639646,1,1
M2,equal_width,2022-06-07,2022-06-08,0.01603616324417116,1,1
M2,equal_width,2022-06-08,2022-06-09,0.03946240800799589,1,0
M2,equal_width,2022-06-09,2022-06-10,0.030137218725611755,1,0
M2,equal_width,2022-06-10,2022-06-13,0.03164090232174202,1,0
M2,equal_width,2022-06-13,2022-06-14,0.059924954250189656,1,0
M2,equal_width,2022-06-14,2022-06-15,0.06322512920350096,1,0
M2,equal_width,2022-06-15,2022-06-16,0.04142086934237342,1,0
M2,equal_width,2022-06-16,2022-06-17,0.04232793508092495,1,0
M2,equal_width,2022-06-17,2022-06-21,0.04397834170053702,1,0
M2,equal_width,2022-06-21,2022-06-22,0.06307421137446884,1,0
M2,equal_width,2022-06-22,2022-06-23,0.04950596194932837,1,0
M2,equal_width,2022-06-23,2022-06-24,0.060167597654110734,1,0
M2,equal_width,2022-06-24,2022-06-27,0.02070978890235221,1,0
M2,equal_width,2022-06-27,2022-06-28,0.012190837515362962,1,0
M2,equal_width,2022-06-28,2022-06-29,0.025539803071857447,1,0
M2,equal_width,2022-06-29,2022-06-30,0.030164012367782527,1,0
M2,equal_width,2022-06-30,2022-07-01,0.04124665868272688,1,0
M2,equal_width,2022-07-01,2022-07-05,0.023045128751500926,1,0
M2,equal_width,2022-07-05,2022-07-06,0.03756494148520947,1,0
M2,equal_width,2022-07-06,2022-07-07,0.040997527557830676,1,0
M2,equal_width,2022-07-07,2022-07-08,0.05464342173891387,1,0
M2,equal_width,2022-07-08,2022-07-11,0.04615051372507779,1,0
M2,equal_width,2022-07-11,2022-07-12,0.05935336724158309,1,0
M2,equal_width,2022-07-12,2022-07-13,0.07165477955662244,1,0
M2,equal_width,2022-07-13,2022-07-14,0.06759241592032594,1,0
M2,equal_width,2022-07-14,2022-07-15,0.11311159449674736,1,0
M2,equal_width,2022-07-15,2022-07-18,0.12217127516508887,1,0
M2,equal_width,2022-07-18,2022-07-19,0.20000196000533452,2,0
M2,equal_width,2022-07-19,2022-07-20,0.3339164329978735,2,0
M2,equal_width,2022-07-20,2022-07-21,0.298199979348166,2,0
M2,equal_width,2022-07-21,2022-07-22,0.26844986877205396,2,0
M2,equal_width,2022-07-22,2022-07-25,0.22811108079141135,2,0
M2,equal_width,2022-07-25,2022-07-26,0.18451943116839875,1,0
M2,equal_width,2022-07-26,2022-07-27,0.1468253541697297,1,0
M2,equal_width,2022-07-27,2022-07-28,0.12972272195860174,1,0
M2,equal_width,2022-07-28,2022-07-29,0.08124758925781538,1,0
M2,equal_width,2022-07-29,2022-08-01,0.06493354001311087,1,0
M2,equal_width,2022-08-01,2022-08-02,0.11919277245038545,1,0
M2,equal_width,2022-08-02,2022-08-03,0.16560151280467192,1,0
M2,equal_width,2022-08-03,2022-08-04,0.07393346860396324,1,0
M2,equal_width,2022-08-04,2022-08-05,0.06471117969560022,1,0
M2,equal_width,2022-08-05,2022-08-08,0.045945862433832155,1,0
M2,equal_width,2022-08-08,2022-08-09,0.06691781123050926,1,0
M2,equal_width,2022-08-09,2022-08-10,0.0775530736814001,1,0
M2,equal_width,2022-08-10,2022-08-11,0.05055098733461146,1,0
M2,equal_width,2022-08-11,2022-08-12,0.058198887160543646,1,0
M2,equal_width,2022-08-12,2022-08-15,0.06963401214658124,1,0
M2,equal_width,2022-08-15,2022-08-16,0.0907279134530246,1,0
M2,equal_width,2022-08-16,2022-08-17,0.0776367154546242,1,0
M2,equal_width,2022-08-17,2022-08-18,0.0863377107710075,1,0
M2,equal_width,2022-08-18,2022-08-19,0.07748644751486747,1,0
M2,equal_width,2022-08-19,2022-08-22,0.08633389882520738,1,0
M2,equal_width,2022-08-22,2022-08-23,0.09168441730276962,1,0
M2,equal_width,2022-08-23,2022-08-24,0.07293657870432264,1,0
M2,equal_width,2022-08-24,2022-08-25,0.04606421402371086,1,0
M2,equal_width,2022-08-25,2022-08-26,0.038273775752411414,1,0
M2,equal_width,2022-08-26,2022-08-29,0.03632848771054559,1,0
M2,equal_width,2022-08-29,2022-08-30,0.037735955910609374,1,0
M2,equal_width,2022-08-30,2022-08-31,0.03447723947735669,1,0
M2,equal_width,2022-08-31,2022-09-01,0.020507516719848934,1,0
M2,equal_width,2022-09-01,2022-09-02,0.017087483243466144,1,0
M2,equal_width,2022-09-02,2022-09-06,0.02319666258597645,1,0
M2,equal_width,2022-09-06,2022-09-07,0.03655432175047735,1,0
M2,equal_width,2022-09-07,2022-09-08,0.02834603015056964,1,0
M2,equal_width,2022-09-08,2022-09-09,0.02756227770942045,1,0
M2,equal_width,2022-09-09,2022-09-12,0.027605702934059305,1,0
M2,equal_width,2022-09-12,2022-09-13,0.03723523001593031,1,0
M2,equal_width,2022-09-13,2022-09-14,0.04254737886479922,1,0
M2,equal_width,2022-09-14,2022-09-15,0.03415648917758146,1,0
M2,equal_width,2022-09-15,2022-09-16,0.025350243600477475,1,0
M2,equal_width,2022-09-16,2022-09-19,0.019208634303190152,1,0
M2,equal_width,2022-09-19,2022-09-20,0.020952440744643905,1,0
M2,equal_width,2022-09-20,2022-09-21,0.04291915131535533,1,0
M2,equal_width,2022-09-21,2022-09-22,0.030925385800262266,1,0
M2,equal_width,2022-09-22,2022-09-23,0.0240528387945896,1,0
M2,equal_width,2022-09-23,2022-09-26,0.04587773400228943,1,0
M2,equal_width,2022-09-26,2022-09-27,0.05591827974622813,1,0
M2,equal_width,2022-09-27,2022-09-28,0.05797417957112144,1,0
M2,equal_width,2022-09-28,2022-09-29,0.07482891762434271,1,0
M2,equal_width,2022-09-29,2022-09-30,0.06352724333938926,1,0
M2,equal_width,2022-09-30,2022-10-03,0.03710504679724251,1,0
M2,equal_width,2022-10-03,2022-10-04,0.05063501924084418,1,0
M2,equal_width,2022-10-04,2022-10-05,0.03198215812214668,1,0
M2,equal_width,2022-10-05,2022-10-06,0.028425125241526992,1,0
M2,equal_width,2022-10-06,2022-10-07,0.05785309260052254,1,0
M2,equal_width,2022-10-07,2022-10-10,0.05401794275748504,1,0
M2,equal_width,2022-10-10,2022-10-11,0.037582645099365285,1,0
M2,equal_width,2022-10-11,2022-10-12,0.04591231876022021,1,0
M2,equal_width,2022-10-12,2022-10-13,0.06627465603552964,1,0
M2,equal_width,2022-10-13,2022-10-14,0.10747065578157004,1,0
M2,equal_width,2022-10-14,2022-10-17,0.08569895841876869,1,0
M2,equal_width,2022-10-17,2022-10-18,0.11492695670638756,1,0
M2,equal_width,2022-10-18,2022-10-19,0.10952045405610096,1,0
M2,equal_width,2022-10-19,2022-10-20,0.05890576758967912,1,0
M2,equal_width,2022-10-20,2022-10-21,0.05280821773893431,1,0
M2,equal_width,2022-10-21,2022-10-24,0.07682601484268332,1,0
M2,equal_width,2022-10-24,2022-10-25,0.10184972607287374,1,0
M2,equal_width,2022-10-25,2022-10-26,0.06124017365228986,1,0
M2,equal_width,2022-10-26,2022-10-27,0.03573963669106698,1,0
M2,equal_width,2022-10-27,2022-10-28,0.07723012663066578,1,0
M2,equal_width,2022-10-28,2022-10-31,0.02183303361478572,1,0
M2,equal_width,2022-10-31,2022-11-01,0.020806940495474796,1,0
M2,equal_width,2022-11-01,2022-11-02,0.03721119111870823,1,0
M2,equal_width,2022-11-02,2022-11-03,0.028857327143312888,1,0
M2,equal_width,2022-11-03,2022-11-04,0.015671658902825836,1,0
M2,equal_width,2022-11-04,2022-11-07,0.0190644490555522,1,0
M2,equal_width,2022-11-07,2022-11-08,0.037018145835622664,1,0
M2,equal_width,2022-11-08,2022-11-09,0.09194296962575203,1,0
M2,equal_width,2022-11-09,2022-11-10,0.12854756466152378,1,0
M2,equal_width,2022-11-10,2022-11-11,0.07962187178358296,1,0
M2,equal_width,2022-11-11,2022-11-14,0.08279421621558208,1,0
M2,equal_width,2022-11-14,2022-11-15,0.07383231332004993,1,0
M2,equal_width,2022-11-15,2022-11-16,0.1364470287921181,1,0
M2,equal_width,2022-11-16,2022-11-17,0.05780435660140131,1,0
M2,equal_width,2022-11-17,2022-11-18,0.036323790092745764,1,0
M2,equal_width,2022-11-18,2022-11-21,0.014431612500788754,1,0
M2,equal_width,2022-11-21,2022-11-22,0.01527940291354225,1,0
M2,equal_width,2022-11-22,2022-11-23,0.011309676658548573,1,0
M2,equal_width,2022-11-23,2022-11-25,0.05634593839425534,1,0
M2,equal_width,2022-11-25,2022-11-28,0.06704043690303822,1,0
M2,equal_width,2022-11-28,2022-11-29,0.06993040503869662,1,0
M2,equal_width,2022-11-29,2022-11-30,0.06296049340565499,1,0
M2,equal_width,2022-11-30,2022-12-01,0.02960075732551625,1,0
M2,equal_width,2022-12-01,2022-12-02,0.021315734133822647,1,0
M2,equal_width,2022-12-02,2022-12-05,0.011904144565331646,1,0
M2,equal_width,2022-12-05,2022-12-06,0.02555407413316056,1,0
M2,equal_width,2022-12-06,2022-12-07,0.03214695549697777,1,0
M2,equal_width,2022-12-07,2022-12-08,0.027311180036860307,1,0
M2,equal_width,2022-12-08,2022-12-09,0.0223631901987785,1,0
M2,equal_width,2022-12-09,2022-12-12,0.024308159269955606,1,0
M2,equal_width,2022-12-12,2022-12-13,0.19358225158889322,1,0
M2,equal_width,2022-12-13,2022-12-14,0.12861477432461108,1,0
M2,equal_width,2022-12-14,2022-12-15,0.08972441208454192,1,0
M2,equal_width,2022-12-15,2022-12-16,0.04742509932599,1,0
M2,equal_width,2022-12-16,2022-12-19,0.03236752051322162,1,0
M2,equal_width,2022-12-19,2022-12-20,0.023883772869479274,1,0
M2,equal_width,2022-12-20,2022-12-21,0.012202010725376253,1,0
M2,equal_width,2022-12-21,2022-12-22,0.0034313215671507363,1,0
M2,equal_width,2022-12-22,2022-12-23,0.0075086382386579,1,0
M2,equal_width,2022-12-23,2022-12-27,0.005988741217760896,1,0
M2,equal_width,2022-12-27,2022-12-28,0.006399543711595266,1,0
M2,equal_width,2022-12-28,2022-12-29,0.0075550780977229285,1,0
M2,equal_width,2022-12-29,2022-12-30,0.005968461246728815,1,0
M2,equal_width,2022-12-30,2023-01-03,0.004297441962328001,1,0
M2,equal_width,2023-01-03,2023-01-04,0.006009436122441464,1,0
M2,equal_width,2023-01-04,2023-01-05,0.003879506082150511,1,0
M2,equal_width,2023-01-05,2023-01-06,0.0033805148933303167,1,0
M2,equal_width,2023-01-06,2023-01-09,0.0031121385226307217,1,0
M2,equal_width,2023-01-09,2023-01-10,0.007469173805450159,1,0
M2,equal_width,2023-01-10,2023-01-11,0.0056262657917512,1,0
M2,equal_width,2023-01-11,2023-01-12,0.014358266583113564,1,0
M2,equal_width,2023-01-12,2023-01-13,0.014186950127399551,1,0
M2,equal_width,2023-01-13,2023-01-17,0.020407968528844952,1,0
M2,equal_width,2023-01-17,2023-01-18,0.03924253362210407,1,0
M2,equal_width,2023-01-18,2023-01-19,0.05030417966375845,1,0
M2,equal_width,2023-01-19,2023-01-20,0.036833242720519736,1,0
M2,equal_width,2023-01-20,2023-01-23,0.02010948891274014,1,0
M2,equal_width,2023-01-23,2023-01-24,0.011655919053881343,1,0
M2,equal_width,2023-01-24,2023-01-25,0.013318360754844463,1,0
M2,equal_width,2023-01-25,2023-01-26,0.025447081913532572,1,0
M2,equal_width,2023-01-26,2023-01-27,0.03702740187776352,1,0
M2,equal_width,2023-01-27,2023-01-30,0.04303349674722385,1,0
M2,equal_width,2023-01-30,2023-01-31,0.04104925859775171,1,0
M2,equal_width,2023-01-31,2023-02-01,0.037223089650491384,1,0
M2,equal_width,2023-02-01,2023-02-02,0.023588305309285188,1,0
M2,equal_width,2023-02-02,2023-02-03,0.03718781093122473,1,0
M2,equal_width,2023-02-03,2023-02-06,0.029803901153468725,1,0
M2,equal_width,2023-02-06,2023-02-07,0.0406717263917119,1,0
M2,equal_width,2023-02-07,2023-02-08,0.04081420742993843,1,0
M2,equal_width,2023-02-08,2023-02-09,0.061204298425566114,1,0
M2,equal_width,2023-02-09,2023-02-10,0.06266268523620704,1,0
M2,equal_width,2023-02-10,2023-02-13,0.06774557043681141,1,0
M2,equal_width,2023-02-13,2023-02-14,0.09961571491977496,1,0
M2,equal_width,2023-02-14,2023-02-15,0.0601714370741275,1,0
M2,equal_width,2023-02-15,2023-02-16,0.032850289455876876,1,0
M2,equal_width,2023-02-16,2023-02-17,0.036749616477712736,1,0
M2,equal_width,2023-02-17,2023-02-21,0.04063438922858634,1,0
M2,equal_width,2023-02-21,2023-02-22,0.04192489726409174,1,0
M2,equal_width,2023-02-22,2023-02-23,0.028044798509826448,1,0
M2,equal_width,2023-02-23,2023-02-24,0.0146863252820776,1,0
M2,equal_width,2023-02-24,2023-02-27,0.014787154123821622,1,0
M2,equal_width,2023-02-27,2023-02-28,0.008591190300617934,1,0
M2,equal_width,2023-02-28,2023-03-01,0.0027078405736976605,1,0
M2,equal_width,2023-03-01,2023-03-02,0.005016568978013306,1,0
M2,equal_width,2023-03-02,2023-03-03,0.0032678097204205275,1,1
M2,equal_width,2023-03-03,2023-03-06,0.002755702807141891,1,1
M2,equal_width,2023-03-06,2023-03-07,0.0031915263768667913,1,1
M2,equal_width,2023-03-07,2023-03-08,0.0048805875098992205,1,1
M2,equal_width,2023-03-08,2023-03-09,0.0017874904060281528,1,0
M2,equal_width,2023-03-09,2023-03-10,0.01938323239606427,1,0
M2,equal_width,2023-03-10,2023-03-13,0.023422286750854105,1,0
M2,equal_width,2023-03-13,2023-03-14,0.032143750567973806,1,0
M2,equal_width,2023-03-14,2023-03-15,0.03921969336259478,1,0
M2,equal_width,2023-03-15,2023-03-16,0.03552805774935071,1,0
M2,equal_width,2023-03-16,2023-03-17,0.05436951608329138,1,0
M2,equal_width,2023-03-17,2023-03-20,0.05745053817825312,1,0
M2,equal_width,2023-03-20,2023-03-21,0.08180305008565256,1,0
M2,equal_width,2023-03-21,2023-03-22,0.0794711847329439,1,0
M2,equal_width,2023-03-22,2023-03-23,0.017800387162888585,1,0
M2,equal_width,2023-03-23,2023-03-24,0.05606540900068508,1,0
M2,equal_width,2023-03-24,2023-03-27,0.009348255622135069,1,0
M2,equal_width,2023-03-27,2023-03-28,0.023430010854717815,1,0
M2,equal_width,2023-03-28,2023-03-29,0.025939418184794703,1,0
M2,equal_width,2023-03-29,2023-03-30,0.0193152070967301,1,0
M2,equal_width,2023-03-30,2023-03-31,0.009299734508555878,1,0
M2,equal_width,2023-03-31,2023-04-03,0.047722594289977265,1,0
M2,equal_width,2023-04-03,2023-04-04,0.04110021965786377,1,0
M2,equal_width,2023-04-04,2023-04-05,0.05613577424453315,1,0
M2,equal_width,2023-04-05,2023-04-06,0.05332912891718912,1,0
M2,equal_width,2023-04-06,2023-04-10,0.050158559300434606,1,0
M2,equal_width,2023-04-10,2023-04-11,0.04524948661013016,1,0
M2,equal_width,2023-04-11,2023-04-12,0.03949640025257394,1,0
M2,equal_width,2023-04-12,2023-04-13,0.04824643582360729,1,0
M2,equal_width,2023-04-13,2023-04-14,0.05234973263704895,1,0
M2,equal_width,2023-04-14,2023-04-17,0.03977603256422557,1,0
M2,equal_width,2023-04-17,2023-04-18,0.048364226410523944,1,0
M2,equal_width,2023-04-18,2023-04-19,0.046226122993793535,1,0
M2,equal_width,2023-04-19,2023-04-20,0.058772033378828845,1,0
M2,equal_width,2023-04-20,2023-04-21,0.08269816056142522,1,0
M2,equal_width,2023-04-21,2023-04-24,0.05591974080033783,1,0
M2,equal_width,2023-04-24,2023-04-25,0.0551367578333701,1,0
M2,equal_width,2023-04-25,2023-04-26,0.05730827771243959,1,0
M2,equal_width,2023-04-26,2023-04-27,0.05046321958883877,1,0
M2,equal_width,2023-04-27,2023-04-28,0.01962881706099171,1,0
M2,equal_width,2023-04-28,2023-05-01,0.018318790969548714,1,0
M2,equal_width,2023-05-01,2023-05-02,0.022936805638328357,1,0
M2,equal_width,2023-05-02,2023-05-03,0.04866438009276902,1,0
M2,equal_width,2023-05-03,2023-05-04,0.04988197121107476,1,0
M2,equal_width,2023-05-04,2023-05-05,0.03036699887096966,1,0
M2,equal_width,2023-05-05,2023-05-08,0.015474122555079123,1,0
M2,equal_width,2023-05-08,2023-05-09,0.014220420671328888,1,0
M2,equal_width,2023-05-09,2023-05-10,0.024805708478742753,1,0
M2,equal_width,2023-05-10,2023-05-11,0.024515741705993518,1,0
M2,equal_width,2023-05-11,2023-05-12,0.03043043087742735,1,0
M2,equal_width,2023-05-12,2023-05-15,0.030806516752554497,1,0
M2,equal_width,2023-05-15,2023-05-16,0.040316081589030564,1,0
M2,equal_width,2023-05-16,2023-05-17,0.04867092553071902,1,0
M2,equal_width,2023-05-17,2023-05-18,0.054942336755136885,1,0
M2,equal_width,2023-05-18,2023-05-19,0.03974529675309019,1,0
M2,equal_width,2023-05-19,2023-05-22,0.06108121338014743,1,0
M2,equal_width,2023-05-22,2023-05-23,0.060030631969544654,1,0
M2,equal_width,2023-05-23,2023-05-24,0.06923156845774846,1,0
M2,equal_width,2023-05-24,2023-05-25,0.0450221706319179,1,0
M2,equal_width,2023-05-25,2023-05-26,0.04295184128216425,1,0
M2,equal_width,2023-05-26,2023-05-30,0.05553565879863785,1,0
M2,equal_width,2023-05-30,2023-05-31,0.051531030501266895,1,0
M2,equal_width,2023-05-31,2023-06-01,0.05088962875459618,1,0
M2,equal_width,2023-06-01,2023-06-02,0.006889135360927287,1,0
M2,equal_width,2023-06-02,2023-06-05,0.007347261287144247,1,0
M2,equal_width,2023-06-05,2023-06-06,0.010917450180741512,1,0
M2,equal_width,2023-06-06,2023-06-07,0.015732705233102107,1,0
M2,equal_width,2023-06-07,2023-06-08,0.013922480612150278,1,0
M2,equal_width,2023-06-08,2023-06-09,0.012365455888987874,1,0
M2,equal_width,2023-06-09,2023-06-12,0.016321940239623443,1,0
M2,equal_width,2023-06-12,2023-06-13,0.02846096957001268,1,0
M2,equal_width,2023-06-13,2023-06-14,0.026706465286184297,1,0
M2,equal_width,2023-06-14,2023-06-15,0.01861836634956428,1,0
M2,equal_width,2023-06-15,2023-06-16,0.026303218272393285,1,0
M2,equal_width,2023-06-16,2023-06-20,0.017797559421327963,1,0
M2,equal_width,2023-06-20,2023-06-21,0.017708913303103112,1,0
M2,equal_width,2023-06-21,2023-06-22,0.011532214420446083,1,0
M2,equal_width,2023-06-22,2023-06-23,0.011944902607767769,1,0
M2,equal_width,2023-06-23,2023-06-26,0.013716283592610649,1,0
M2,equal_width,2023-06-26,2023-06-27,0.01644657469565153,1,0
M2,equal_width,2023-06-27,2023-06-28,0.02060480211627933,1,0
M2,equal_width,2023-06-28,2023-06-29,0.02148888695324018,1,0
M2,equal_width,2023-06-29,2023-06-30,0.022316979841404908,1,0
M2,equal_width,2023-06-30,2023-07-03,0.01966001103375162,1,0
M2,equal_width,2023-07-03,2023-07-05,0.023342318966444765,1,0
M2,equal_width,2023-07-05,2023-07-06,0.046304501831374724,1,0
M2,equal_width,2023-07-06,2023-07-07,0.043031545195520035,1,0
M2,equal_width,2023-07-07,2023-07-10,0.03496574172507212,1,0
M2,equal_width,2023-07-10,2023-07-11,0.0356541594538834,1,0
M2,equal_width,2023-07-11,2023-07-12,0.03734090271645603,1,0
M2,equal_width,2023-07-12,2023-07-13,0.030444857033551702,1,0
M2,equal_width,2023-07-13,2023-07-14,0.05468389157132166,1,0
M2,equal_width,2023-07-14,2023-07-17,0.04541850281022877,1,0
M2,equal_width,2023-07-17,2023-07-18,0.04800724598602972,1,0
M2,equal_width,2023-07-18,2023-07-19,0.04930616161976026,1,0
M2,equal_width,2023-07-19,2023-07-20,0.07250006530980696,1,0
M2,equal_width,2023-07-20,2023-07-21,0.06326279361061053,1,0
M2,equal_width,2023-07-21,2023-07-24,0.05280160966515855,1,0
M2,equal_width,2023-07-24,2023-07-25,0.05589584163040409,1,0
M2,equal_width,2023-07-25,2023-07-26,0.05221206138709221,1,0
M2,equal_width,2023-07-26,2023-07-27,0.03212660328138007,1,0
M2,equal_width,2023-07-27,2023-07-28,0.0726580411945081,1,0
M2,equal_width,2023-07-28,2023-07-31,0.04383032105589545,1,0
M2,equal_width,2023-07-31,2023-08-01,0.03919793888497698,1,0
M2,equal_width,2023-08-01,2023-08-02,0.0507066543993704,1,0
M2,equal_width,2023-08-02,2023-08-03,0.030393265395645012,1,0
M2,equal_width,2023-08-03,2023-08-04,0.03735957687886599,1,0
M2,equal_width,2023-08-04,2023-08-07,0.032843561149268556,1,0
M2,equal_width,2023-08-07,2023-08-08,0.027146382357320396,1,0
M2,equal_width,2023-08-08,2023-08-09,0.027900945882532224,1,0
M2,equal_width,2023-08-09,2023-08-10,0.04262336983002849,1,0
M2,equal_width,2023-08-10,2023-08-11,0.055454104295920674,1,0
M2,equal_width,2023-08-11,2023-08-14,0.049751691103031626,1,0
M2,equal_width,2023-08-14,2023-08-15,0.05544114832804664,1,0
M2,equal_width,2023-08-15,2023-08-16,0.053315887023197395,1,0
M2,equal_width,2023-08-16,2023-08-17,0.04174600220239583,1,0
M2,equal_width,2023-08-17,2023-08-18,0.03619924181540452,1,0
M2,equal_width,2023-08-18,2023-08-21,0.034781953757820123,1,0
M2,equal_width,2023-08-21,2023-08-22,0.03473542844906481,1,0
M2,equal_width,2023-08-22,2023-08-23,0.03674088054439603,1,0
M2,equal_width,2023-08-23,2023-08-24,0.025182962235299106,1,0
M2,equal_width,2023-08-24,2023-08-25,0.02406844517110132,1,0
M2,equal_width,2023-08-25,2023-08-28,0.025221955950231183,1,0
M2,equal_width,2023-08-28,2023-08-29,0.0229227808289607,1,0
M2,equal_width,2023-08-29,2023-08-30,0.020800339332648715,1,0
M2,equal_width,2023-08-30,2023-08-31,0.02124183328469033,1,0
M2,equal_width,2023-08-31,2023-09-01,0.024090499753462207,1,0
M2,equal_width,2023-09-01,2023-09-05,0.03552883394920417,1,0
M2,equal_width,2023-09-05,2023-09-06,0.029875117200893014,1,0
M2,equal_width,2023-09-06,2023-09-07,0.025059909220141927,1,0
M2,equal_width,2023-09-07,2023-09-08,0.021418344796912007,1,0
M2,equal_width,2023-09-08,2023-09-11,0.021016007951216418,1,0
M2,equal_width,2023-09-11,2023-09-12,0.018657758290598563,1,0
M2,equal_width,2023-09-12,2023-09-13,0.024985758354256142,1,0
M2,equal_width,2023-09-13,2023-09-14,0.02712861992666912,1,0
M2,equal_width,2023-09-14,2023-09-15,0.0232397694272836,1,0
M2,equal_width,2023-09-15,2023-09-18,0.026304740424916047,1,0
M2,equal_width,2023-09-18,2023-09-19,0.03148318192812612,1,1
M2,equal_width,2023-09-19,2023-09-20,0.04091926436578771,1,0
M2,equal_width,2023-09-20,2023-09-21,0.029590217686674965,1,0
M2,equal_width,2023-09-21,2023-09-22,0.021129464227206674,1,0
M2,equal_width,2023-09-22,2023-09-25,0.024495096719618026,1,0
M2,equal_width,2023-09-25,2023-09-26,0.029342427734584363,1,0
M2,equal_width,2023-09-26,2023-09-27,0.027661020309339084,1,0
M2,equal_width,2023-09-27,2023-09-28,0.026127205603887274,1,0
M2,equal_width,2023-09-28,2023-09-29,0.048156433974037856,1,0
M2,equal_width,2023-09-29,2023-10-02,0.03854356114056371,1,0
M2,equal_width,2023-10-02,2023-10-03,0.031866363418381435,1,0
M2,equal_width,2023-10-03,2023-10-04,0.03772951289661163,1,0
M2,equal_width,2023-10-04,2023-10-05,0.03519376153008362,1,0
M2,equal_width,2023-10-05,2023-10-06,0.03347595589151736,1,0
M2,equal_width,2023-10-06,2023-10-09,0.03363474553482669,1,0
M2,equal_width,2023-10-09,2023-10-10,0.03860964258814178,1,0
M2,equal_width,2023-10-10,2023-10-11,0.022187844573004316,1,0
M2,equal_width,2023-10-11,2023-10-12,0.049664172002950396,1,0
M2,equal_width,2023-10-12,2023-10-13,0.05510862059490429,1,0
M2,equal_width,2023-10-13,2023-10-16,0.05476841788905859,1,0
M2,equal_width,2023-10-16,2023-10-17,0.05424222072884095,1,0
M2,equal_width,2023-10-17,2023-10-18,0.054298558229537025,1,0
M2,equal_width,2023-10-18,2023-10-19,0.03332154724654109,1,0
M2,equal_width,2023-10-19,2023-10-20,0.04754723815703871,1,0
M2,equal_width,2023-10-20,2023-10-23,0.04217918649006946,1,0
M2,equal_width,2023-10-23,2023-10-24,0.028344902092492012,1,0
M2,equal_width,2023-10-24,2023-10-25,0.02471812100694977,1,0
M2,equal_width,2023-10-25,2023-10-26,0.027354711481105812,1,0
M2,equal_width,2023-10-26,2023-10-27,0.01497011445973444,1,0
M2,equal_width,2023-10-27,2023-10-30,0.01860628101890247,1,0
M2,equal_width,2023-10-30,2023-10-31,0.015028457484852311,1,0
M2,equal_width,2023-10-31,2023-11-01,0.012289509691526208,1,0
M2,equal_width,2023-11-01,2023-11-02,0.00528098685736944,1,0
M2,equal_width,2023-11-02,2023-11-03,0.004149798101940771,1,0
M2,equal_width,2023-11-03,2023-11-06,0.0026482800889809435,1,0
M2,equal_width,2023-11-06,2023-11-07,0.010423437868106018,1,0
M2,equal_width,2023-11-07,2023-11-08,0.021135683664182683,1,0
M2,equal_width,2023-11-08,2023-11-09,0.01948291702090286,1,0
M2,equal_width,2023-11-09,2023-11-10,0.018552691838662344,1,0
M2,equal_width,2023-11-10,2023-11-13,0.014289330661182556,1,0
M2,equal_width,2023-11-13,2023-11-14,0.021916816972110904,1,0
M2,equal_width,2023-11-14,2023-11-15,0.024065226796478847,1,0
M2,equal_width,2023-11-15,2023-11-16,0.04552239702994074,1,0
M2,equal_width,2023-11-16,2023-11-17,0.05269557808590435,1,0
M2,equal_width,2023-11-17,2023-11-20,0.0477994265171356,1,0
M2,equal_width,2023-11-20,2023-11-21,0.03997079689346386,1,0
M2,equal_width,2023-11-21,2023-11-22,0.03179894021946479,1,0
M2,equal_width,2023-11-22,2023-11-24,0.03471902625479076,1,0
M2,equal_width,2023-11-24,2023-11-27,0.018974324970646883,1,0
M2,equal_width,2023-11-27,2023-11-28,0.009728828170697213,1,0
M2,equal_width,2023-11-28,2023-11-29,0.008701175516243016,1,0
M2,equal_width,2023-11-29,2023-11-30,0.011657468478622817,1,0
M2,equal_width,2023-11-30,2023-12-01,0.011340723262137439,1,0
M2,equal_width,2023-12-01,2023-12-04,0.01131683043444023,1,0
M2,equal_width,2023-12-04,2023-12-05,0.020411032102159252,1,0
M2,equal_width,2023-12-05,2023-12-06,0.020545906246350793,1,0
M2,equal_width,2023-12-06,2023-12-07,0.024107518399632894,1,0
M2,equal_width,2023-12-07,2023-12-08,0.02568345935743448,1,0
M2,equal_width,2023-12-08,2023-12-11,0.014782825521922283,1,0
M2,equal_width,2023-12-11,2023-12-12,0.019025828178112627,1,0
M2,equal_width,2023-12-12,2023-12-13,0.019171510056164853,1,0
M2,equal_width,2023-12-13,2023-12-14,0.018795184048464086,1,0
M2,equal_width,2023-12-14,2023-12-15,0.05362179811881906,1,0
M2,equal_width,2023-12-15,2023-12-18,0.02249992403117613,1,0
M2,equal_width,2023-12-18,2023-12-19,0.030122014119516448,1,0
M2,equal_width,2023-12-19,2023-12-20,0.021322398595519668,1,0
M2,equal_width,2023-12-20,2023-12-21,0.03634106892160512,1,0
M2,equal_frequency,2020-09-10,2020-09-11,0.019958175622786012,2,0
M2,equal_frequency,2020-09-11,2020-09-14,0.0006909085765605103,1,0
M2,equal_frequency,2020-09-14,2020-09-15,0.003943464393543296,1,0
M2,equal_frequency,2020-09-15,2020-09-16,0.008423722233989493,1,0
M2,equal_frequency,2020-09-16,2020-09-17,0.0016150276896406911,1,0
M2,equal_frequency,2020-09-17,2020-09-18,0.0011876702599896219,1,0
M2,equal_frequency,2020-09-18,2020-09-21,0.00447818241916216,1,0
M2,equal_frequency,2020-09-21,2020-09-22,0.01318180925467829,1,0
M2,equal_frequency,2020-09-22,2020-09-23,0.014935040814496706,1,0
M2,equal_frequency,2020-09-23,2020-09-24,0.025387809371721172,2,0
M2,equal_frequency,2020-09-24,2020-09-25,0.041228111465374175,3,0
M2,equal_frequency,2020-09-25,2020-09-28,0.04946971092955631,4,0
M2,equal_frequency,2020-09-28,2020-09-29,0.06097382647151637,4,0
M2,equal_frequency,2020-09-29,2020-09-30,0.03273285929558621,3,0
M2,equal_frequency,2020-09-30,2020-10-01,0.06505536580868054,5,0
M2,equal_frequency,2020-10-01,2020-10-02,0.14114804996571337,5,0
M2,equal_frequency,2020-10-02,2020-10-05,0.10725261972307559,5,0
M2,equal_frequency,2020-10-05,2020-10-06,0.11486973334396264,5,0
M2,equal_frequency,2020-10-06,2020-10-07,0.16083618799732768,5,0
M2,equal_frequency,2020-10-07,2020-10-08,0.1927925833604674,5,0
M2,equal_frequency,2020-10-08,2020-10-09,0.15685595892141033,5,0
M2,equal_frequency,2020-10-09,2020-10-12,0.2230006587690882,5,0
M2,equal_frequency,2020-10-12,2020-10-13,0.31770257980796823,5,0
M2,equal_frequency,2020-10-13,2020-10-14,0.2953348963540383,5,0
M2,equal_frequency,2020-10-14,2020-10-15,0.1617541978987163,5,0
M2,equal_frequency,2020-10-15,2020-10-16,0.13206086260963643,5,0
M2,equal_frequency,2020-10-16,2020-10-19,0.07431601828363696,5,0
M2,equal_frequency,2020-10-19,2020-10-20,0.04128916414073137,3,0
M2,equal_frequency,2020-10-20,2020-10-21,0.043226783443599426,4,1
M2,equal_frequency,2020-10-21,2020-10-22,0.03641487330311525,3,1
M2,equal_frequency,2020-10-22,2020-10-23,0.0692300275445962,5,1
M2,equal_frequency,2020-10-23,2020-10-26,0.08959186241742652,5,0
M2,equal_frequency,2020-10-26,2020-10-27,0.10759447889446148,5,0
M2,equal_frequency,2020-10-27,2020-10-28,0.1238029193790335,5,0
M2,equal_frequency,2020-10-28,2020-10-29,0.2133249657115262,5,0
M2,equal_frequency,2020-10-29,2020-10-30,0.24339117034999286,5,0
M2,equal_frequency,2020-10-30,2020-11-02,0.2430971030268029,5,0
M2,equal_frequency,2020-11-02,2020-11-03,0.1759476797986331,5,0
M2,equal_frequency,2020-11-03,2020-11-04,0.18678269631479114,5,0
M2,equal_frequency,2020-11-04,2020-11-05,0.0026939392182936095,1,0
M2,equal_frequency,2020-11-05,2020-11-06,0.001817667363810647,1,0
M2,equal_frequency,2020-11-06,2020-11-09,0.000908563975609964,1,0
M2,equal_frequency,2020-11-09,2020-11-10,0.005529611384056772,1,0
M2,equal_frequency,2020-11-10,2020-11-11,0.011777657603286322,1,0
M2,equal_frequency,2020-11-11,2020-11-12,0.10652362775897022,5,0
M2,equal_frequency,2020-11-12,2020-11-13,0.06039643432599968,4,0
M2,equal_frequency,2020-11-13,2020-11-16,0.12752777123112288,5,0
M2,equal_frequency,2020-11-16,2020-11-17,0.10289877788278524,5,0
M2,equal_frequency,2020-11-17,2020-11-18,0.07653069160680737,5,0
M2,equal_frequency,2020-11-18,2020-11-19,0.0997385861151726,5,0
M2,equal_frequency,2020-11-19,2020-11-20,0.06684060810258656,5,0
M2,equal_frequency,2020-11-20,2020-11-23,0.09303493635445248,5,0
M2,equal_frequency,2020-11-23,2020-11-24,0.04636331392460987,4,0
M2,equal_frequency,2020-11-24,2020-11-25,0.042756879374187824,4,0
M2,equal_frequency,2020-11-25,2020-11-27,0.021901249884851155,2,0
M2,equal_frequency,2020-11-27,2020-11-30,0.0881704488904835,5,0
M2,equal_frequency,2020-11-30,2020-12-01,0.03620857373211396,3,0
M2,equal_frequency,2020-12-01,2020-12-02,0.07560610062263715,5,0
M2,equal_frequency,2020-12-02,2020-12-03,0.10344436278722047,5,0
M2,equal_frequency,2020-12-03,2020-12-04,0.12539132099634756,5,0
M2,equal_frequency,2020-12-04,2020-12-07,0.10519596616729544,5,0
M2,equal_frequency,2020-12-07,2020-12-08,0.11680278845563086,5,0
M2,equal_frequency,2020-12-08,2020-12-09,0.08398820679145921,5,0
M2,equal_frequency,2020-12-09,2020-12-10,0.1077810585720759,5,0
M2,equal_frequency,2020-12-10,2020-12-11,0.1279331197522928,5,0
M2,equal_frequency,2020-12-11,2020-12-14,0.13476793827432565,5,0
M2,equal_frequency,2020-12-14,2020-12-15,0.18767516631436204,5,0
M2,equal_frequency,2020-12-15,2020-12-16,0.28437337141675006,5,0
M2,equal_frequency,2020-12-16,2020-12-17,0.20944543506210334,5,0
M2,equal_frequency,2020-12-17,2020-12-18,0.20008964182936934,5,0
M2,equal_frequency,2020-12-18,2020-12-21,0.06038031134677589,4,0
M2,equal_frequency,2020-12-21,2020-12-22,0.16583017792283014,5,0
M2,equal_frequency,2020-12-22,2020-12-23,0.15066343745539978,5,0
M2,equal_frequency,2020-12-23,2020-12-24,0.1837943662169985,5,0
M2,equal_frequency,2020-12-24,2020-12-28,0.07922302997511661,5,0
M2,equal_frequency,2020-12-28,2020-12-29,0.16991499258310389,5,0
M2,equal_frequency,2020-12-29,2020-12-30,0.09408358081085624,5,0
M2,equal_frequency,2020-12-30,2020-12-31,0.09609192820710669,5,0
M2,equal_frequency,2020-12-31,2021-01-04,0.10393922028318964,5,0
M2,equal_frequency,2021-01-04,2021-01-05,0.10265178110964694,5,0
M2,equal_frequency,2021-01-05,2021-01-06,0.08333714145414332,5,0
M2,equal_frequency,2021-01-06,2021-01-07,0.0915274147725847,5,0
M2,equal_frequency,2021-01-07,2021-01-08,0.13007851577949864,5,0
M2,equal_frequency,2021-01-08,2021-01-11,0.10497069116562759,5,0
M2,equal_frequency,2021-01-11,2021-01-12,0.07960814983225784,5,0
M2,equal_frequency,2021-01-12,2021-01-13,0.08154070656519039,5,0
M2,equal_frequency,2021-01-13,2021-01-14,0.06278862611986709,4,0
M2,equal_frequency,2021-01-14,2021-01-15,0.09020754067121638,5,0
M2,equal_frequency,2021-01-15,2021-01-19,0.07228299198239187,5,0
M2,equal_frequency,2021-01-19,2021-01-20,0.034013856811097795,3,1
M2,equal_frequency,2021-01-20,2021-01-21,0.09021668302745368,5,1
M2,equal_frequency,2021-01-21,2021-01-22,0.06306729951648131,4,1
M2,equal_frequency,2021-01-22,2021-01-25,0.0316606703985784,3,1
M2,equal_frequency,2021-01-25,2021-01-26,0.08927262208931576,5,1
M2,equal_frequency,2021-01-26,2021-01-27,0.07673150408199159,5,0
M2,equal_frequency,2021-01-27,2021-01-28,0.4235339512784688,5,0
M2,equal_frequency,2021-01-28,2021-01-29,0.15907407521737987,5,0
M2,equal_frequency,2021-01-29,2021-02-01,0.1374554946369667,5,0
M2,equal_frequency,2021-02-01,2021-02-02,0.08695328861605475,5,0
M2,equal_frequency,2021-02-02,2021-02-03,0.06306284797708665,4,0
M2,equal_frequency,2021-02-03,2021-02-04,3.892536634992789e-05,1,0
M2,equal_frequency,2021-02-04,2021-02-05,0.0024473525969388866,1,0
M2,equal_frequency,2021-02-05,2021-02-08,0.0006412101668417577,1,0
M2,equal_frequency,2021-02-08,2021-02-09,0.002636858258466914,1,0
M2,equal_frequency,2021-02-09,2021-02-10,0.011836635772473765,1,0
M2,equal_frequency,2021-02-10,2021-02-11,0.04059689570734851,3,0
M2,equal_frequency,2021-02-11,2021-02-12,0.026996537072423266,2,0
M2,equal_frequency,2021-02-12,2021-02-16,0.008842716745040028,1,0
M2,equal_frequency,2021-02-16,2021-02-17,0.027667281938976707,2,0
M2,equal_frequency,2021-02-17,2021-02-18,0.07111877462140553,5,0
M2,equal_frequency,2021-02-18,2021-02-19,0.04781813524131701,4,0
M2,equal_frequency,2021-02-19,2021-02-22,0.03083335904297677,3,0
M2,equal_frequency,2021-02-22,2021-02-23,0.03400775107558652,3,0
M2,equal_frequency,2021-02-23,2021-02-24,0.013176330517807457,1,0
M2,equal_frequency,2021-02-24,2021-02-25,0.013784922695116851,1,0
M2,equal_frequency,2021-02-25,2021-02-26,0.07629538089162997,5,0
M2,equal_frequency,2021-02-26,2021-03-01,0.04974882613372804,4,0
M2,equal_frequency,2021-03-01,2021-03-02,0.04621264789119706,4,0
M2,equal_frequency,2021-03-02,2021-03-03,0.07987399595890117,5,0
M2,equal_frequency,2021-03-03,2021-03-04,0.053510524474848074,4,0
M2,equal_frequency,2021-03-04,2021-03-05,0.023585587026512506,2,0
M2,equal_frequency,2021-03-05,2021-03-08,0.029428389309928013,3,0
M2,equal_frequency,2021-03-08,2021-03-09,0.023340178044422035,2,0
M2,equal_frequency,2021-03-09,2021-03-10,0.02726515940189156,2,0
M2,equal_frequency,2021-03-10,2021-03-11,0.033544947272011426,3,0
M2,equal_frequency,2021-03-11,2021-03-12,0.046059004899642444,4,0
M2,equal_frequency,2021-03-12,2021-03-15,0.045475814558966585,4,0
M2,equal_frequency,2021-03-15,2021-03-16,0.06618654118132003,5,0
M2,equal_frequency,2021-03-16,2021-03-17,0.06321356119839304,4,0
M2,equal_frequency,2021-03-17,2021-03-18,0.07261096704450126,5,0
M2,equal_frequency,2021-03-18,2021-03-19,0.04747573210723215,4,0
M2,equal_frequency,2021-03-19,2021-03-22,0.04136810438051631,3,0
M2,equal_frequency,2021-03-22,2021-03-23,0.04160566356506829,3,0
M2,equal_frequency,2021-03-23,2021-03-24,0.0448984394654513,4,0
M2,equal_frequency,2021-03-24,2021-03-25,0.05213138812034305,4,0
M2,equal_frequency,2021-03-25,2021-03-26,0.025780242412892444,2,0
M2,equal_frequency,2021-03-26,2021-03-29,0.08430589457578966,5,0
M2,equal_frequency,2021-03-29,2021-03-30,0.16554845088322664,5,0
M2,equal_frequency,2021-03-30,2021-03-31,0.06383045081651316,4,0
M2,equal_frequency,2021-03-31,2021-04-01,0.08502881691595249,5,0
M2,equal_frequency,2021-04-01,2021-04-05,0.06959250327451452,5,0
M2,equal_frequency,2021-04-05,2021-04-06,0.12325742886202319,5,0
M2,equal_frequency,2021-04-06,2021-04-07,0.09299521091673127,5,0
M2,equal_frequency,2021-04-07,2021-04-08,0.08683529146056954,5,0
M2,equal_frequency,2021-04-08,2021-04-09,0.10474760712865243,5,0
M2,equal_frequency,2021-04-09,2021-04-12,0.06296802397564064,4,0
M2,equal_frequency,2021-04-12,2021-04-13,0.05055011629152265,4,0
M2,equal_frequency,2021-04-13,2021-04-14,0.043650459132600586,4,0
M2,equal_frequency,2021-04-14,2021-04-15,0.04255146028001897,4,0
M2,equal_frequency,2021-04-15,2021-04-16,0.06464913302768292,4,0
M2,equal_frequency,2021-04-16,2021-04-19,0.04059399918763287,3,0
M2,equal_frequency,2021-04-19,2021-04-20,0.061023181176505396,4,0
M2,equal_frequency,2021-04-20,2021-04-21,0.081560050679925,5,0
M2,equal_frequency,2021-04-21,2021-04-22,0.0900596103818213,5,0
M2,equal_frequency,2021-04-22,2021-04-23,0.07762074898461835,5,0
M2,equal_frequency,2021-04-23,2021-04-26,0.06476231732634329,4,0
M2,equal_frequency,2021-04-26,2021-04-27,0.06544564338115938,5,0
M2,equal_frequency,2021-04-27,2021-04-28,0.051381940939032006,4,0
M2,equal_frequency,2021-04-28,2021-04-29,0.0484666816603343,4,0
M2,equal_frequency,2021-04-29,2021-04-30,0.05422917689564294,4,0
M2,equal_frequency,2021-04-30,2021-05-03,0.05013855143327901,4,0
M2,equal_frequency,2021-05-03,2021-05-04,0.04548141327324727,4,0
M2,equal_frequency,2021-05-04,2021-05-05,0.04792490595762222,4,1
M2,equal_frequency,2021-05-05,2021-05-06,0.03375506886628625,3,1
M2,equal_frequency,2021-05-06,2021-05-07,0.03919771189913167,3,1
M2,equal_frequency,2021-05-07,2021-05-10,0.024942911098730716,2,1
M2,equal_frequency,2021-05-10,2021-05-11,0.024131092274118672,2,0
M2,equal_frequency,2021-05-11,2021-05-12,0.029502783943628194,3,0
M2,equal_frequency,2021-05-12,2021-05-13,0.04215869244791625,4,0
M2,equal_frequency,2021-05-13,2021-05-14,0.034535168945745216,3,0
M2,equal_frequency,2021-05-14,2021-05-17,0.025793048745575038,2,0
M2,equal_frequency,2021-05-17,2021-05-18,0.0418206741399088,3,0
M2,equal_frequency,2021-05-18,2021-05-19,0.03295563686553554,3,0
M2,equal_frequency,2021-05-19,2021-05-20,0.020937923515999855,2,0
M2,equal_frequency,2021-05-20,2021-05-21,0.055049329820084265,4,0
M2,equal_frequency,2021-05-21,2021-05-24,0.057227308252541846,4,0
M2,equal_frequency,2021-05-24,2021-05-25,0.027587636123298762,2,0
M2,equal_frequency,2021-05-25,2021-05-26,0.03455570824045545,3,0
M2,equal_frequency,2021-05-26,2021-05-27,0.004140584123698168,1,0
M2,equal_frequency,2021-05-27,2021-05-28,0.002786211919998165,1,0
M2,equal_frequency,2021-05-28,2021-06-01,0.004337966995671754,1,0
M2,equal_frequency,2021-06-01,2021-06-02,0.02398232960969918,2,0
M2,equal_frequency,2021-06-02,2021-06-03,0.013227299110146246,1,0
M2,equal_frequency,2021-06-03,2021-06-04,0.03304331995643271,3,0
M2,equal_frequency,2021-06-04,2021-06-07,0.028894776679318772,3,0
M2,equal_frequency,2021-06-07,2021-06-08,0.027591839884712754,2,0
M2,equal_frequency,2021-06-08,2021-06-09,0.025579831791874123,2,0
M2,equal_frequency,2021-06-09,2021-06-10,0.03589770340392439,3,0
M2,equal_frequency,2021-06-10,2021-06-11,0.04255725866961397,4,0
M2,equal_frequency,2021-06-11,2021-06-14,0.026558964729031454,2,0
M2,equal_frequency,2021-06-14,2021-06-15,0.05199838298447711,4,0
M2,equal_frequency,2021-06-15,2021-06-16,0.057150280312967185,4,0
M2,equal_frequency,2021-06-16,2021-06-17,0.04224958443753515,4,0
M2,equal_frequency,2021-06-17,2021-06-18,0.04107609215378128,3,0
M2,equal_frequency,2021-06-18,2021-06-21,0.07112355697247692,5,0
M2,equal_frequency,2021-06-21,2021-06-22,0.06650102904301129,5,0
M2,equal_frequency,2021-06-22,2021-06-23,0.052306786982808044,4,0
M2,equal_frequency,2021-06-23,2021-06-24,0.03785890064478756,3,0
M2,equal_frequency,2021-06-24,2021-06-25,0.04140937030019834,3,0
M2,equal_frequency,2021-06-25,2021-06-28,0.009070631953514038,1,0
M2,equal_frequency,2021-06-28,2021-06-29,0.015851098914848028,1,0
M2,equal_frequency,2021-06-29,2021-06-30,0.0231535896812701,2,0
M2,equal_frequency,2021-06-30,2021-07-01,0.008937694319658481,1,0
M2,equal_frequency,2021-07-01,2021-07-02,0.020944882588988228,2,0
M2,equal_frequency,2021-07-02,2021-07-06,0.007386373499782136,1,0
M2,equal_frequency,2021-07-06,2021-07-07,0.07080843220603511,5,0
M2,equal_frequency,2021-07-07,2021-07-08,0.05593254475497494,4,0
M2,equal_frequency,2021-07-08,2021-07-09,0.08840311415219475,5,0
M2,equal_frequency,2021-07-09,2021-07-12,0.049306538797210676,4,0
M2,equal_frequency,2021-07-12,2021-07-13,0.04476671189020276,4,0
M2,equal_frequency,2021-07-13,2021-07-14,0.04088382253854293,3,0
M2,equal_frequency,2021-07-14,2021-07-15,0.02447797865763703,2,0
M2,equal_frequency,2021-07-15,2021-07-16,0.02633504316883237,2,0
M2,equal_frequency,2021-07-16,2021-07-19,0.04133496336590225,3,0
M2,equal_frequency,2021-07-19,2021-07-20,0.04428587208108277,4,0
M2,equal_frequency,2021-07-20,2021-07-21,0.08583161345875905,5,0
M2,equal_frequency,2021-07-21,2021-07-22,0.05738849340013033,4,0
M2,equal_frequency,2021-07-22,2021-07-23,0.045029866864919034,4,0
M2,equal_frequency,2021-07-23,2021-07-26,0.02048520181298315,2,0
M2,equal_frequency,2021-07-26,2021-07-27,0.014223625227111163,1,0
M2,equal_frequency,2021-07-27,2021-07-28,0.05979220571483261,4,0
M2,equal_frequency,2021-07-28,2021-07-29,0.04593972664418197,4,0
M2,equal_frequency,2021-07-29,2021-07-30,0.03221518924438909,3,0
M2,equal_frequency,2021-07-30,2021-08-02,0.025205295327537784,2,0
M2,equal_frequency,2021-08-02,2021-08-03,0.04703912856790618,4,0
M2,equal_frequency,2021-08-03,2021-08-04,0.018669159368583915,2,0
M2,equal_frequency,2021-08-04,2021-08-05,0.012522070750739177,1,0
M2,equal_frequency,2021-08-05,2021-08-06,0.019913893606408842,2,0
M2,equal_frequency,2021-08-06,2021-08-09,0.001365852540352518,1,0
M2,equal_frequency,2021-08-09,2021-08-10,0.005516330541158826,1,0
M2,equal_frequency,2021-08-10,2021-08-11,0.009453517204479437,1,0
M2,equal_frequency,2021-08-11,2021-08-12,0.0028922734649545136,1,0
M2,equal_frequency,2021-08-12,2021-08-13,0.003413143295047073,1,0
M2,equal_frequency,2021-08-13,2021-08-16,0.0021293920442712467,1,0
M2,equal_frequency,2021-08-16,2021-08-17,0.015830198197380366,1,0
M2,equal_frequency,2021-08-17,2021-08-18,0.03747663910289708,3,0
M2,equal_frequency,2021-08-18,2021-08-19,0.05090973219705107,4,0
M2,equal_frequency,2021-08-19,2021-08-20,0.059610596560651825,4,0
M2,equal_frequency,2021-08-20,2021-08-23,0.03363744410326845,3,0
M2,equal_frequency,2021-08-23,2021-08-24,0.03105927161305508,3,0
M2,equal_frequency,2021-08-24,2021-08-25,0.02822820948098884,2,0
M2,equal_frequency,2021-08-25,2021-08-26,0.008964064627425704,1,0
M2,equal_frequency,2021-08-26,2021-08-27,0.02224892214220301,2,0
M2,equal_frequency,2021-08-27,2021-08-30,0.010716261899205753,1,0
M2,equal_frequency,2021-08-30,2021-08-31,0.011295569058714764,1,0
M2,equal_frequency,2021-08-31,2021-09-01,0.017786934699783312,2,0
M2,equal_frequency,2021-09-01,2021-09-02,0.006735975655222166,1,0
M2,equal_frequency,2021-09-02,2021-09-03,0.014526761240786602,1,0
M2,equal_frequency,2021-09-03,2021-09-07,0.00334953513107736,1,0
M2,equal_frequency,2021-09-07,2021-09-08,0.018890241729589027,2,0
M2,equal_frequency,2021-09-08,2021-09-09,0.017097572895825846,2,0
M2,equal_frequency,2021-09-09,2021-09-10,0.027111816517994127,2,0
M2,equal_frequency,2021-09-10,2021-09-13,0.019886357275646242,2,0
M2,equal_frequency,2021-09-13,2021-09-14,0.016115484036805603,1,0
M2,equal_frequency,2021-09-14,2021-09-15,0.015554799807266897,1,0
M2,equal_frequency,2021-09-15,2021-09-16,0.026003140489089686,2,0
M2,equal_frequency,2021-09-16,2021-09-17,0.029699756336212677,3,0
M2,equal_frequency,2021-09-17,2021-09-20,0.032585209485729835,3,0
M2,equal_frequency,2021-09-20,2021-09-21,0.04202019597140745,4,0
M2,equal_frequency,2021-09-21,2021-09-22,0.028650704900548433,3,0
M2,equal_frequency,2021-09-22,2021-09-23,0.029041473850844393,3,0
M2,equal_frequency,2021-09-23,2021-09-24,0.04071419133920374,3,0
M2,equal_frequency,2021-09-24,2021-09-27,0.015132582331064359,1,0
M2,equal_frequency,2021-09-27,2021-09-28,0.002533968250344777,1,0
M2,equal_frequency,2021-09-28,2021-09-29,0.01703119517327244,2,0
M2,equal_frequency,2021-09-29,2021-09-30,0.030915534787499706,3,0
M2,equal_frequency,2021-09-30,2021-10-01,0.027717502665160154,2,0
M2,equal_frequency,2021-10-01,2021-10-04,0.03650396795158719,3,0
M2,equal_frequency,2021-10-04,2021-10-05,0.022531074941384992,2,0
M2,equal_frequency,2021-10-05,2021-10-06,0.013553756492831187,1,0
M2,equal_frequency,2021-10-06,2021-10-07,0.01444719137088192,1,0
M2,equal_frequency,2021-10-07,2021-10-08,0.017976027781688293,2,0
M2,equal_frequency,2021-10-08,2021-10-11,0.01692231218654978,1,0
M2,equal_frequency,2021-10-11,2021-10-12,0.014530958931667731,1,0
M2,equal_frequency,2021-10-12,2021-10-13,0.014862890083212095,1,0
M2,equal_frequency,2021-10-13,2021-10-14,0.014210541464536026,1,0
M2,equal_frequency,2021-10-14,2021-10-15,0.0182933144380602,2,0
M2,equal_frequency,2021-10-15,2021-10-18,0.01750368373827704,2,0
M2,equal_frequency,2021-10-18,2021-10-19,0.020973873822048336,2,0
M2,equal_frequency,2021-10-19,2021-10-20,0.022087107428789894,2,0
M2,equal_frequency,2021-10-20,2021-10-21,0.040400606629522634,3,0
M2,equal_frequency,2021-10-21,2021-10-22,0.017249246651394122,2,0
M2,equal_frequency,2021-10-22,2021-10-25,0.011105843595547615,1,0
M2,equal_frequency,2021-10-25,2021-10-26,0.026012823658296654,2,0
M2,equal_frequency,2021-10-26,2021-10-27,0.024203546304492438,2,0
M2,equal_frequency,2021-10-27,2021-10-28,0.06554135713940296,5,0
M2,equal_frequency,2021-10-28,2021-10-29,0.1038628488933584,5,0
M2,equal_frequency,2021-10-29,2021-11-01,0.07247876018847094,5,0
M2,equal_frequency,2021-11-01,2021-11-02,0.08109178579664184,5,0
M2,equal_frequency,2021-11-02,2021-11-03,0.03723675702312575,3,0
M2,equal_frequency,2021-11-03,2021-11-04,0.018753310050755492,2,0
M2,equal_frequency,2021-11-04,2021-11-05,0.02878086293131475,3,0
M2,equal_frequency,2021-11-05,2021-11-08,0.03918559903799508,3,0
M2,equal_frequency,2021-11-08,2021-11-09,0.05721630755546373,4,0
M2,equal_frequency,2021-11-09,2021-11-10,0.035645355341269044,3,0
M2,equal_frequency,2021-11-10,2021-11-11,0.06341550402812628,4,0
M2,equal_frequency,2021-11-11,2021-11-12,0.02936069855770779,3,0
M2,equal_frequency,2021-11-12,2021-11-15,0.005613262241494491,1,0
M2,equal_frequency,2021-11-15,2021-11-16,0.006535403779134848,1,0
M2,equal_frequency,2021-11-16,2021-11-17,0.008408030375916685,1,0
M2,equal_frequency,2021-11-17,2021-11-18,0.0028361411883991595,1,1
M2,equal_frequency,2021-11-18,2021-11-19,0.01520202381442785,1,1
M2,equal_frequency,2021-11-19,2021-11-22,0.010445944320280932,1,1
M2,equal_frequency,2021-11-22,2021-11-23,0.12557354348533384,5,1
M2,equal_frequency,2021-11-23,2021-11-24,0.11419421828088049,5,1
M2,equal_frequency,2021-11-24,2021-11-26,0.09505973757217516,5,0
M2,equal_frequency,2021-11-26,2021-11-29,0.07503157187320031,5,1
M2,equal_frequency,2021-11-29,2021-11-30,0.05899273600784225,4,0
M2,equal_frequency,2021-11-30,2021-12-01,0.06446918895490743,4,0
M2,equal_frequency,2021-12-01,2021-12-02,0.110638544705022,5,0
M2,equal_frequency,2021-12-02,2021-12-03,0.0823165158135898,5,0
M2,equal_frequency,2021-12-03,2021-12-06,0.05207032861122805,4,0
M2,equal_frequency,2021-12-06,2021-12-07,0.058167699117930335,4,0
M2,equal_frequency,2021-12-07,2021-12-08,0.009394769020926176,1,0
M2,equal_frequency,2021-12-08,2021-12-09,0.0007072261460267314,1,0
M2,equal_frequency,2021-12-09,2021-12-10,0.005876512578468014,1,0
M2,equal_frequency,2021-12-10,2021-12-13,0.00028745216073482535,1,0
M2,equal_frequency,2021-12-13,2021-12-14,0.008327815473948428,1,0
M2,equal_frequency,2021-12-14,2021-12-15,0.025058966594408583,2,0
M2,equal_frequency,2021-12-15,2021-12-16,0.03441863166025399,3,0
M2,equal_frequency,2021-12-16,2021-12-17,0.030209677641085335,3,0
M2,equal_frequency,2021-12-17,2021-12-20,0.026397406929713898,2,0
M2,equal_frequency,2021-12-20,2021-12-21,0.025525826465025873,2,0
M2,equal_frequency,2021-12-21,2021-12-22,0.04112139495145374,3,0
M2,equal_frequency,2021-12-22,2021-12-23,0.03598661203823999,3,0
M2,equal_frequency,2021-12-23,2021-12-27,0.03001891428370808,3,0
M2,equal_frequency,2021-12-27,2021-12-28,0.014733542078342463,1,0
M2,equal_frequency,2021-12-28,2021-12-29,0.013325246347497129,1,0
M2,equal_frequency,2021-12-29,2021-12-30,0.011576787104710651,1,0
M2,equal_frequency,2021-12-30,2021-12-31,0.02187536398107396,2,0
M2,equal_frequency,2021-12-31,2022-01-03,0.013388783624384289,1,0
M2,equal_frequency,2022-01-03,2022-01-04,0.007838198378696534,1,0
M2,equal_frequency,2022-01-04,2022-01-05,0.009873141168937206,1,0
M2,equal_frequency,2022-01-05,2022-01-06,0.01772316381198002,2,0
M2,equal_frequency,2022-01-06,2022-01-07,0.012740071267289143,1,0
M2,equal_frequency,2022-01-07,2022-01-10,0.008446064445918324,1,0
M2,equal_frequency,2022-01-10,2022-01-11,0.00966920704915493,1,0
M2,equal_frequency,2022-01-11,2022-01-12,0.00825145830112509,1,0
M2,equal_frequency,2022-01-12,2022-01-13,0.009681469643523502,1,1
M2,equal_frequency,2022-01-13,2022-01-14,0.010955146311315308,1,1
M2,equal_frequency,2022-01-14,2022-01-18,0.00937070279390704,1,0
M2,equal_frequency,2022-01-18,2022-01-19,0.014343900756635032,1,0
M2,equal_frequency,2022-01-19,2022-01-20,0.020356268313357812,2,0
M2,equal_frequency,2022-01-20,2022-01-21,0.02255506248587192,2,0
M2,equal_frequency,2022-01-21,2022-01-24,0.023824790582036168,2,0
M2,equal_frequency,2022-01-24,2022-01-25,0.03049304757960818,3,0
M2,equal_frequency,2022-01-25,2022-01-26,0.0318335639433321,3,0
M2,equal_frequency,2022-01-26,2022-01-27,0.04185044544208041,3,0
M2,equal_frequency,2022-01-27,2022-01-28,0.020045701748594595,2,0
M2,equal_frequency,2022-01-28,2022-01-31,0.008239423230463951,1,0
M2,equal_frequency,2022-01-31,2022-02-01,0.0027810313171066628,1,0
M2,equal_frequency,2022-02-01,2022-02-02,0.0019650648789914303,1,0
M2,equal_frequency,2022-02-02,2022-02-03,0.004206459574458154,1,0
M2,equal_frequency,2022-02-03,2022-02-04,0.01038508002419296,1,0
M2,equal_frequency,2022-02-04,2022-02-07,0.013181127947352022,1,0
M2,equal_frequency,2022-02-07,2022-02-08,0.011053900710559249,1,0
M2,equal_frequency,2022-02-08,2022-02-09,0.013506413787553736,1,1
M2,equal_frequency,2022-02-09,2022-02-10,0.015291674951270534,1,0
M2,equal_frequency,2022-02-10,2022-02-11,0.015582443767374544,1,0
M2,equal_frequency,2022-02-11,2022-02-14,0.021351163438760153,2,0
M2,equal_frequency,2022-02-14,2022-02-15,0.03512395475919617,3,0
M2,equal_frequency,2022-02-15,2022-02-16,0.039998130852508605,3,0
M2,equal_frequency,2022-02-16,2022-02-17,0.03835770793293983,3,0
M2,equal_frequency,2022-02-17,2022-02-18,0.04341038152826367,4,0
M2,equal_frequency,2022-02-18,2022-02-22,0.024754919375197793,2,0
M2,equal_frequency,2022-02-22,2022-02-23,0.02180947641945836,2,0
M2,equal_frequency,2022-02-23,2022-02-24,0.03668742995280674,3,0
M2,equal_frequency,2022-02-24,2022-02-25,0.06124269010529559,4,0
M2,equal_frequency,2022-02-25,2022-02-28,0.024859448550173652,2,0
M2,equal_frequency,2022-02-28,2022-03-01,0.05099128889605458,4,0
M2,equal_frequency,2022-03-01,2022-03-02,0.08342587452503848,5,0
M2,equal_frequency,2022-03-02,2022-03-03,0.08903403250172165,5,0
M2,equal_frequency,2022-03-03,2022-03-04,0.06539878307363062,5,0
M2,equal_frequency,2022-03-04,2022-03-07,0.06854387360925082,5,0
M2,equal_frequency,2022-03-07,2022-03-08,0.043709200617913335,4,0
M2,equal_frequency,2022-03-08,2022-03-09,0.020295547182911978,2,0
M2,equal_frequency,2022-03-09,2022-03-10,0.03144109600456974,3,0
M2,equal_frequency,2022-03-10,2022-03-11,0.022574605566817927,2,0
M2,equal_frequency,2022-03-11,2022-03-14,0.014444861055755372,1,0
M2,equal_frequency,2022-03-14,2022-03-15,0.018985893985039637,2,0
M2,equal_frequency,2022-03-15,2022-03-16,0.03229753366741084,3,0
M2,equal_frequency,2022-03-16,2022-03-17,0.029480907663566244,3,0
M2,equal_frequency,2022-03-17,2022-03-18,0.043192122182204765,4,0
M2,equal_frequency,2022-03-18,2022-03-21,0.046493412779681116,4,0
M2,equal_frequency,2022-03-21,2022-03-22,0.05822504090909602,4,0
M2,equal_frequency,2022-03-22,2022-03-23,0.07452299426882902,5,0
M2,equal_frequency,2022-03-23,2022-03-24,0.08120598669494489,5,0
M2,equal_frequency,2022-03-24,2022-03-25,0.1197498860165347,5,0
M2,equal_frequency,2022-03-25,2022-03-28,0.12355214749111562,5,0
M2,equal_frequency,2022-03-28,2022-03-29,0.0804298808325786,5,0
M2,equal_frequency,2022-03-29,2022-03-30,0.06303654091570939,4,0
M2,equal_frequency,2022-03-30,2022-03-31,0.08442463446253981,5,0
M2,equal_frequency,2022-03-31,2022-04-01,0.06258109652823331,4,0
M2,equal_frequency,2022-04-01,2022-04-04,0.0378930575664587,3,0
M2,equal_frequency,2022-04-04,2022-04-05,0.022105737759661882,2,0
M2,equal_frequency,2022-04-05,2022-04-06,0.041427863357917524,3,0
M2,equal_frequency,2022-04-06,2022-04-07,0.03985877097039556,3,0
M2,equal_frequency,2022-04-07,2022-04-08,0.041892011735413924,3,0
M2,equal_frequency,2022-04-08,2022-04-11,0.041405906909087124,3,0
M2,equal_frequency,2022-04-11,2022-04-12,0.041646161391304455,3,0
M2,equal_frequency,2022-04-12,2022-04-13,0.029345263739160087,3,0
M2,equal_frequency,2022-04-13,2022-04-14,0.03063872405101687,3,0
M2,equal_frequency,2022-04-14,2022-04-18,0.018927289083354334,2,0
M2,equal_frequency,2022-04-18,2022-04-19,0.015030877953514465,1,1
M2,equal_frequency,2022-04-19,2022-04-20,0.01711827096322489,2,1
M2,equal_frequency,2022-04-20,2022-04-21,0.015118700037589626,1,1
M2,equal_frequency,2022-04-21,2022-04-22,0.022227524281841337,2,0
M2,equal_frequency,2022-04-22,2022-04-25,0.025802243743620272,2,0
M2,equal_frequency,2022-04-25,2022-04-26,0.023201779416499955,2,0
M2,equal_frequency,2022-04-26,2022-04-27,0.06566465207705839,5,0
M2,equal_frequency,2022-04-27,2022-04-28,0.043414298399076026,4,0
M2,equal_frequency,2022-04-28,2022-04-29,0.037348562188563646,3,0
M2,equal_frequency,2022-04-29,2022-05-02,0.036249268471432214,3,0
M2,equal_frequency,2022-05-02,2022-05-03,0.029949215019173313,3,0
M2,equal_frequency,2022-05-03,2022-05-04,0.02060960520476942,2,1
M2,equal_frequency,2022-05-04,2022-05-05,0.015065580244331113,1,0
M2,equal_frequency,2022-05-05,2022-05-06,0.01703118641483013,1,0
M2,equal_frequency,2022-05-06,2022-05-09,0.02216003599563238,2,0
M2,equal_frequency,2022-05-09,2022-05-10,0.016498127599350848,1,0
M2,equal_frequency,2022-05-10,2022-05-11,0.018770011840134524,2,0
M2,equal_frequency,2022-05-11,2022-05-12,0.017895783439930313,2,0
M2,equal_frequency,2022-05-12,2022-05-13,0.010828781983141451,1,0
M2,equal_frequency,2022-05-13,2022-05-16,0.014808148307468252,1,0
M2,equal_frequency,2022-05-16,2022-05-17,0.011686595851681058,1,0
M2,equal_frequency,2022-05-17,2022-05-18,0.0157635882431024,1,0
M2,equal_frequency,2022-05-18,2022-05-19,0.024170626412142727,2,0
M2,equal_frequency,2022-05-19,2022-05-20,0.013922497800816135,1,0
M2,equal_frequency,2022-05-20,2022-05-23,0.023250711537737934,2,0
M2,equal_frequency,2022-05-23,2022-05-24,0.037880028603833736,3,0
M2,equal_frequency,2022-05-24,2022-05-25,0.03393742972021395,3,0
M2,equal_frequency,2022-05-25,2022-05-26,0.02179820656557581,2,0
M2,equal_frequency,2022-05-26,2022-05-27,0.06701601995291452,5,0
M2,equal_frequency,2022-05-27,2022-05-31,0.03828214711222243,3,0
M2,equal_frequency,2022-05-31,2022-06-01,0.04078119463532059,3,0
M2,equal_frequency,2022-06-01,2022-06-02,0.025822572626648107,2,0
M2,equal_frequency,2022-06-02,2022-06-03,0.03807983485176652,3,0
M2,equal_frequency,2022-06-03,2022-06-06,0.01820620842532226,2,1
M2,equal_frequency,2022-06-06,2022-06-07,0.013964548983639646,1,1
M2,equal_frequency,2022-06-07,2022-06-08,0.01603616324417116,1,1
M2,equal_frequency,2022-06-08,2022-06-09,0.03946240800799589,3,0
M2,equal_frequency,2022-06-09,2022-06-10,0.030137218725611755,3,0
M2,equal_frequency,2022-06-10,2022-06-13,0.03164090232174202,3,0
M2,equal_frequency,2022-06-13,2022-06-14,0.059924954250189656,4,0
M2,equal_frequency,2022-06-14,2022-06-15,0.06322512920350096,4,0
M2,equal_frequency,2022-06-15,2022-06-16,0.04142086934237342,3,0
M2,equal_frequency,2022-06-16,2022-06-17,0.04232793508092495,4,0
M2,equal_frequency,2022-06-17,2022-06-21,0.04397834170053702,4,0
M2,equal_frequency,2022-06-21,2022-06-22,0.06307421137446884,4,0
M2,equal_frequency,2022-06-22,2022-06-23,0.04950596194932837,4,0
M2,equal_frequency,2022-06-23,2022-06-24,0.060167597654110734,4,0
M2,equal_frequency,2022-06-24,2022-06-27,0.02070978890235221,2,0
M2,equal_frequency,2022-06-27,2022-06-28,0.012190837515362962,1,0
M2,equal_frequency,2022-06-28,2022-06-29,0.025539803071857447,2,0
M2,equal_frequency,2022-06-29,2022-06-30,0.030164012367782527,3,0
M2,equal_frequency,2022-06-30,2022-07-01,0.04124665868272688,3,0
M2,equal_frequency,2022-07-01,2022-07-05,0.023045128751500926,2,0
M2,equal_frequency,2022-07-05,2022-07-06,0.03756494148520947,3,0
M2,equal_frequency,2022-07-06,2022-07-07,0.040997527557830676,3,0
M2,equal_frequency,2022-07-07,2022-07-08,0.05464342173891387,4,0
M2,equal_frequency,2022-07-08,2022-07-11,0.04615051372507779,4,0
M2,equal_frequency,2022-07-11,2022-07-12,0.05935336724158309,4,0
M2,equal_frequency,2022-07-12,2022-07-13,0.07165477955662244,5,0
M2,equal_frequency,2022-07-13,2022-07-14,0.06759241592032594,5,0
M2,equal_frequency,2022-07-14,2022-07-15,0.11311159449674736,5,0
M2,equal_frequency,2022-07-15,2022-07-18,0.12217127516508887,5,0
M2,equal_frequency,2022-07-18,2022-07-19,0.20000196000533452,5,0
M2,equal_frequency,2022-07-19,2022-07-20,0.3339164329978735,5,0
M2,equal_frequency,2022-07-20,2022-07-21,0.298199979348166,5,0
M2,equal_frequency,2022-07-21,2022-07-22,0.26844986877205396,5,0
M2,equal_frequency,2022-07-22,2022-07-25,0.22811108079141135,5,0
M2,equal_frequency,2022-07-25,2022-07-26,0.18451943116839875,5,0
M2,equal_frequency,2022-07-26,2022-07-27,0.1468253541697297,5,0
M2,equal_frequency,2022-07-27,2022-07-28,0.12972272195860174,5,0
M2,equal_frequency,2022-07-28,2022-07-29,0.08124758925781538,5,0
M2,equal_frequency,2022-07-29,2022-08-01,0.06493354001311087,4,0
M2,equal_frequency,2022-08-01,2022-08-02,0.11919277245038545,5,0
M2,equal_frequency,2022-08-02,2022-08-03,0.16560151280467192,5,0
M2,equal_frequency,2022-08-03,2022-08-04,0.07393346860396324,5,0
M2,equal_frequency,2022-08-04,2022-08-05,0.06471117969560022,4,0
M2,equal_frequency,2022-08-05,2022-08-08,0.045945862433832155,4,0
M2,equal_frequency,2022-08-08,2022-08-09,0.06691781123050926,5,0
M2,equal_frequency,2022-08-09,2022-08-10,0.0775530736814001,5,0
M2,equal_frequency,2022-08-10,2022-08-11,0.05055098733461146,4,0
M2,equal_frequency,2022-08-11,2022-08-12,0.058198887160543646,4,0
M2,equal_frequency,2022-08-12,2022-08-15,0.06963401214658124,5,0
M2,equal_frequency,2022-08-15,2022-08-16,0.0907279134530246,5,0
M2,equal_frequency,2022-08-16,2022-08-17,0.0776367154546242,5,0
M2,equal_frequency,2022-08-17,2022-08-18,0.0863377107710075,5,0
M2,equal_frequency,2022-08-18,2022-08-19,0.07748644751486747,5,0
M2,equal_frequency,2022-08-19,2022-08-22,0.08633389882520738,5,0
M2,equal_frequency,2022-08-22,2022-08-23,0.09168441730276962,5,0
M2,equal_frequency,2022-08-23,2022-08-24,0.07293657870432264,5,0
M2,equal_frequency,2022-08-24,2022-08-25,0.04606421402371086,4,0
M2,equal_frequency,2022-08-25,2022-08-26,0.038273775752411414,3,0
M2,equal_frequency,2022-08-26,2022-08-29,0.03632848771054559,3,0
M2,equal_frequency,2022-08-29,2022-08-30,0.037735955910609374,3,0
M2,equal_frequency,2022-08-30,2022-08-31,0.03447723947735669,3,0
M2,equal_frequency,2022-08-31,2022-09-01,0.020507516719848934,2,0
M2,equal_frequency,2022-09-01,2022-09-02,0.017087483243466144,2,0
M2,equal_frequency,2022-09-02,2022-09-06,0.02319666258597645,2,0
M2,equal_frequency,2022-09-06,2022-09-07,0.03655432175047735,3,0
M2,equal_frequency,2022-09-07,2022-09-08,0.02834603015056964,3,0
M2,equal_frequency,2022-09-08,2022-09-09,0.02756227770942045,2,0
M2,equal_frequency,2022-09-09,2022-09-12,0.027605702934059305,2,0
M2,equal_frequency,2022-09-12,2022-09-13,0.03723523001593031,3,0
M2,equal_frequency,2022-09-13,2022-09-14,0.04254737886479922,4,0
M2,equal_frequency,2022-09-14,2022-09-15,0.03415648917758146,3,0
M2,equal_frequency,2022-09-15,2022-09-16,0.025350243600477475,2,0
M2,equal_frequency,2022-09-16,2022-09-19,0.019208634303190152,2,0
M2,equal_frequency,2022-09-19,2022-09-20,0.020952440744643905,2,0
M2,equal_frequency,2022-09-20,2022-09-21,0.04291915131535533,4,0
M2,equal_frequency,2022-09-21,2022-09-22,0.030925385800262266,3,0
M2,equal_frequency,2022-09-22,2022-09-23,0.0240528387945896,2,0
M2,equal_frequency,2022-09-23,2022-09-26,0.04587773400228943,4,0
M2,equal_frequency,2022-09-26,2022-09-27,0.05591827974622813,4,0
M2,equal_frequency,2022-09-27,2022-09-28,0.05797417957112144,4,0
M2,equal_frequency,2022-09-28,2022-09-29,0.07482891762434271,5,0
M2,equal_frequency,2022-09-29,2022-09-30,0.06352724333938926,4,0
M2,equal_frequency,2022-09-30,2022-10-03,0.03710504679724251,3,0
M2,equal_frequency,2022-10-03,2022-10-04,0.05063501924084418,4,0
M2,equal_frequency,2022-10-04,2022-10-05,0.03198215812214668,3,0
M2,equal_frequency,2022-10-05,2022-10-06,0.028425125241526992,3,0
M2,equal_frequency,2022-10-06,2022-10-07,0.05785309260052254,4,0
M2,equal_frequency,2022-10-07,2022-10-10,0.05401794275748504,4,0
M2,equal_frequency,2022-10-10,2022-10-11,0.037582645099365285,3,0
M2,equal_frequency,2022-10-11,2022-10-12,0.04591231876022021,4,0
M2,equal_frequency,2022-10-12,2022-10-13,0.06627465603552964,5,0
M2,equal_frequency,2022-10-13,2022-10-14,0.10747065578157004,5,0
M2,equal_frequency,2022-10-14,2022-10-17,0.08569895841876869,5,0
M2,equal_frequency,2022-10-17,2022-10-18,0.11492695670638756,5,0
M2,equal_frequency,2022-10-18,2022-10-19,0.10952045405610096,5,0
M2,equal_frequency,2022-10-19,2022-10-20,0.05890576758967912,4,0
M2,equal_frequency,2022-10-20,2022-10-21,0.05280821773893431,4,0
M2,equal_frequency,2022-10-21,2022-10-24,0.07682601484268332,5,0
M2,equal_frequency,2022-10-24,2022-10-25,0.10184972607287374,5,0
M2,equal_frequency,2022-10-25,2022-10-26,0.06124017365228986,4,0
M2,equal_frequency,2022-10-26,2022-10-27,0.03573963669106698,3,0
M2,equal_frequency,2022-10-27,2022-10-28,0.07723012663066578,5,0
M2,equal_frequency,2022-10-28,2022-10-31,0.02183303361478572,2,0
M2,equal_frequency,2022-10-31,2022-11-01,0.020806940495474796,2,0
M2,equal_frequency,2022-11-01,2022-11-02,0.03721119111870823,3,0
M2,equal_frequency,2022-11-02,2022-11-03,0.028857327143312888,3,0
M2,equal_frequency,2022-11-03,2022-11-04,0.015671658902825836,1,0
M2,equal_frequency,2022-11-04,2022-11-07,0.0190644490555522,2,0
M2,equal_frequency,2022-11-07,2022-11-08,0.037018145835622664,3,0
M2,equal_frequency,2022-11-08,2022-11-09,0.09194296962575203,5,0
M2,equal_frequency,2022-11-09,2022-11-10,0.12854756466152378,5,0
M2,equal_frequency,2022-11-10,2022-11-11,0.07962187178358296,5,0
M2,equal_frequency,2022-11-11,2022-11-14,0.08279421621558208,5,0
M2,equal_frequency,2022-11-14,2022-11-15,0.07383231332004993,5,0
M2,equal_frequency,2022-11-15,2022-11-16,0.1364470287921181,5,0
M2,equal_frequency,2022-11-16,2022-11-17,0.05780435660140131,4,0
M2,equal_frequency,2022-11-17,2022-11-18,0.036323790092745764,3,0
M2,equal_frequency,2022-11-18,2022-11-21,0.014431612500788754,1,0
M2,equal_frequency,2022-11-21,2022-11-22,0.01527940291354225,1,0
M2,equal_frequency,2022-11-22,2022-11-23,0.011309676658548573,1,0
M2,equal_frequency,2022-11-23,2022-11-25,0.05634593839425534,4,0
M2,equal_frequency,2022-11-25,2022-11-28,0.06704043690303822,5,0
M2,equal_frequency,2022-11-28,2022-11-29,0.06993040503869662,5,0
M2,equal_frequency,2022-11-29,2022-11-30,0.06296049340565499,4,0
M2,equal_frequency,2022-11-30,2022-12-01,0.02960075732551625,3,0
M2,equal_frequency,2022-12-01,2022-12-02,0.021315734133822647,2,0
M2,equal_frequency,2022-12-02,2022-12-05,0.011904144565331646,1,0
M2,equal_frequency,2022-12-05,2022-12-06,0.02555407413316056,2,0
M2,equal_frequency,2022-12-06,2022-12-07,0.03214695549697777,3,0
M2,equal_frequency,2022-12-07,2022-12-08,0.027311180036860307,2,0
M2,equal_frequency,2022-12-08,2022-12-09,0.0223631901987785,2,0
M2,equal_frequency,2022-12-09,2022-12-12,0.024308159269955606,2,0
M2,equal_frequency,2022-12-12,2022-12-13,0.19358225158889322,5,0
M2,equal_frequency,2022-12-13,2022-12-14,0.12861477432461108,5,0
M2,equal_frequency,2022-12-14,2022-12-15,0.08972441208454192,5,0
M2,equal_frequency,2022-12-15,2022-12-16,0.04742509932599,4,0
M2,equal_frequency,2022-12-16,2022-12-19,0.03236752051322162,3,0
M2,equal_frequency,2022-12-19,2022-12-20,0.023883772869479274,2,0
M2,equal_frequency,2022-12-20,2022-12-21,0.012202010725376253,1,0
M2,equal_frequency,2022-12-21,2022-12-22,0.0034313215671507363,1,0
M2,equal_frequency,2022-12-22,2022-12-23,0.0075086382386579,1,0
M2,equal_frequency,2022-12-23,2022-12-27,0.005988741217760896,1,0
M2,equal_frequency,2022-12-27,2022-12-28,0.006399543711595266,1,0
M2,equal_frequency,2022-12-28,2022-12-29,0.0075550780977229285,1,0
M2,equal_frequency,2022-12-29,2022-12-30,0.005968461246728815,1,0
M2,equal_frequency,2022-12-30,2023-01-03,0.004297441962328001,1,0
M2,equal_frequency,2023-01-03,2023-01-04,0.006009436122441464,1,0
M2,equal_frequency,2023-01-04,2023-01-05,0.003879506082150511,1,0
M2,equal_frequency,2023-01-05,2023-01-06,0.0033805148933303167,1,0
M2,equal_frequency,2023-01-06,2023-01-09,0.0031121385226307217,1,0
M2,equal_frequency,2023-01-09,2023-01-10,0.007469173805450159,1,0
M2,equal_frequency,2023-01-10,2023-01-11,0.0056262657917512,1,0
M2,equal_frequency,2023-01-11,2023-01-12,0.014358266583113564,1,0
M2,equal_frequency,2023-01-12,2023-01-13,0.014186950127399551,1,0
M2,equal_frequency,2023-01-13,2023-01-17,0.020407968528844952,2,0
M2,equal_frequency,2023-01-17,2023-01-18,0.03924253362210407,3,0
M2,equal_frequency,2023-01-18,2023-01-19,0.05030417966375845,4,0
M2,equal_frequency,2023-01-19,2023-01-20,0.036833242720519736,3,0
M2,equal_frequency,2023-01-20,2023-01-23,0.02010948891274014,2,0
M2,equal_frequency,2023-01-23,2023-01-24,0.011655919053881343,1,0
M2,equal_frequency,2023-01-24,2023-01-25,0.013318360754844463,1,0
M2,equal_frequency,2023-01-25,2023-01-26,0.025447081913532572,2,0
M2,equal_frequency,2023-01-26,2023-01-27,0.03702740187776352,3,0
M2,equal_frequency,2023-01-27,2023-01-30,0.04303349674722385,4,0
M2,equal_frequency,2023-01-30,2023-01-31,0.04104925859775171,3,0
M2,equal_frequency,2023-01-31,2023-02-01,0.037223089650491384,3,0
M2,equal_frequency,2023-02-01,2023-02-02,0.023588305309285188,2,0
M2,equal_frequency,2023-02-02,2023-02-03,0.03718781093122473,3,0
M2,equal_frequency,2023-02-03,2023-02-06,0.029803901153468725,3,0
M2,equal_frequency,2023-02-06,2023-02-07,0.0406717263917119,3,0
M2,equal_frequency,2023-02-07,2023-02-08,0.04081420742993843,3,0
M2,equal_frequency,2023-02-08,2023-02-09,0.061204298425566114,4,0
M2,equal_frequency,2023-02-09,2023-02-10,0.06266268523620704,4,0
M2,equal_frequency,2023-02-10,2023-02-13,0.06774557043681141,5,0
M2,equal_frequency,2023-02-13,2023-02-14,0.09961571491977496,5,0
M2,equal_frequency,2023-02-14,2023-02-15,0.0601714370741275,4,0
M2,equal_frequency,2023-02-15,2023-02-16,0.032850289455876876,3,0
M2,equal_frequency,2023-02-16,2023-02-17,0.036749616477712736,3,0
M2,equal_frequency,2023-02-17,2023-02-21,0.04063438922858634,3,0
M2,equal_frequency,2023-02-21,2023-02-22,0.04192489726409174,3,0
M2,equal_frequency,2023-02-22,2023-02-23,0.028044798509826448,2,0
M2,equal_frequency,2023-02-23,2023-02-24,0.0146863252820776,1,0
M2,equal_frequency,2023-02-24,2023-02-27,0.014787154123821622,1,0
M2,equal_frequency,2023-02-27,2023-02-28,0.008591190300617934,1,0
M2,equal_frequency,2023-02-28,2023-03-01,0.0027078405736976605,1,0
M2,equal_frequency,2023-03-01,2023-03-02,0.005016568978013306,1,0
M2,equal_frequency,2023-03-02,2023-03-03,0.0032678097204205275,1,1
M2,equal_frequency,2023-03-03,2023-03-06,0.002755702807141891,1,1
M2,equal_frequency,2023-03-06,2023-03-07,0.0031915263768667913,1,1
M2,equal_frequency,2023-03-07,2023-03-08,0.0048805875098992205,1,1
M2,equal_frequency,2023-03-08,2023-03-09,0.0017874904060281528,1,0
M2,equal_frequency,2023-03-09,2023-03-10,0.01938323239606427,2,0
M2,equal_frequency,2023-03-10,2023-03-13,0.023422286750854105,2,0
M2,equal_frequency,2023-03-13,2023-03-14,0.032143750567973806,3,0
M2,equal_frequency,2023-03-14,2023-03-15,0.03921969336259478,3,0
M2,equal_frequency,2023-03-15,2023-03-16,0.03552805774935071,3,0
M2,equal_frequency,2023-03-16,2023-03-17,0.05436951608329138,4,0
M2,equal_frequency,2023-03-17,2023-03-20,0.05745053817825312,4,0
M2,equal_frequency,2023-03-20,2023-03-21,0.08180305008565256,5,0
M2,equal_frequency,2023-03-21,2023-03-22,0.0794711847329439,5,0
M2,equal_frequency,2023-03-22,2023-03-23,0.017800387162888585,2,0
M2,equal_frequency,2023-03-23,2023-03-24,0.05606540900068508,4,0
M2,equal_frequency,2023-03-24,2023-03-27,0.009348255622135069,1,0
M2,equal_frequency,2023-03-27,2023-03-28,0.023430010854717815,2,0
M2,equal_frequency,2023-03-28,2023-03-29,0.025939418184794703,2,0
M2,equal_frequency,2023-03-29,2023-03-30,0.0193152070967301,2,0
M2,equal_frequency,2023-03-30,2023-03-31,0.009299734508555878,1,0
M2,equal_frequency,2023-03-31,2023-04-03,0.047722594289977265,4,0
M2,equal_frequency,2023-04-03,2023-04-04,0.04110021965786377,3,0
M2,equal_frequency,2023-04-04,2023-04-05,0.05613577424453315,4,0
M2,equal_frequency,2023-04-05,2023-04-06,0.05332912891718912,4,0
M2,equal_frequency,2023-04-06,2023-04-10,0.050158559300434606,4,0
M2,equal_frequency,2023-04-10,2023-04-11,0.04524948661013016,4,0
M2,equal_frequency,2023-04-11,2023-04-12,0.03949640025257394,3,0
M2,equal_frequency,2023-04-12,2023-04-13,0.04824643582360729,4,0
M2,equal_frequency,2023-04-13,2023-04-14,0.05234973263704895,4,0
M2,equal_frequency,2023-04-14,2023-04-17,0.03977603256422557,3,0
M2,equal_frequency,2023-04-17,2023-04-18,0.048364226410523944,4,0
M2,equal_frequency,2023-04-18,2023-04-19,0.046226122993793535,4,0
M2,equal_frequency,2023-04-19,2023-04-20,0.058772033378828845,4,0
M2,equal_frequency,2023-04-20,2023-04-21,0.08269816056142522,5,0
M2,equal_frequency,2023-04-21,2023-04-24,0.05591974080033783,4,0
M2,equal_frequency,2023-04-24,2023-04-25,0.0551367578333701,4,0
M2,equal_frequency,2023-04-25,2023-04-26,0.05730827771243959,4,0
M2,equal_frequency,2023-04-26,2023-04-27,0.05046321958883877,4,0
M2,equal_frequency,2023-04-27,2023-04-28,0.01962881706099171,2,0
M2,equal_frequency,2023-04-28,2023-05-01,0.018318790969548714,2,0
M2,equal_frequency,2023-05-01,2023-05-02,0.022936805638328357,2,0
M2,equal_frequency,2023-05-02,2023-05-03,0.04866438009276902,4,0
M2,equal_frequency,2023-05-03,2023-05-04,0.04988197121107476,4,0
M2,equal_frequency,2023-05-04,2023-05-05,0.03036699887096966,3,0
M2,equal_frequency,2023-05-05,2023-05-08,0.015474122555079123,1,0
M2,equal_frequency,2023-05-08,2023-05-09,0.014220420671328888,1,0
M2,equal_frequency,2023-05-09,2023-05-10,0.024805708478742753,2,0
M2,equal_frequency,2023-05-10,2023-05-11,0.024515741705993518,2,0
M2,equal_frequency,2023-05-11,2023-05-12,0.03043043087742735,3,0
M2,equal_frequency,2023-05-12,2023-05-15,0.030806516752554497,3,0
M2,equal_frequency,2023-05-15,2023-05-16,0.040316081589030564,3,0
M2,equal_frequency,2023-05-16,2023-05-17,0.04867092553071902,4,0
M2,equal_frequency,2023-05-17,2023-05-18,0.054942336755136885,4,0
M2,equal_frequency,2023-05-18,2023-05-19,0.03974529675309019,3,0
M2,equal_frequency,2023-05-19,2023-05-22,0.06108121338014743,4,0
M2,equal_frequency,2023-05-22,2023-05-23,0.060030631969544654,4,0
M2,equal_frequency,2023-05-23,2023-05-24,0.06923156845774846,5,0
M2,equal_frequency,2023-05-24,2023-05-25,0.0450221706319179,4,0
M2,equal_frequency,2023-05-25,2023-05-26,0.04295184128216425,4,0
M2,equal_frequency,2023-05-26,2023-05-30,0.05553565879863785,4,0
M2,equal_frequency,2023-05-30,2023-05-31,0.051531030501266895,4,0
M2,equal_frequency,2023-05-31,2023-06-01,0.05088962875459618,4,0
M2,equal_frequency,2023-06-01,2023-06-02,0.006889135360927287,1,0
M2,equal_frequency,2023-06-02,2023-06-05,0.007347261287144247,1,0
M2,equal_frequency,2023-06-05,2023-06-06,0.010917450180741512,1,0
M2,equal_frequency,2023-06-06,2023-06-07,0.015732705233102107,1,0
M2,equal_frequency,2023-06-07,2023-06-08,0.013922480612150278,1,0
M2,equal_frequency,2023-06-08,2023-06-09,0.012365455888987874,1,0
M2,equal_frequency,2023-06-09,2023-06-12,0.016321940239623443,1,0
M2,equal_frequency,2023-06-12,2023-06-13,0.02846096957001268,3,0
M2,equal_frequency,2023-06-13,2023-06-14,0.026706465286184297,2,0
M2,equal_frequency,2023-06-14,2023-06-15,0.01861836634956428,2,0
M2,equal_frequency,2023-06-15,2023-06-16,0.026303218272393285,2,0
M2,equal_frequency,2023-06-16,2023-06-20,0.017797559421327963,2,0
M2,equal_frequency,2023-06-20,2023-06-21,0.017708913303103112,2,0
M2,equal_frequency,2023-06-21,2023-06-22,0.011532214420446083,1,0
M2,equal_frequency,2023-06-22,2023-06-23,0.011944902607767769,1,0
M2,equal_frequency,2023-06-23,2023-06-26,0.013716283592610649,1,0
M2,equal_frequency,2023-06-26,2023-06-27,0.01644657469565153,1,0
M2,equal_frequency,2023-06-27,2023-06-28,0.02060480211627933,2,0
M2,equal_frequency,2023-06-28,2023-06-29,0.02148888695324018,2,0
M2,equal_frequency,2023-06-29,2023-06-30,0.022316979841404908,2,0
M2,equal_frequency,2023-06-30,2023-07-03,0.01966001103375162,2,0
M2,equal_frequency,2023-07-03,2023-07-05,0.023342318966444765,2,0
M2,equal_frequency,2023-07-05,2023-07-06,0.046304501831374724,4,0
M2,equal_frequency,2023-07-06,2023-07-07,0.043031545195520035,4,0
M2,equal_frequency,2023-07-07,2023-07-10,0.03496574172507212,3,0
M2,equal_frequency,2023-07-10,2023-07-11,0.0356541594538834,3,0
M2,equal_frequency,2023-07-11,2023-07-12,0.03734090271645603,3,0
M2,equal_frequency,2023-07-12,2023-07-13,0.030444857033551702,3,0
M2,equal_frequency,2023-07-13,2023-07-14,0.05468389157132166,4,0
M2,equal_frequency,2023-07-14,2023-07-17,0.04541850281022877,4,0
M2,equal_frequency,2023-07-17,2023-07-18,0.04800724598602972,4,0
M2,equal_frequency,2023-07-18,2023-07-19,0.04930616161976026,4,0
M2,equal_frequency,2023-07-19,2023-07-20,0.07250006530980696,5,0
M2,equal_frequency,2023-07-20,2023-07-21,0.06326279361061053,4,0
M2,equal_frequency,2023-07-21,2023-07-24,0.05280160966515855,4,0
M2,equal_frequency,2023-07-24,2023-07-25,0.05589584163040409,4,0
M2,equal_frequency,2023-07-25,2023-07-26,0.05221206138709221,4,0
M2,equal_frequency,2023-07-26,2023-07-27,0.03212660328138007,3,0
M2,equal_frequency,2023-07-27,2023-07-28,0.0726580411945081,5,0
M2,equal_frequency,2023-07-28,2023-07-31,0.04383032105589545,4,0
M2,equal_frequency,2023-07-31,2023-08-01,0.03919793888497698,3,0
M2,equal_frequency,2023-08-01,2023-08-02,0.0507066543993704,4,0
M2,equal_frequency,2023-08-02,2023-08-03,0.030393265395645012,3,0
M2,equal_frequency,2023-08-03,2023-08-04,0.03735957687886599,3,0
M2,equal_frequency,2023-08-04,2023-08-07,0.032843561149268556,3,0
M2,equal_frequency,2023-08-07,2023-08-08,0.027146382357320396,2,0
M2,equal_frequency,2023-08-08,2023-08-09,0.027900945882532224,2,0
M2,equal_frequency,2023-08-09,2023-08-10,0.04262336983002849,4,0
M2,equal_frequency,2023-08-10,2023-08-11,0.055454104295920674,4,0
M2,equal_frequency,2023-08-11,2023-08-14,0.049751691103031626,4,0
M2,equal_frequency,2023-08-14,2023-08-15,0.05544114832804664,4,0
M2,equal_frequency,2023-08-15,2023-08-16,0.053315887023197395,4,0
M2,equal_frequency,2023-08-16,2023-08-17,0.04174600220239583,3,0
M2,equal_frequency,2023-08-17,2023-08-18,0.03619924181540452,3,0
M2,equal_frequency,2023-08-18,2023-08-21,0.034781953757820123,3,0
M2,equal_frequency,2023-08-21,2023-08-22,0.03473542844906481,3,0
M2,equal_frequency,2023-08-22,2023-08-23,0.03674088054439603,3,0
M2,equal_frequency,2023-08-23,2023-08-24,0.025182962235299106,2,0
M2,equal_frequency,2023-08-24,2023-08-25,0.02406844517110132,2,0
M2,equal_frequency,2023-08-25,2023-08-28,0.025221955950231183,2,0
M2,equal_frequency,2023-08-28,2023-08-29,0.0229227808289607,2,0
M2,equal_frequency,2023-08-29,2023-08-30,0.020800339332648715,2,0
M2,equal_frequency,2023-08-30,2023-08-31,0.02124183328469033,2,0
M2,equal_frequency,2023-08-31,2023-09-01,0.024090499753462207,2,0
M2,equal_frequency,2023-09-01,2023-09-05,0.03552883394920417,3,0
M2,equal_frequency,2023-09-05,2023-09-06,0.029875117200893014,3,0
M2,equal_frequency,2023-09-06,2023-09-07,0.025059909220141927,2,0
M2,equal_frequency,2023-09-07,2023-09-08,0.021418344796912007,2,0
M2,equal_frequency,2023-09-08,2023-09-11,0.021016007951216418,2,0
M2,equal_frequency,2023-09-11,2023-09-12,0.018657758290598563,2,0
M2,equal_frequency,2023-09-12,2023-09-13,0.024985758354256142,2,0
M2,equal_frequency,2023-09-13,2023-09-14,0.02712861992666912,2,0
M2,equal_frequency,2023-09-14,2023-09-15,0.0232397694272836,2,0
M2,equal_frequency,2023-09-15,2023-09-18,0.026304740424916047,2,0
M2,equal_frequency,2023-09-18,2023-09-19,0.03148318192812612,3,1
M2,equal_frequency,2023-09-19,2023-09-20,0.04091926436578771,3,0
M2,equal_frequency,2023-09-20,2023-09-21,0.029590217686674965,3,0
M2,equal_frequency,2023-09-21,2023-09-22,0.021129464227206674,2,0
M2,equal_frequency,2023-09-22,2023-09-25,0.024495096719618026,2,0
M2,equal_frequency,2023-09-25,2023-09-26,0.029342427734584363,3,0
M2,equal_frequency,2023-09-26,2023-09-27,0.027661020309339084,2,0
M2,equal_frequency,2023-09-27,2023-09-28,0.026127205603887274,2,0
M2,equal_frequency,2023-09-28,2023-09-29,0.048156433974037856,4,0
M2,equal_frequency,2023-09-29,2023-10-02,0.03854356114056371,3,0
M2,equal_frequency,2023-10-02,2023-10-03,0.031866363418381435,3,0
M2,equal_frequency,2023-10-03,2023-10-04,0.03772951289661163,3,0
M2,equal_frequency,2023-10-04,2023-10-05,0.03519376153008362,3,0
M2,equal_frequency,2023-10-05,2023-10-06,0.03347595589151736,3,0
M2,equal_frequency,2023-10-06,2023-10-09,0.03363474553482669,3,0
M2,equal_frequency,2023-10-09,2023-10-10,0.03860964258814178,3,0
M2,equal_frequency,2023-10-10,2023-10-11,0.022187844573004316,2,0
M2,equal_frequency,2023-10-11,2023-10-12,0.049664172002950396,4,0
M2,equal_frequency,2023-10-12,2023-10-13,0.05510862059490429,4,0
M2,equal_frequency,2023-10-13,2023-10-16,0.05476841788905859,4,0
M2,equal_frequency,2023-10-16,2023-10-17,0.05424222072884095,4,0
M2,equal_frequency,2023-10-17,2023-10-18,0.054298558229537025,4,0
M2,equal_frequency,2023-10-18,2023-10-19,0.03332154724654109,3,0
M2,equal_frequency,2023-10-19,2023-10-20,0.04754723815703871,4,0
M2,equal_frequency,2023-10-20,2023-10-23,0.04217918649006946,4,0
M2,equal_frequency,2023-10-23,2023-10-24,0.028344902092492012,2,0
M2,equal_frequency,2023-10-24,2023-10-25,0.02471812100694977,2,0
M2,equal_frequency,2023-10-25,2023-10-26,0.027354711481105812,2,0
M2,equal_frequency,2023-10-26,2023-10-27,0.01497011445973444,1,0
M2,equal_frequency,2023-10-27,2023-10-30,0.01860628101890247,2,0
M2,equal_frequency,2023-10-30,2023-10-31,0.015028457484852311,1,0
M2,equal_frequency,2023-10-31,2023-11-01,0.012289509691526208,1,0
M2,equal_frequency,2023-11-01,2023-11-02,0.00528098685736944,1,0
M2,equal_frequency,2023-11-02,2023-11-03,0.004149798101940771,1,0
M2,equal_frequency,2023-11-03,2023-11-06,0.0026482800889809435,1,0
M2,equal_frequency,2023-11-06,2023-11-07,0.010423437868106018,1,0
M2,equal_frequency,2023-11-07,2023-11-08,0.021135683664182683,2,0
M2,equal_frequency,2023-11-08,2023-11-09,0.01948291702090286,2,0
M2,equal_frequency,2023-11-09,2023-11-10,0.018552691838662344,2,0
M2,equal_frequency,2023-11-10,2023-11-13,0.014289330661182556,1,0
M2,equal_frequency,2023-11-13,2023-11-14,0.021916816972110904,2,0
M2,equal_frequency,2023-11-14,2023-11-15,0.024065226796478847,2,0
M2,equal_frequency,2023-11-15,2023-11-16,0.04552239702994074,4,0
M2,equal_frequency,2023-11-16,2023-11-17,0.05269557808590435,4,0
M2,equal_frequency,2023-11-17,2023-11-20,0.0477994265171356,4,0
M2,equal_frequency,2023-11-20,2023-11-21,0.03997079689346386,3,0
M2,equal_frequency,2023-11-21,2023-11-22,0.03179894021946479,3,0
M2,equal_frequency,2023-11-22,2023-11-24,0.03471902625479076,3,0
M2,equal_frequency,2023-11-24,2023-11-27,0.018974324970646883,2,0
M2,equal_frequency,2023-11-27,2023-11-28,0.009728828170697213,1,0
M2,equal_frequency,2023-11-28,2023-11-29,0.008701175516243016,1,0
M2,equal_frequency,2023-11-29,2023-11-30,0.011657468478622817,1,0
M2,equal_frequency,2023-11-30,2023-12-01,0.011340723262137439,1,0
M2,equal_frequency,2023-12-01,2023-12-04,0.01131683043444023,1,0
M2,equal_frequency,2023-12-04,2023-12-05,0.020411032102159252,2,0
M2,equal_frequency,2023-12-05,2023-12-06,0.020545906246350793,2,0
M2,equal_frequency,2023-12-06,2023-12-07,0.024107518399632894,2,0
M2,equal_frequency,2023-12-07,2023-12-08,0.02568345935743448,2,0
M2,equal_frequency,2023-12-08,2023-12-11,0.014782825521922283,1,0
M2,equal_frequency,2023-12-11,2023-12-12,0.019025828178112627,2,0
M2,equal_frequency,2023-12-12,2023-12-13,0.019171510056164853,2,0
M2,equal_frequency,2023-12-13,2023-12-14,0.018795184048464086,2,0
M2,equal_frequency,2023-12-14,2023-12-15,0.05362179811881906,4,0
M2,equal_frequency,2023-12-15,2023-12-18,0.02249992403117613,2,0
M2,equal_frequency,2023-12-18,2023-12-19,0.030122014119516448,3,0
M2,equal_frequency,2023-12-19,2023-12-20,0.021322398595519668,2,0
M2,equal_frequency,2023-12-20,2023-12-21,0.03634106892160512,3,0
